{
  "id" : "78027a60-31da-11e8-9c9d-6505f4419106-1",
  "name" : "review_0056.json",
  "createdDate" : 0,
  "version" : 3,
  "text" : "Great service, great product, our dogs LOVE them!  Great for their teeth, and it keeps them from eating grass if they have one first thing in the morning!",
  "docLength" : 0,
  "language" : "EN",
  "status" : "SUBMITTED",
  "modifiedDate" : 1522169538494,
  "documentSet" : [ ],
  "preannotation" : [ ],
  "sentences" : [ {
    "id" : "s0",
    "begin" : 0,
    "end" : 49,
    "text" : "Great service, great product, our dogs LOVE them!",
    "tokens" : [ {
      "id" : "s0-t0",
      "begin" : 0,
      "end" : 5,
      "text" : "Great",
      "whiteSpace" : false
    }, {
      "id" : "s0-t1",
      "begin" : 6,
      "end" : 13,
      "text" : "service",
      "whiteSpace" : false
    }, {
      "id" : "s0-t2",
      "begin" : 13,
      "end" : 14,
      "text" : ",",
      "whiteSpace" : false
    }, {
      "id" : "s0-t3",
      "begin" : 15,
      "end" : 20,
      "text" : "great",
      "whiteSpace" : false
    }, {
      "id" : "s0-t4",
      "begin" : 21,
      "end" : 28,
      "text" : "product",
      "whiteSpace" : false
    }, {
      "id" : "s0-t5",
      "begin" : 28,
      "end" : 29,
      "text" : ",",
      "whiteSpace" : false
    }, {
      "id" : "s0-t6",
      "begin" : 30,
      "end" : 33,
      "text" : "our",
      "whiteSpace" : false
    }, {
      "id" : "s0-t7",
      "begin" : 34,
      "end" : 38,
      "text" : "dogs",
      "whiteSpace" : false
    }, {
      "id" : "s0-t8",
      "begin" : 39,
      "end" : 43,
      "text" : "LOVE",
      "whiteSpace" : false
    }, {
      "id" : "s0-t9",
      "begin" : 44,
      "end" : 48,
      "text" : "them",
      "whiteSpace" : false
    }, {
      "id" : "s0-t10",
      "begin" : 48,
      "end" : 49,
      "text" : "!",
      "whiteSpace" : false
    } ]
  }, {
    "id" : "s1",
    "begin" : 51,
    "end" : 154,
    "text" : "Great for their teeth, and it keeps them from eating grass if they have one first thing in the morning!",
    "tokens" : [ {
      "id" : "s1-t0",
      "begin" : 51,
      "end" : 56,
      "text" : "Great",
      "whiteSpace" : false
    }, {
      "id" : "s1-t1",
      "begin" : 57,
      "end" : 60,
      "text" : "for",
      "whiteSpace" : false
    }, {
      "id" : "s1-t2",
      "begin" : 61,
      "end" : 66,
      "text" : "their",
      "whiteSpace" : false
    }, {
      "id" : "s1-t3",
      "begin" : 67,
      "end" : 72,
      "text" : "teeth",
      "whiteSpace" : false
    }, {
      "id" : "s1-t4",
      "begin" : 72,
      "end" : 73,
      "text" : ",",
      "whiteSpace" : false
    }, {
      "id" : "s1-t5",
      "begin" : 74,
      "end" : 77,
      "text" : "and",
      "whiteSpace" : false
    }, {
      "id" : "s1-t6",
      "begin" : 78,
      "end" : 80,
      "text" : "it",
      "whiteSpace" : false
    }, {
      "id" : "s1-t7",
      "begin" : 81,
      "end" : 86,
      "text" : "keeps",
      "whiteSpace" : false
    }, {
      "id" : "s1-t8",
      "begin" : 87,
      "end" : 91,
      "text" : "them",
      "whiteSpace" : false
    }, {
      "id" : "s1-t9",
      "begin" : 92,
      "end" : 96,
      "text" : "from",
      "whiteSpace" : false
    }, {
      "id" : "s1-t10",
      "begin" : 97,
      "end" : 103,
      "text" : "eating",
      "whiteSpace" : false
    }, {
      "id" : "s1-t11",
      "begin" : 104,
      "end" : 109,
      "text" : "grass",
      "whiteSpace" : false
    }, {
      "id" : "s1-t12",
      "begin" : 110,
      "end" : 112,
      "text" : "if",
      "whiteSpace" : false
    }, {
      "id" : "s1-t13",
      "begin" : 113,
      "end" : 117,
      "text" : "they",
      "whiteSpace" : false
    }, {
      "id" : "s1-t14",
      "begin" : 118,
      "end" : 122,
      "text" : "have",
      "whiteSpace" : false
    }, {
      "id" : "s1-t15",
      "begin" : 123,
      "end" : 126,
      "text" : "one",
      "whiteSpace" : false
    }, {
      "id" : "s1-t16",
      "begin" : 127,
      "end" : 132,
      "text" : "first",
      "whiteSpace" : false
    }, {
      "id" : "s1-t17",
      "begin" : 133,
      "end" : 138,
      "text" : "thing",
      "whiteSpace" : false
    }, {
      "id" : "s1-t18",
      "begin" : 139,
      "end" : 141,
      "text" : "in",
      "whiteSpace" : false
    }, {
      "id" : "s1-t19",
      "begin" : 142,
      "end" : 145,
      "text" : "the",
      "whiteSpace" : false
    }, {
      "id" : "s1-t20",
      "begin" : 146,
      "end" : 153,
      "text" : "morning",
      "whiteSpace" : false
    }, {
      "id" : "s1-t21",
      "begin" : 153,
      "end" : 154,
      "text" : "!",
      "whiteSpace" : false
    } ]
  } ],
  "mentions" : [ {
    "id" : "s0-m1",
    "properties" : {
      "SIRE_MENTION_ROLE" : "Product",
      "SIRE_ENTITY_SUBTYPE" : "NONE",
      "SIRE_MENTION_TYPE" : "NONE",
      "SIRE_MENTION_CLASS" : "SPC"
    },
    "type" : "Product",
    "begin" : 21,
    "end" : 28,
    "inCoref" : true
  }, {
    "id" : "s0-m2",
    "properties" : {
      "SIRE_MENTION_ROLE" : "Product",
      "SIRE_ENTITY_SUBTYPE" : "NONE",
      "SIRE_MENTION_TYPE" : "NONE",
      "SIRE_MENTION_CLASS" : "SPC"
    },
    "type" : "Product",
    "begin" : 44,
    "end" : 48,
    "inCoref" : true
  }, {
    "id" : "s1-m1",
    "properties" : {
      "SIRE_MENTION_ROLE" : "Product",
      "SIRE_ENTITY_SUBTYPE" : "NONE",
      "SIRE_MENTION_TYPE" : "NONE",
      "SIRE_MENTION_CLASS" : "SPC"
    },
    "type" : "Product",
    "begin" : 78,
    "end" : 80,
    "inCoref" : true
  }, {
    "id" : "s1-m2",
    "properties" : {
      "SIRE_MENTION_ROLE" : "Product",
      "SIRE_ENTITY_SUBTYPE" : "NONE",
      "SIRE_MENTION_TYPE" : "NONE",
      "SIRE_MENTION_CLASS" : "SPC"
    },
    "type" : "Product",
    "begin" : 123,
    "end" : 126,
    "inCoref" : true
  } ],
  "relations" : [ ],
  "corefs" : [ {
    "id" : "c1",
    "properties" : { },
    "mentions" : [ "s0-m1", "s0-m2", "s1-m1", "s1-m2" ]
  } ],
  "typeResolved" : true,
  "userResolved" : false
}