{
  "id" : "78027a60-31da-11e8-9c9d-6505f4419106-2",
  "name" : "review_0114.json",
  "createdDate" : 0,
  "version" : 3,
  "text" : "I am from Jamaica, and I had coconuts straight from the trees and this does not taste natural at all, as a matter of fact this is the worst tasting coconut water I have ever tasted.  I was very disappointed, Zico does not come close. I have to give VITA COCO FIVE STAR and this None.",
  "docLength" : 0,
  "language" : "EN",
  "status" : "SUBMITTED",
  "modifiedDate" : 1522182452094,
  "documentSet" : [ ],
  "preannotation" : [ ],
  "sentences" : [ {
    "id" : "s0",
    "begin" : 0,
    "end" : 181,
    "text" : "I am from Jamaica, and I had coconuts straight from the trees and this does not taste natural at all, as a matter of fact this is the worst tasting coconut water I have ever tasted.",
    "tokens" : [ {
      "id" : "s0-t0",
      "begin" : 0,
      "end" : 1,
      "text" : "I",
      "whiteSpace" : false
    }, {
      "id" : "s0-t1",
      "begin" : 2,
      "end" : 4,
      "text" : "am",
      "whiteSpace" : false
    }, {
      "id" : "s0-t2",
      "begin" : 5,
      "end" : 9,
      "text" : "from",
      "whiteSpace" : false
    }, {
      "id" : "s0-t3",
      "begin" : 10,
      "end" : 17,
      "text" : "Jamaica",
      "whiteSpace" : false
    }, {
      "id" : "s0-t4",
      "begin" : 17,
      "end" : 18,
      "text" : ",",
      "whiteSpace" : false
    }, {
      "id" : "s0-t5",
      "begin" : 19,
      "end" : 22,
      "text" : "and",
      "whiteSpace" : false
    }, {
      "id" : "s0-t6",
      "begin" : 23,
      "end" : 24,
      "text" : "I",
      "whiteSpace" : false
    }, {
      "id" : "s0-t7",
      "begin" : 25,
      "end" : 28,
      "text" : "had",
      "whiteSpace" : false
    }, {
      "id" : "s0-t8",
      "begin" : 29,
      "end" : 37,
      "text" : "coconuts",
      "whiteSpace" : false
    }, {
      "id" : "s0-t9",
      "begin" : 38,
      "end" : 46,
      "text" : "straight",
      "whiteSpace" : false
    }, {
      "id" : "s0-t10",
      "begin" : 47,
      "end" : 51,
      "text" : "from",
      "whiteSpace" : false
    }, {
      "id" : "s0-t11",
      "begin" : 52,
      "end" : 55,
      "text" : "the",
      "whiteSpace" : false
    }, {
      "id" : "s0-t12",
      "begin" : 56,
      "end" : 61,
      "text" : "trees",
      "whiteSpace" : false
    }, {
      "id" : "s0-t13",
      "begin" : 62,
      "end" : 65,
      "text" : "and",
      "whiteSpace" : false
    }, {
      "id" : "s0-t14",
      "begin" : 66,
      "end" : 70,
      "text" : "this",
      "whiteSpace" : false
    }, {
      "id" : "s0-t15",
      "begin" : 71,
      "end" : 75,
      "text" : "does",
      "whiteSpace" : false
    }, {
      "id" : "s0-t16",
      "begin" : 76,
      "end" : 79,
      "text" : "not",
      "whiteSpace" : false
    }, {
      "id" : "s0-t17",
      "begin" : 80,
      "end" : 85,
      "text" : "taste",
      "whiteSpace" : false
    }, {
      "id" : "s0-t18",
      "begin" : 86,
      "end" : 93,
      "text" : "natural",
      "whiteSpace" : false
    }, {
      "id" : "s0-t19",
      "begin" : 94,
      "end" : 96,
      "text" : "at",
      "whiteSpace" : false
    }, {
      "id" : "s0-t20",
      "begin" : 97,
      "end" : 100,
      "text" : "all",
      "whiteSpace" : false
    }, {
      "id" : "s0-t21",
      "begin" : 100,
      "end" : 101,
      "text" : ",",
      "whiteSpace" : false
    }, {
      "id" : "s0-t22",
      "begin" : 102,
      "end" : 104,
      "text" : "as",
      "whiteSpace" : false
    }, {
      "id" : "s0-t23",
      "begin" : 105,
      "end" : 106,
      "text" : "a",
      "whiteSpace" : false
    }, {
      "id" : "s0-t24",
      "begin" : 107,
      "end" : 113,
      "text" : "matter",
      "whiteSpace" : false
    }, {
      "id" : "s0-t25",
      "begin" : 114,
      "end" : 116,
      "text" : "of",
      "whiteSpace" : false
    }, {
      "id" : "s0-t26",
      "begin" : 117,
      "end" : 121,
      "text" : "fact",
      "whiteSpace" : false
    }, {
      "id" : "s0-t27",
      "begin" : 122,
      "end" : 126,
      "text" : "this",
      "whiteSpace" : false
    }, {
      "id" : "s0-t28",
      "begin" : 127,
      "end" : 129,
      "text" : "is",
      "whiteSpace" : false
    }, {
      "id" : "s0-t29",
      "begin" : 130,
      "end" : 133,
      "text" : "the",
      "whiteSpace" : false
    }, {
      "id" : "s0-t30",
      "begin" : 134,
      "end" : 139,
      "text" : "worst",
      "whiteSpace" : false
    }, {
      "id" : "s0-t31",
      "begin" : 140,
      "end" : 147,
      "text" : "tasting",
      "whiteSpace" : false
    }, {
      "id" : "s0-t32",
      "begin" : 148,
      "end" : 155,
      "text" : "coconut",
      "whiteSpace" : false
    }, {
      "id" : "s0-t33",
      "begin" : 156,
      "end" : 161,
      "text" : "water",
      "whiteSpace" : false
    }, {
      "id" : "s0-t34",
      "begin" : 162,
      "end" : 163,
      "text" : "I",
      "whiteSpace" : false
    }, {
      "id" : "s0-t35",
      "begin" : 164,
      "end" : 168,
      "text" : "have",
      "whiteSpace" : false
    }, {
      "id" : "s0-t36",
      "begin" : 169,
      "end" : 173,
      "text" : "ever",
      "whiteSpace" : false
    }, {
      "id" : "s0-t37",
      "begin" : 174,
      "end" : 180,
      "text" : "tasted",
      "whiteSpace" : false
    }, {
      "id" : "s0-t38",
      "begin" : 180,
      "end" : 181,
      "text" : ".",
      "whiteSpace" : false
    } ]
  }, {
    "id" : "s1",
    "begin" : 183,
    "end" : 233,
    "text" : "I was very disappointed, Zico does not come close.",
    "tokens" : [ {
      "id" : "s1-t0",
      "begin" : 183,
      "end" : 184,
      "text" : "I",
      "whiteSpace" : false
    }, {
      "id" : "s1-t1",
      "begin" : 185,
      "end" : 188,
      "text" : "was",
      "whiteSpace" : false
    }, {
      "id" : "s1-t2",
      "begin" : 189,
      "end" : 193,
      "text" : "very",
      "whiteSpace" : false
    }, {
      "id" : "s1-t3",
      "begin" : 194,
      "end" : 206,
      "text" : "disappointed",
      "whiteSpace" : false
    }, {
      "id" : "s1-t4",
      "begin" : 206,
      "end" : 207,
      "text" : ",",
      "whiteSpace" : false
    }, {
      "id" : "s1-t5",
      "begin" : 208,
      "end" : 212,
      "text" : "Zico",
      "whiteSpace" : false
    }, {
      "id" : "s1-t6",
      "begin" : 213,
      "end" : 217,
      "text" : "does",
      "whiteSpace" : false
    }, {
      "id" : "s1-t7",
      "begin" : 218,
      "end" : 221,
      "text" : "not",
      "whiteSpace" : false
    }, {
      "id" : "s1-t8",
      "begin" : 222,
      "end" : 226,
      "text" : "come",
      "whiteSpace" : false
    }, {
      "id" : "s1-t9",
      "begin" : 227,
      "end" : 232,
      "text" : "close",
      "whiteSpace" : false
    }, {
      "id" : "s1-t10",
      "begin" : 232,
      "end" : 233,
      "text" : ".",
      "whiteSpace" : false
    } ]
  }, {
    "id" : "s2",
    "begin" : 234,
    "end" : 283,
    "text" : "I have to give VITA COCO FIVE STAR and this None.",
    "tokens" : [ {
      "id" : "s2-t0",
      "begin" : 234,
      "end" : 235,
      "text" : "I",
      "whiteSpace" : false
    }, {
      "id" : "s2-t1",
      "begin" : 236,
      "end" : 240,
      "text" : "have",
      "whiteSpace" : false
    }, {
      "id" : "s2-t2",
      "begin" : 241,
      "end" : 243,
      "text" : "to",
      "whiteSpace" : false
    }, {
      "id" : "s2-t3",
      "begin" : 244,
      "end" : 248,
      "text" : "give",
      "whiteSpace" : false
    }, {
      "id" : "s2-t4",
      "begin" : 249,
      "end" : 253,
      "text" : "VITA",
      "whiteSpace" : false
    }, {
      "id" : "s2-t5",
      "begin" : 254,
      "end" : 258,
      "text" : "COCO",
      "whiteSpace" : false
    }, {
      "id" : "s2-t6",
      "begin" : 259,
      "end" : 263,
      "text" : "FIVE",
      "whiteSpace" : false
    }, {
      "id" : "s2-t7",
      "begin" : 264,
      "end" : 268,
      "text" : "STAR",
      "whiteSpace" : false
    }, {
      "id" : "s2-t8",
      "begin" : 269,
      "end" : 272,
      "text" : "and",
      "whiteSpace" : false
    }, {
      "id" : "s2-t9",
      "begin" : 273,
      "end" : 277,
      "text" : "this",
      "whiteSpace" : false
    }, {
      "id" : "s2-t10",
      "begin" : 278,
      "end" : 282,
      "text" : "None",
      "whiteSpace" : false
    }, {
      "id" : "s2-t11",
      "begin" : 282,
      "end" : 283,
      "text" : ".",
      "whiteSpace" : false
    } ]
  } ],
  "mentions" : [ {
    "id" : "s0-m1",
    "properties" : {
      "SIRE_MENTION_ROLE" : "Product",
      "SIRE_ENTITY_SUBTYPE" : "NONE",
      "SIRE_MENTION_TYPE" : "NONE",
      "SIRE_MENTION_CLASS" : "SPC"
    },
    "type" : "Product",
    "begin" : 66,
    "end" : 70,
    "inCoref" : true
  }, {
    "id" : "s0-m3",
    "properties" : {
      "SIRE_MENTION_ROLE" : "Product",
      "SIRE_ENTITY_SUBTYPE" : "NONE",
      "SIRE_MENTION_TYPE" : "NONE",
      "SIRE_MENTION_CLASS" : "SPC"
    },
    "type" : "Product",
    "begin" : 122,
    "end" : 126,
    "inCoref" : true
  }, {
    "id" : "s0-m2",
    "properties" : {
      "SIRE_MENTION_ROLE" : "Product",
      "SIRE_ENTITY_SUBTYPE" : "NONE",
      "SIRE_MENTION_TYPE" : "NONE",
      "SIRE_MENTION_CLASS" : "SPC"
    },
    "type" : "Product",
    "begin" : 148,
    "end" : 161,
    "inCoref" : true
  }, {
    "id" : "s1-m1",
    "properties" : {
      "SIRE_MENTION_ROLE" : "Brand",
      "SIRE_ENTITY_SUBTYPE" : "NONE",
      "SIRE_MENTION_TYPE" : "NONE",
      "SIRE_MENTION_CLASS" : "SPC"
    },
    "type" : "Brand",
    "begin" : 208,
    "end" : 212,
    "inCoref" : true
  }, {
    "id" : "s2-m1",
    "properties" : {
      "SIRE_MENTION_ROLE" : "Brand",
      "SIRE_ENTITY_SUBTYPE" : "NONE",
      "SIRE_MENTION_TYPE" : "NONE",
      "SIRE_MENTION_CLASS" : "SPC"
    },
    "type" : "Brand",
    "begin" : 249,
    "end" : 258,
    "inCoref" : false
  }, {
    "id" : "s2-m2",
    "properties" : {
      "SIRE_MENTION_ROLE" : "Brand",
      "SIRE_ENTITY_SUBTYPE" : "NONE",
      "SIRE_MENTION_TYPE" : "NONE",
      "SIRE_MENTION_CLASS" : "SPC"
    },
    "type" : "Brand",
    "begin" : 273,
    "end" : 277,
    "inCoref" : true
  } ],
  "relations" : [ ],
  "corefs" : [ {
    "id" : "c1",
    "properties" : { },
    "mentions" : [ "s0-m1", "s0-m3", "s0-m2" ]
  }, {
    "id" : "c2",
    "properties" : { },
    "mentions" : [ "s1-m1", "s2-m2" ]
  } ],
  "typeResolved" : true,
  "userResolved" : false
}