{
  "id" : "78027a60-31da-11e8-9c9d-6505f4419106-27",
  "name" : "review_1848.json",
  "createdDate" : 0,
  "version" : 3,
  "text" : "Hey!!  these things taste good. At first I thought they would be like Pringles,\" which I don't care for \" but they are not. Hard to explain since I don't know what to compare them too. I guess I would call them light and fluffy and yet nice and crisp with a great natural flavor.<br /><br /> These have taken some of the guilt out of eating this type of snack for me. I love potato chips but they are loaded with lots of unhealthy things. I'm not saying these are healthy, just a lot less unhealthy than chips.<br /><br /> For starters these are all natural with very little fat and fairly low in carbs for a food of this type. My sugar is high but I feel comfortable eating these in moderation since the carbs are lower than chips.<br /><br />  I originally bought the variety pack so I could try them all, and I liked them all although somewhat partial to the Cheddar. It's just a matter of what mood I am in as to which one I'll choose.<br /> Unfortunately they are a bit pricy if you don't get them on sale. I just wish these came in a larger bag as opposed to the individual servings which are always more expensive.<br /><br /> Everyone has a different idea of good, so this is something you are going to have to try for yourself to decide.",
  "docLength" : 0,
  "language" : "EN",
  "status" : "SUBMITTED",
  "modifiedDate" : 1522184260824,
  "documentSet" : [ ],
  "preannotation" : [ ],
  "sentences" : [ {
    "id" : "s0",
    "begin" : 0,
    "end" : 4,
    "text" : "Hey!",
    "tokens" : [ {
      "id" : "s0-t0",
      "begin" : 0,
      "end" : 3,
      "text" : "Hey",
      "whiteSpace" : false
    }, {
      "id" : "s0-t1",
      "begin" : 3,
      "end" : 4,
      "text" : "!",
      "whiteSpace" : false
    } ]
  }, {
    "id" : "s1",
    "begin" : 4,
    "end" : 31,
    "text" : "!  these things taste good.",
    "tokens" : [ {
      "id" : "s1-t0",
      "begin" : 4,
      "end" : 5,
      "text" : "!",
      "whiteSpace" : false
    }, {
      "id" : "s1-t1",
      "begin" : 7,
      "end" : 12,
      "text" : "these",
      "whiteSpace" : false
    }, {
      "id" : "s1-t2",
      "begin" : 13,
      "end" : 19,
      "text" : "things",
      "whiteSpace" : false
    }, {
      "id" : "s1-t3",
      "begin" : 20,
      "end" : 25,
      "text" : "taste",
      "whiteSpace" : false
    }, {
      "id" : "s1-t4",
      "begin" : 26,
      "end" : 30,
      "text" : "good",
      "whiteSpace" : false
    }, {
      "id" : "s1-t5",
      "begin" : 30,
      "end" : 31,
      "text" : ".",
      "whiteSpace" : false
    } ]
  }, {
    "id" : "s2",
    "begin" : 32,
    "end" : 123,
    "text" : "At first I thought they would be like Pringles,\" which I don't care for \" but they are not.",
    "tokens" : [ {
      "id" : "s2-t0",
      "begin" : 32,
      "end" : 34,
      "text" : "At",
      "whiteSpace" : false
    }, {
      "id" : "s2-t1",
      "begin" : 35,
      "end" : 40,
      "text" : "first",
      "whiteSpace" : false
    }, {
      "id" : "s2-t2",
      "begin" : 41,
      "end" : 42,
      "text" : "I",
      "whiteSpace" : false
    }, {
      "id" : "s2-t3",
      "begin" : 43,
      "end" : 50,
      "text" : "thought",
      "whiteSpace" : false
    }, {
      "id" : "s2-t4",
      "begin" : 51,
      "end" : 55,
      "text" : "they",
      "whiteSpace" : false
    }, {
      "id" : "s2-t5",
      "begin" : 56,
      "end" : 61,
      "text" : "would",
      "whiteSpace" : false
    }, {
      "id" : "s2-t6",
      "begin" : 62,
      "end" : 64,
      "text" : "be",
      "whiteSpace" : false
    }, {
      "id" : "s2-t7",
      "begin" : 65,
      "end" : 69,
      "text" : "like",
      "whiteSpace" : false
    }, {
      "id" : "s2-t8",
      "begin" : 70,
      "end" : 78,
      "text" : "Pringles",
      "whiteSpace" : false
    }, {
      "id" : "s2-t9",
      "begin" : 78,
      "end" : 79,
      "text" : ",",
      "whiteSpace" : false
    }, {
      "id" : "s2-t10",
      "begin" : 79,
      "end" : 80,
      "text" : "\"",
      "whiteSpace" : false
    }, {
      "id" : "s2-t11",
      "begin" : 81,
      "end" : 86,
      "text" : "which",
      "whiteSpace" : false
    }, {
      "id" : "s2-t12",
      "begin" : 87,
      "end" : 88,
      "text" : "I",
      "whiteSpace" : false
    }, {
      "id" : "s2-t13",
      "begin" : 89,
      "end" : 91,
      "text" : "do",
      "whiteSpace" : false
    }, {
      "id" : "s2-t14",
      "begin" : 91,
      "end" : 94,
      "text" : "n't",
      "whiteSpace" : false
    }, {
      "id" : "s2-t15",
      "begin" : 95,
      "end" : 99,
      "text" : "care",
      "whiteSpace" : false
    }, {
      "id" : "s2-t16",
      "begin" : 100,
      "end" : 103,
      "text" : "for",
      "whiteSpace" : false
    }, {
      "id" : "s2-t17",
      "begin" : 104,
      "end" : 105,
      "text" : "\"",
      "whiteSpace" : false
    }, {
      "id" : "s2-t18",
      "begin" : 106,
      "end" : 109,
      "text" : "but",
      "whiteSpace" : false
    }, {
      "id" : "s2-t19",
      "begin" : 110,
      "end" : 114,
      "text" : "they",
      "whiteSpace" : false
    }, {
      "id" : "s2-t20",
      "begin" : 115,
      "end" : 118,
      "text" : "are",
      "whiteSpace" : false
    }, {
      "id" : "s2-t21",
      "begin" : 119,
      "end" : 122,
      "text" : "not",
      "whiteSpace" : false
    }, {
      "id" : "s2-t22",
      "begin" : 122,
      "end" : 123,
      "text" : ".",
      "whiteSpace" : false
    } ]
  }, {
    "id" : "s3",
    "begin" : 124,
    "end" : 184,
    "text" : "Hard to explain since I don't know what to compare them too.",
    "tokens" : [ {
      "id" : "s3-t0",
      "begin" : 124,
      "end" : 128,
      "text" : "Hard",
      "whiteSpace" : false
    }, {
      "id" : "s3-t1",
      "begin" : 129,
      "end" : 131,
      "text" : "to",
      "whiteSpace" : false
    }, {
      "id" : "s3-t2",
      "begin" : 132,
      "end" : 139,
      "text" : "explain",
      "whiteSpace" : false
    }, {
      "id" : "s3-t3",
      "begin" : 140,
      "end" : 145,
      "text" : "since",
      "whiteSpace" : false
    }, {
      "id" : "s3-t4",
      "begin" : 146,
      "end" : 147,
      "text" : "I",
      "whiteSpace" : false
    }, {
      "id" : "s3-t5",
      "begin" : 148,
      "end" : 150,
      "text" : "do",
      "whiteSpace" : false
    }, {
      "id" : "s3-t6",
      "begin" : 150,
      "end" : 153,
      "text" : "n't",
      "whiteSpace" : false
    }, {
      "id" : "s3-t7",
      "begin" : 154,
      "end" : 158,
      "text" : "know",
      "whiteSpace" : false
    }, {
      "id" : "s3-t8",
      "begin" : 159,
      "end" : 163,
      "text" : "what",
      "whiteSpace" : false
    }, {
      "id" : "s3-t9",
      "begin" : 164,
      "end" : 166,
      "text" : "to",
      "whiteSpace" : false
    }, {
      "id" : "s3-t10",
      "begin" : 167,
      "end" : 174,
      "text" : "compare",
      "whiteSpace" : false
    }, {
      "id" : "s3-t11",
      "begin" : 175,
      "end" : 179,
      "text" : "them",
      "whiteSpace" : false
    }, {
      "id" : "s3-t12",
      "begin" : 180,
      "end" : 183,
      "text" : "too",
      "whiteSpace" : false
    }, {
      "id" : "s3-t13",
      "begin" : 183,
      "end" : 184,
      "text" : ".",
      "whiteSpace" : false
    } ]
  }, {
    "id" : "s4",
    "begin" : 185,
    "end" : 279,
    "text" : "I guess I would call them light and fluffy and yet nice and crisp with a great natural flavor.",
    "tokens" : [ {
      "id" : "s4-t0",
      "begin" : 185,
      "end" : 186,
      "text" : "I",
      "whiteSpace" : false
    }, {
      "id" : "s4-t1",
      "begin" : 187,
      "end" : 192,
      "text" : "guess",
      "whiteSpace" : false
    }, {
      "id" : "s4-t2",
      "begin" : 193,
      "end" : 194,
      "text" : "I",
      "whiteSpace" : false
    }, {
      "id" : "s4-t3",
      "begin" : 195,
      "end" : 200,
      "text" : "would",
      "whiteSpace" : false
    }, {
      "id" : "s4-t4",
      "begin" : 201,
      "end" : 205,
      "text" : "call",
      "whiteSpace" : false
    }, {
      "id" : "s4-t5",
      "begin" : 206,
      "end" : 210,
      "text" : "them",
      "whiteSpace" : false
    }, {
      "id" : "s4-t6",
      "begin" : 211,
      "end" : 216,
      "text" : "light",
      "whiteSpace" : false
    }, {
      "id" : "s4-t7",
      "begin" : 217,
      "end" : 220,
      "text" : "and",
      "whiteSpace" : false
    }, {
      "id" : "s4-t8",
      "begin" : 221,
      "end" : 227,
      "text" : "fluffy",
      "whiteSpace" : false
    }, {
      "id" : "s4-t9",
      "begin" : 228,
      "end" : 231,
      "text" : "and",
      "whiteSpace" : false
    }, {
      "id" : "s4-t10",
      "begin" : 232,
      "end" : 235,
      "text" : "yet",
      "whiteSpace" : false
    }, {
      "id" : "s4-t11",
      "begin" : 236,
      "end" : 240,
      "text" : "nice",
      "whiteSpace" : false
    }, {
      "id" : "s4-t12",
      "begin" : 241,
      "end" : 244,
      "text" : "and",
      "whiteSpace" : false
    }, {
      "id" : "s4-t13",
      "begin" : 245,
      "end" : 250,
      "text" : "crisp",
      "whiteSpace" : false
    }, {
      "id" : "s4-t14",
      "begin" : 251,
      "end" : 255,
      "text" : "with",
      "whiteSpace" : false
    }, {
      "id" : "s4-t15",
      "begin" : 256,
      "end" : 257,
      "text" : "a",
      "whiteSpace" : false
    }, {
      "id" : "s4-t16",
      "begin" : 258,
      "end" : 263,
      "text" : "great",
      "whiteSpace" : false
    }, {
      "id" : "s4-t17",
      "begin" : 264,
      "end" : 271,
      "text" : "natural",
      "whiteSpace" : false
    }, {
      "id" : "s4-t18",
      "begin" : 272,
      "end" : 278,
      "text" : "flavor",
      "whiteSpace" : false
    }, {
      "id" : "s4-t19",
      "begin" : 278,
      "end" : 279,
      "text" : ".",
      "whiteSpace" : false
    } ]
  }, {
    "id" : "s5",
    "begin" : 279,
    "end" : 367,
    "text" : "<br /><br /> These have taken some of the guilt out of eating this type of snack for me.",
    "tokens" : [ {
      "id" : "s5-t0",
      "begin" : 279,
      "end" : 282,
      "text" : "<br",
      "whiteSpace" : false
    }, {
      "id" : "s5-t1",
      "begin" : 283,
      "end" : 285,
      "text" : "/>",
      "whiteSpace" : false
    }, {
      "id" : "s5-t2",
      "begin" : 285,
      "end" : 288,
      "text" : "<br",
      "whiteSpace" : false
    }, {
      "id" : "s5-t3",
      "begin" : 289,
      "end" : 291,
      "text" : "/>",
      "whiteSpace" : false
    }, {
      "id" : "s5-t4",
      "begin" : 292,
      "end" : 297,
      "text" : "These",
      "whiteSpace" : false
    }, {
      "id" : "s5-t5",
      "begin" : 298,
      "end" : 302,
      "text" : "have",
      "whiteSpace" : false
    }, {
      "id" : "s5-t6",
      "begin" : 303,
      "end" : 308,
      "text" : "taken",
      "whiteSpace" : false
    }, {
      "id" : "s5-t7",
      "begin" : 309,
      "end" : 313,
      "text" : "some",
      "whiteSpace" : false
    }, {
      "id" : "s5-t8",
      "begin" : 314,
      "end" : 316,
      "text" : "of",
      "whiteSpace" : false
    }, {
      "id" : "s5-t9",
      "begin" : 317,
      "end" : 320,
      "text" : "the",
      "whiteSpace" : false
    }, {
      "id" : "s5-t10",
      "begin" : 321,
      "end" : 326,
      "text" : "guilt",
      "whiteSpace" : false
    }, {
      "id" : "s5-t11",
      "begin" : 327,
      "end" : 330,
      "text" : "out",
      "whiteSpace" : false
    }, {
      "id" : "s5-t12",
      "begin" : 331,
      "end" : 333,
      "text" : "of",
      "whiteSpace" : false
    }, {
      "id" : "s5-t13",
      "begin" : 334,
      "end" : 340,
      "text" : "eating",
      "whiteSpace" : false
    }, {
      "id" : "s5-t14",
      "begin" : 341,
      "end" : 345,
      "text" : "this",
      "whiteSpace" : false
    }, {
      "id" : "s5-t15",
      "begin" : 346,
      "end" : 350,
      "text" : "type",
      "whiteSpace" : false
    }, {
      "id" : "s5-t16",
      "begin" : 351,
      "end" : 353,
      "text" : "of",
      "whiteSpace" : false
    }, {
      "id" : "s5-t17",
      "begin" : 354,
      "end" : 359,
      "text" : "snack",
      "whiteSpace" : false
    }, {
      "id" : "s5-t18",
      "begin" : 360,
      "end" : 363,
      "text" : "for",
      "whiteSpace" : false
    }, {
      "id" : "s5-t19",
      "begin" : 364,
      "end" : 366,
      "text" : "me",
      "whiteSpace" : false
    }, {
      "id" : "s5-t20",
      "begin" : 366,
      "end" : 367,
      "text" : ".",
      "whiteSpace" : false
    } ]
  }, {
    "id" : "s6",
    "begin" : 368,
    "end" : 438,
    "text" : "I love potato chips but they are loaded with lots of unhealthy things.",
    "tokens" : [ {
      "id" : "s6-t0",
      "begin" : 368,
      "end" : 369,
      "text" : "I",
      "whiteSpace" : false
    }, {
      "id" : "s6-t1",
      "begin" : 370,
      "end" : 374,
      "text" : "love",
      "whiteSpace" : false
    }, {
      "id" : "s6-t2",
      "begin" : 375,
      "end" : 381,
      "text" : "potato",
      "whiteSpace" : false
    }, {
      "id" : "s6-t3",
      "begin" : 382,
      "end" : 387,
      "text" : "chips",
      "whiteSpace" : false
    }, {
      "id" : "s6-t4",
      "begin" : 388,
      "end" : 391,
      "text" : "but",
      "whiteSpace" : false
    }, {
      "id" : "s6-t5",
      "begin" : 392,
      "end" : 396,
      "text" : "they",
      "whiteSpace" : false
    }, {
      "id" : "s6-t6",
      "begin" : 397,
      "end" : 400,
      "text" : "are",
      "whiteSpace" : false
    }, {
      "id" : "s6-t7",
      "begin" : 401,
      "end" : 407,
      "text" : "loaded",
      "whiteSpace" : false
    }, {
      "id" : "s6-t8",
      "begin" : 408,
      "end" : 412,
      "text" : "with",
      "whiteSpace" : false
    }, {
      "id" : "s6-t9",
      "begin" : 413,
      "end" : 417,
      "text" : "lots",
      "whiteSpace" : false
    }, {
      "id" : "s6-t10",
      "begin" : 418,
      "end" : 420,
      "text" : "of",
      "whiteSpace" : false
    }, {
      "id" : "s6-t11",
      "begin" : 421,
      "end" : 430,
      "text" : "unhealthy",
      "whiteSpace" : false
    }, {
      "id" : "s6-t12",
      "begin" : 431,
      "end" : 437,
      "text" : "things",
      "whiteSpace" : false
    }, {
      "id" : "s6-t13",
      "begin" : 437,
      "end" : 438,
      "text" : ".",
      "whiteSpace" : false
    } ]
  }, {
    "id" : "s7",
    "begin" : 439,
    "end" : 510,
    "text" : "I'm not saying these are healthy, just a lot less unhealthy than chips.",
    "tokens" : [ {
      "id" : "s7-t0",
      "begin" : 439,
      "end" : 440,
      "text" : "I",
      "whiteSpace" : false
    }, {
      "id" : "s7-t1",
      "begin" : 440,
      "end" : 442,
      "text" : "'m",
      "whiteSpace" : false
    }, {
      "id" : "s7-t2",
      "begin" : 443,
      "end" : 446,
      "text" : "not",
      "whiteSpace" : false
    }, {
      "id" : "s7-t3",
      "begin" : 447,
      "end" : 453,
      "text" : "saying",
      "whiteSpace" : false
    }, {
      "id" : "s7-t4",
      "begin" : 454,
      "end" : 459,
      "text" : "these",
      "whiteSpace" : false
    }, {
      "id" : "s7-t5",
      "begin" : 460,
      "end" : 463,
      "text" : "are",
      "whiteSpace" : false
    }, {
      "id" : "s7-t6",
      "begin" : 464,
      "end" : 471,
      "text" : "healthy",
      "whiteSpace" : false
    }, {
      "id" : "s7-t7",
      "begin" : 471,
      "end" : 472,
      "text" : ",",
      "whiteSpace" : false
    }, {
      "id" : "s7-t8",
      "begin" : 473,
      "end" : 477,
      "text" : "just",
      "whiteSpace" : false
    }, {
      "id" : "s7-t9",
      "begin" : 478,
      "end" : 479,
      "text" : "a",
      "whiteSpace" : false
    }, {
      "id" : "s7-t10",
      "begin" : 480,
      "end" : 483,
      "text" : "lot",
      "whiteSpace" : false
    }, {
      "id" : "s7-t11",
      "begin" : 484,
      "end" : 488,
      "text" : "less",
      "whiteSpace" : false
    }, {
      "id" : "s7-t12",
      "begin" : 489,
      "end" : 498,
      "text" : "unhealthy",
      "whiteSpace" : false
    }, {
      "id" : "s7-t13",
      "begin" : 499,
      "end" : 503,
      "text" : "than",
      "whiteSpace" : false
    }, {
      "id" : "s7-t14",
      "begin" : 504,
      "end" : 509,
      "text" : "chips",
      "whiteSpace" : false
    }, {
      "id" : "s7-t15",
      "begin" : 509,
      "end" : 510,
      "text" : ".",
      "whiteSpace" : false
    } ]
  }, {
    "id" : "s8",
    "begin" : 510,
    "end" : 627,
    "text" : "<br /><br /> For starters these are all natural with very little fat and fairly low in carbs for a food of this type.",
    "tokens" : [ {
      "id" : "s8-t0",
      "begin" : 510,
      "end" : 513,
      "text" : "<br",
      "whiteSpace" : false
    }, {
      "id" : "s8-t1",
      "begin" : 514,
      "end" : 516,
      "text" : "/>",
      "whiteSpace" : false
    }, {
      "id" : "s8-t2",
      "begin" : 516,
      "end" : 519,
      "text" : "<br",
      "whiteSpace" : false
    }, {
      "id" : "s8-t3",
      "begin" : 520,
      "end" : 522,
      "text" : "/>",
      "whiteSpace" : false
    }, {
      "id" : "s8-t4",
      "begin" : 523,
      "end" : 526,
      "text" : "For",
      "whiteSpace" : false
    }, {
      "id" : "s8-t5",
      "begin" : 527,
      "end" : 535,
      "text" : "starters",
      "whiteSpace" : false
    }, {
      "id" : "s8-t6",
      "begin" : 536,
      "end" : 541,
      "text" : "these",
      "whiteSpace" : false
    }, {
      "id" : "s8-t7",
      "begin" : 542,
      "end" : 545,
      "text" : "are",
      "whiteSpace" : false
    }, {
      "id" : "s8-t8",
      "begin" : 546,
      "end" : 549,
      "text" : "all",
      "whiteSpace" : false
    }, {
      "id" : "s8-t9",
      "begin" : 550,
      "end" : 557,
      "text" : "natural",
      "whiteSpace" : false
    }, {
      "id" : "s8-t10",
      "begin" : 558,
      "end" : 562,
      "text" : "with",
      "whiteSpace" : false
    }, {
      "id" : "s8-t11",
      "begin" : 563,
      "end" : 567,
      "text" : "very",
      "whiteSpace" : false
    }, {
      "id" : "s8-t12",
      "begin" : 568,
      "end" : 574,
      "text" : "little",
      "whiteSpace" : false
    }, {
      "id" : "s8-t13",
      "begin" : 575,
      "end" : 578,
      "text" : "fat",
      "whiteSpace" : false
    }, {
      "id" : "s8-t14",
      "begin" : 579,
      "end" : 582,
      "text" : "and",
      "whiteSpace" : false
    }, {
      "id" : "s8-t15",
      "begin" : 583,
      "end" : 589,
      "text" : "fairly",
      "whiteSpace" : false
    }, {
      "id" : "s8-t16",
      "begin" : 590,
      "end" : 593,
      "text" : "low",
      "whiteSpace" : false
    }, {
      "id" : "s8-t17",
      "begin" : 594,
      "end" : 596,
      "text" : "in",
      "whiteSpace" : false
    }, {
      "id" : "s8-t18",
      "begin" : 597,
      "end" : 602,
      "text" : "carbs",
      "whiteSpace" : false
    }, {
      "id" : "s8-t19",
      "begin" : 603,
      "end" : 606,
      "text" : "for",
      "whiteSpace" : false
    }, {
      "id" : "s8-t20",
      "begin" : 607,
      "end" : 608,
      "text" : "a",
      "whiteSpace" : false
    }, {
      "id" : "s8-t21",
      "begin" : 609,
      "end" : 613,
      "text" : "food",
      "whiteSpace" : false
    }, {
      "id" : "s8-t22",
      "begin" : 614,
      "end" : 616,
      "text" : "of",
      "whiteSpace" : false
    }, {
      "id" : "s8-t23",
      "begin" : 617,
      "end" : 621,
      "text" : "this",
      "whiteSpace" : false
    }, {
      "id" : "s8-t24",
      "begin" : 622,
      "end" : 626,
      "text" : "type",
      "whiteSpace" : false
    }, {
      "id" : "s8-t25",
      "begin" : 626,
      "end" : 627,
      "text" : ".",
      "whiteSpace" : false
    } ]
  }, {
    "id" : "s9",
    "begin" : 628,
    "end" : 732,
    "text" : "My sugar is high but I feel comfortable eating these in moderation since the carbs are lower than chips.",
    "tokens" : [ {
      "id" : "s9-t0",
      "begin" : 628,
      "end" : 630,
      "text" : "My",
      "whiteSpace" : false
    }, {
      "id" : "s9-t1",
      "begin" : 631,
      "end" : 636,
      "text" : "sugar",
      "whiteSpace" : false
    }, {
      "id" : "s9-t2",
      "begin" : 637,
      "end" : 639,
      "text" : "is",
      "whiteSpace" : false
    }, {
      "id" : "s9-t3",
      "begin" : 640,
      "end" : 644,
      "text" : "high",
      "whiteSpace" : false
    }, {
      "id" : "s9-t4",
      "begin" : 645,
      "end" : 648,
      "text" : "but",
      "whiteSpace" : false
    }, {
      "id" : "s9-t5",
      "begin" : 649,
      "end" : 650,
      "text" : "I",
      "whiteSpace" : false
    }, {
      "id" : "s9-t6",
      "begin" : 651,
      "end" : 655,
      "text" : "feel",
      "whiteSpace" : false
    }, {
      "id" : "s9-t7",
      "begin" : 656,
      "end" : 667,
      "text" : "comfortable",
      "whiteSpace" : false
    }, {
      "id" : "s9-t8",
      "begin" : 668,
      "end" : 674,
      "text" : "eating",
      "whiteSpace" : false
    }, {
      "id" : "s9-t9",
      "begin" : 675,
      "end" : 680,
      "text" : "these",
      "whiteSpace" : false
    }, {
      "id" : "s9-t10",
      "begin" : 681,
      "end" : 683,
      "text" : "in",
      "whiteSpace" : false
    }, {
      "id" : "s9-t11",
      "begin" : 684,
      "end" : 694,
      "text" : "moderation",
      "whiteSpace" : false
    }, {
      "id" : "s9-t12",
      "begin" : 695,
      "end" : 700,
      "text" : "since",
      "whiteSpace" : false
    }, {
      "id" : "s9-t13",
      "begin" : 701,
      "end" : 704,
      "text" : "the",
      "whiteSpace" : false
    }, {
      "id" : "s9-t14",
      "begin" : 705,
      "end" : 710,
      "text" : "carbs",
      "whiteSpace" : false
    }, {
      "id" : "s9-t15",
      "begin" : 711,
      "end" : 714,
      "text" : "are",
      "whiteSpace" : false
    }, {
      "id" : "s9-t16",
      "begin" : 715,
      "end" : 720,
      "text" : "lower",
      "whiteSpace" : false
    }, {
      "id" : "s9-t17",
      "begin" : 721,
      "end" : 725,
      "text" : "than",
      "whiteSpace" : false
    }, {
      "id" : "s9-t18",
      "begin" : 726,
      "end" : 731,
      "text" : "chips",
      "whiteSpace" : false
    }, {
      "id" : "s9-t19",
      "begin" : 731,
      "end" : 732,
      "text" : ".",
      "whiteSpace" : false
    } ]
  }, {
    "id" : "s10",
    "begin" : 732,
    "end" : 870,
    "text" : "<br /><br />  I originally bought the variety pack so I could try them all, and I liked them all although somewhat partial to the Cheddar.",
    "tokens" : [ {
      "id" : "s10-t0",
      "begin" : 732,
      "end" : 735,
      "text" : "<br",
      "whiteSpace" : false
    }, {
      "id" : "s10-t1",
      "begin" : 736,
      "end" : 738,
      "text" : "/>",
      "whiteSpace" : false
    }, {
      "id" : "s10-t2",
      "begin" : 738,
      "end" : 741,
      "text" : "<br",
      "whiteSpace" : false
    }, {
      "id" : "s10-t3",
      "begin" : 742,
      "end" : 744,
      "text" : "/>",
      "whiteSpace" : false
    }, {
      "id" : "s10-t4",
      "begin" : 746,
      "end" : 747,
      "text" : "I",
      "whiteSpace" : false
    }, {
      "id" : "s10-t5",
      "begin" : 748,
      "end" : 758,
      "text" : "originally",
      "whiteSpace" : false
    }, {
      "id" : "s10-t6",
      "begin" : 759,
      "end" : 765,
      "text" : "bought",
      "whiteSpace" : false
    }, {
      "id" : "s10-t7",
      "begin" : 766,
      "end" : 769,
      "text" : "the",
      "whiteSpace" : false
    }, {
      "id" : "s10-t8",
      "begin" : 770,
      "end" : 777,
      "text" : "variety",
      "whiteSpace" : false
    }, {
      "id" : "s10-t9",
      "begin" : 778,
      "end" : 782,
      "text" : "pack",
      "whiteSpace" : false
    }, {
      "id" : "s10-t10",
      "begin" : 783,
      "end" : 785,
      "text" : "so",
      "whiteSpace" : false
    }, {
      "id" : "s10-t11",
      "begin" : 786,
      "end" : 787,
      "text" : "I",
      "whiteSpace" : false
    }, {
      "id" : "s10-t12",
      "begin" : 788,
      "end" : 793,
      "text" : "could",
      "whiteSpace" : false
    }, {
      "id" : "s10-t13",
      "begin" : 794,
      "end" : 797,
      "text" : "try",
      "whiteSpace" : false
    }, {
      "id" : "s10-t14",
      "begin" : 798,
      "end" : 802,
      "text" : "them",
      "whiteSpace" : false
    }, {
      "id" : "s10-t15",
      "begin" : 803,
      "end" : 806,
      "text" : "all",
      "whiteSpace" : false
    }, {
      "id" : "s10-t16",
      "begin" : 806,
      "end" : 807,
      "text" : ",",
      "whiteSpace" : false
    }, {
      "id" : "s10-t17",
      "begin" : 808,
      "end" : 811,
      "text" : "and",
      "whiteSpace" : false
    }, {
      "id" : "s10-t18",
      "begin" : 812,
      "end" : 813,
      "text" : "I",
      "whiteSpace" : false
    }, {
      "id" : "s10-t19",
      "begin" : 814,
      "end" : 819,
      "text" : "liked",
      "whiteSpace" : false
    }, {
      "id" : "s10-t20",
      "begin" : 820,
      "end" : 824,
      "text" : "them",
      "whiteSpace" : false
    }, {
      "id" : "s10-t21",
      "begin" : 825,
      "end" : 828,
      "text" : "all",
      "whiteSpace" : false
    }, {
      "id" : "s10-t22",
      "begin" : 829,
      "end" : 837,
      "text" : "although",
      "whiteSpace" : false
    }, {
      "id" : "s10-t23",
      "begin" : 838,
      "end" : 846,
      "text" : "somewhat",
      "whiteSpace" : false
    }, {
      "id" : "s10-t24",
      "begin" : 847,
      "end" : 854,
      "text" : "partial",
      "whiteSpace" : false
    }, {
      "id" : "s10-t25",
      "begin" : 855,
      "end" : 857,
      "text" : "to",
      "whiteSpace" : false
    }, {
      "id" : "s10-t26",
      "begin" : 858,
      "end" : 861,
      "text" : "the",
      "whiteSpace" : false
    }, {
      "id" : "s10-t27",
      "begin" : 862,
      "end" : 869,
      "text" : "Cheddar",
      "whiteSpace" : false
    }, {
      "id" : "s10-t28",
      "begin" : 869,
      "end" : 870,
      "text" : ".",
      "whiteSpace" : false
    } ]
  }, {
    "id" : "s11",
    "begin" : 871,
    "end" : 939,
    "text" : "It's just a matter of what mood I am in as to which one I'll choose.",
    "tokens" : [ {
      "id" : "s11-t0",
      "begin" : 871,
      "end" : 873,
      "text" : "It",
      "whiteSpace" : false
    }, {
      "id" : "s11-t1",
      "begin" : 873,
      "end" : 875,
      "text" : "'s",
      "whiteSpace" : false
    }, {
      "id" : "s11-t2",
      "begin" : 876,
      "end" : 880,
      "text" : "just",
      "whiteSpace" : false
    }, {
      "id" : "s11-t3",
      "begin" : 881,
      "end" : 882,
      "text" : "a",
      "whiteSpace" : false
    }, {
      "id" : "s11-t4",
      "begin" : 883,
      "end" : 889,
      "text" : "matter",
      "whiteSpace" : false
    }, {
      "id" : "s11-t5",
      "begin" : 890,
      "end" : 892,
      "text" : "of",
      "whiteSpace" : false
    }, {
      "id" : "s11-t6",
      "begin" : 893,
      "end" : 897,
      "text" : "what",
      "whiteSpace" : false
    }, {
      "id" : "s11-t7",
      "begin" : 898,
      "end" : 902,
      "text" : "mood",
      "whiteSpace" : false
    }, {
      "id" : "s11-t8",
      "begin" : 903,
      "end" : 904,
      "text" : "I",
      "whiteSpace" : false
    }, {
      "id" : "s11-t9",
      "begin" : 905,
      "end" : 907,
      "text" : "am",
      "whiteSpace" : false
    }, {
      "id" : "s11-t10",
      "begin" : 908,
      "end" : 910,
      "text" : "in",
      "whiteSpace" : false
    }, {
      "id" : "s11-t11",
      "begin" : 911,
      "end" : 913,
      "text" : "as",
      "whiteSpace" : false
    }, {
      "id" : "s11-t12",
      "begin" : 914,
      "end" : 916,
      "text" : "to",
      "whiteSpace" : false
    }, {
      "id" : "s11-t13",
      "begin" : 917,
      "end" : 922,
      "text" : "which",
      "whiteSpace" : false
    }, {
      "id" : "s11-t14",
      "begin" : 923,
      "end" : 926,
      "text" : "one",
      "whiteSpace" : false
    }, {
      "id" : "s11-t15",
      "begin" : 927,
      "end" : 928,
      "text" : "I",
      "whiteSpace" : false
    }, {
      "id" : "s11-t16",
      "begin" : 928,
      "end" : 931,
      "text" : "'ll",
      "whiteSpace" : false
    }, {
      "id" : "s11-t17",
      "begin" : 932,
      "end" : 938,
      "text" : "choose",
      "whiteSpace" : false
    }, {
      "id" : "s11-t18",
      "begin" : 938,
      "end" : 939,
      "text" : ".",
      "whiteSpace" : false
    } ]
  }, {
    "id" : "s12",
    "begin" : 939,
    "end" : 1011,
    "text" : "<br /> Unfortunately they are a bit pricy if you don't get them on sale.",
    "tokens" : [ {
      "id" : "s12-t0",
      "begin" : 939,
      "end" : 942,
      "text" : "<br",
      "whiteSpace" : false
    }, {
      "id" : "s12-t1",
      "begin" : 943,
      "end" : 945,
      "text" : "/>",
      "whiteSpace" : false
    }, {
      "id" : "s12-t2",
      "begin" : 946,
      "end" : 959,
      "text" : "Unfortunately",
      "whiteSpace" : false
    }, {
      "id" : "s12-t3",
      "begin" : 960,
      "end" : 964,
      "text" : "they",
      "whiteSpace" : false
    }, {
      "id" : "s12-t4",
      "begin" : 965,
      "end" : 968,
      "text" : "are",
      "whiteSpace" : false
    }, {
      "id" : "s12-t5",
      "begin" : 969,
      "end" : 970,
      "text" : "a",
      "whiteSpace" : false
    }, {
      "id" : "s12-t6",
      "begin" : 971,
      "end" : 974,
      "text" : "bit",
      "whiteSpace" : false
    }, {
      "id" : "s12-t7",
      "begin" : 975,
      "end" : 980,
      "text" : "pricy",
      "whiteSpace" : false
    }, {
      "id" : "s12-t8",
      "begin" : 981,
      "end" : 983,
      "text" : "if",
      "whiteSpace" : false
    }, {
      "id" : "s12-t9",
      "begin" : 984,
      "end" : 987,
      "text" : "you",
      "whiteSpace" : false
    }, {
      "id" : "s12-t10",
      "begin" : 988,
      "end" : 990,
      "text" : "do",
      "whiteSpace" : false
    }, {
      "id" : "s12-t11",
      "begin" : 990,
      "end" : 993,
      "text" : "n't",
      "whiteSpace" : false
    }, {
      "id" : "s12-t12",
      "begin" : 994,
      "end" : 997,
      "text" : "get",
      "whiteSpace" : false
    }, {
      "id" : "s12-t13",
      "begin" : 998,
      "end" : 1002,
      "text" : "them",
      "whiteSpace" : false
    }, {
      "id" : "s12-t14",
      "begin" : 1003,
      "end" : 1005,
      "text" : "on",
      "whiteSpace" : false
    }, {
      "id" : "s12-t15",
      "begin" : 1006,
      "end" : 1010,
      "text" : "sale",
      "whiteSpace" : false
    }, {
      "id" : "s12-t16",
      "begin" : 1010,
      "end" : 1011,
      "text" : ".",
      "whiteSpace" : false
    } ]
  }, {
    "id" : "s13",
    "begin" : 1012,
    "end" : 1121,
    "text" : "I just wish these came in a larger bag as opposed to the individual servings which are always more expensive.",
    "tokens" : [ {
      "id" : "s13-t0",
      "begin" : 1012,
      "end" : 1013,
      "text" : "I",
      "whiteSpace" : false
    }, {
      "id" : "s13-t1",
      "begin" : 1014,
      "end" : 1018,
      "text" : "just",
      "whiteSpace" : false
    }, {
      "id" : "s13-t2",
      "begin" : 1019,
      "end" : 1023,
      "text" : "wish",
      "whiteSpace" : false
    }, {
      "id" : "s13-t3",
      "begin" : 1024,
      "end" : 1029,
      "text" : "these",
      "whiteSpace" : false
    }, {
      "id" : "s13-t4",
      "begin" : 1030,
      "end" : 1034,
      "text" : "came",
      "whiteSpace" : false
    }, {
      "id" : "s13-t5",
      "begin" : 1035,
      "end" : 1037,
      "text" : "in",
      "whiteSpace" : false
    }, {
      "id" : "s13-t6",
      "begin" : 1038,
      "end" : 1039,
      "text" : "a",
      "whiteSpace" : false
    }, {
      "id" : "s13-t7",
      "begin" : 1040,
      "end" : 1046,
      "text" : "larger",
      "whiteSpace" : false
    }, {
      "id" : "s13-t8",
      "begin" : 1047,
      "end" : 1050,
      "text" : "bag",
      "whiteSpace" : false
    }, {
      "id" : "s13-t9",
      "begin" : 1051,
      "end" : 1053,
      "text" : "as",
      "whiteSpace" : false
    }, {
      "id" : "s13-t10",
      "begin" : 1054,
      "end" : 1061,
      "text" : "opposed",
      "whiteSpace" : false
    }, {
      "id" : "s13-t11",
      "begin" : 1062,
      "end" : 1064,
      "text" : "to",
      "whiteSpace" : false
    }, {
      "id" : "s13-t12",
      "begin" : 1065,
      "end" : 1068,
      "text" : "the",
      "whiteSpace" : false
    }, {
      "id" : "s13-t13",
      "begin" : 1069,
      "end" : 1079,
      "text" : "individual",
      "whiteSpace" : false
    }, {
      "id" : "s13-t14",
      "begin" : 1080,
      "end" : 1088,
      "text" : "servings",
      "whiteSpace" : false
    }, {
      "id" : "s13-t15",
      "begin" : 1089,
      "end" : 1094,
      "text" : "which",
      "whiteSpace" : false
    }, {
      "id" : "s13-t16",
      "begin" : 1095,
      "end" : 1098,
      "text" : "are",
      "whiteSpace" : false
    }, {
      "id" : "s13-t17",
      "begin" : 1099,
      "end" : 1105,
      "text" : "always",
      "whiteSpace" : false
    }, {
      "id" : "s13-t18",
      "begin" : 1106,
      "end" : 1110,
      "text" : "more",
      "whiteSpace" : false
    }, {
      "id" : "s13-t19",
      "begin" : 1111,
      "end" : 1120,
      "text" : "expensive",
      "whiteSpace" : false
    }, {
      "id" : "s13-t20",
      "begin" : 1120,
      "end" : 1121,
      "text" : ".",
      "whiteSpace" : false
    } ]
  }, {
    "id" : "s14",
    "begin" : 1121,
    "end" : 1246,
    "text" : "<br /><br /> Everyone has a different idea of good, so this is something you are going to have to try for yourself to decide.",
    "tokens" : [ {
      "id" : "s14-t0",
      "begin" : 1121,
      "end" : 1124,
      "text" : "<br",
      "whiteSpace" : false
    }, {
      "id" : "s14-t1",
      "begin" : 1125,
      "end" : 1127,
      "text" : "/>",
      "whiteSpace" : false
    }, {
      "id" : "s14-t2",
      "begin" : 1127,
      "end" : 1130,
      "text" : "<br",
      "whiteSpace" : false
    }, {
      "id" : "s14-t3",
      "begin" : 1131,
      "end" : 1133,
      "text" : "/>",
      "whiteSpace" : false
    }, {
      "id" : "s14-t4",
      "begin" : 1134,
      "end" : 1142,
      "text" : "Everyone",
      "whiteSpace" : false
    }, {
      "id" : "s14-t5",
      "begin" : 1143,
      "end" : 1146,
      "text" : "has",
      "whiteSpace" : false
    }, {
      "id" : "s14-t6",
      "begin" : 1147,
      "end" : 1148,
      "text" : "a",
      "whiteSpace" : false
    }, {
      "id" : "s14-t7",
      "begin" : 1149,
      "end" : 1158,
      "text" : "different",
      "whiteSpace" : false
    }, {
      "id" : "s14-t8",
      "begin" : 1159,
      "end" : 1163,
      "text" : "idea",
      "whiteSpace" : false
    }, {
      "id" : "s14-t9",
      "begin" : 1164,
      "end" : 1166,
      "text" : "of",
      "whiteSpace" : false
    }, {
      "id" : "s14-t10",
      "begin" : 1167,
      "end" : 1171,
      "text" : "good",
      "whiteSpace" : false
    }, {
      "id" : "s14-t11",
      "begin" : 1171,
      "end" : 1172,
      "text" : ",",
      "whiteSpace" : false
    }, {
      "id" : "s14-t12",
      "begin" : 1173,
      "end" : 1175,
      "text" : "so",
      "whiteSpace" : false
    }, {
      "id" : "s14-t13",
      "begin" : 1176,
      "end" : 1180,
      "text" : "this",
      "whiteSpace" : false
    }, {
      "id" : "s14-t14",
      "begin" : 1181,
      "end" : 1183,
      "text" : "is",
      "whiteSpace" : false
    }, {
      "id" : "s14-t15",
      "begin" : 1184,
      "end" : 1193,
      "text" : "something",
      "whiteSpace" : false
    }, {
      "id" : "s14-t16",
      "begin" : 1194,
      "end" : 1197,
      "text" : "you",
      "whiteSpace" : false
    }, {
      "id" : "s14-t17",
      "begin" : 1198,
      "end" : 1201,
      "text" : "are",
      "whiteSpace" : false
    }, {
      "id" : "s14-t18",
      "begin" : 1202,
      "end" : 1207,
      "text" : "going",
      "whiteSpace" : false
    }, {
      "id" : "s14-t19",
      "begin" : 1208,
      "end" : 1210,
      "text" : "to",
      "whiteSpace" : false
    }, {
      "id" : "s14-t20",
      "begin" : 1211,
      "end" : 1215,
      "text" : "have",
      "whiteSpace" : false
    }, {
      "id" : "s14-t21",
      "begin" : 1216,
      "end" : 1218,
      "text" : "to",
      "whiteSpace" : false
    }, {
      "id" : "s14-t22",
      "begin" : 1219,
      "end" : 1222,
      "text" : "try",
      "whiteSpace" : false
    }, {
      "id" : "s14-t23",
      "begin" : 1223,
      "end" : 1226,
      "text" : "for",
      "whiteSpace" : false
    }, {
      "id" : "s14-t24",
      "begin" : 1227,
      "end" : 1235,
      "text" : "yourself",
      "whiteSpace" : false
    }, {
      "id" : "s14-t25",
      "begin" : 1236,
      "end" : 1238,
      "text" : "to",
      "whiteSpace" : false
    }, {
      "id" : "s14-t26",
      "begin" : 1239,
      "end" : 1245,
      "text" : "decide",
      "whiteSpace" : false
    }, {
      "id" : "s14-t27",
      "begin" : 1245,
      "end" : 1246,
      "text" : ".",
      "whiteSpace" : false
    } ]
  } ],
  "mentions" : [ {
    "id" : "s1-m1",
    "properties" : {
      "SIRE_MENTION_ROLE" : "Product",
      "SIRE_ENTITY_SUBTYPE" : "NONE",
      "SIRE_MENTION_TYPE" : "NONE",
      "SIRE_MENTION_CLASS" : "SPC"
    },
    "type" : "Product",
    "begin" : 13,
    "end" : 19,
    "inCoref" : true
  }, {
    "id" : "s2-m2",
    "properties" : {
      "SIRE_MENTION_ROLE" : "Product",
      "SIRE_ENTITY_SUBTYPE" : "NONE",
      "SIRE_MENTION_TYPE" : "NONE",
      "SIRE_MENTION_CLASS" : "SPC"
    },
    "type" : "Product",
    "begin" : 51,
    "end" : 55,
    "inCoref" : true
  }, {
    "id" : "s2-m1",
    "properties" : {
      "SIRE_MENTION_ROLE" : "Product",
      "SIRE_ENTITY_SUBTYPE" : "NONE",
      "SIRE_MENTION_TYPE" : "NONE",
      "SIRE_MENTION_CLASS" : "SPC"
    },
    "type" : "Product",
    "begin" : 70,
    "end" : 78,
    "inCoref" : false
  }, {
    "id" : "s2-m3",
    "properties" : {
      "SIRE_MENTION_ROLE" : "Product",
      "SIRE_ENTITY_SUBTYPE" : "NONE",
      "SIRE_MENTION_TYPE" : "NONE",
      "SIRE_MENTION_CLASS" : "SPC"
    },
    "type" : "Product",
    "begin" : 110,
    "end" : 114,
    "inCoref" : true
  }, {
    "id" : "s3-m1",
    "properties" : {
      "SIRE_MENTION_ROLE" : "Product",
      "SIRE_ENTITY_SUBTYPE" : "NONE",
      "SIRE_MENTION_TYPE" : "NONE",
      "SIRE_MENTION_CLASS" : "SPC"
    },
    "type" : "Product",
    "begin" : 175,
    "end" : 179,
    "inCoref" : true
  }, {
    "id" : "s4-m1",
    "properties" : {
      "SIRE_MENTION_ROLE" : "Product",
      "SIRE_ENTITY_SUBTYPE" : "NONE",
      "SIRE_MENTION_TYPE" : "NONE",
      "SIRE_MENTION_CLASS" : "SPC"
    },
    "type" : "Product",
    "begin" : 206,
    "end" : 210,
    "inCoref" : true
  }, {
    "id" : "s5-m1",
    "properties" : {
      "SIRE_MENTION_ROLE" : "Product",
      "SIRE_ENTITY_SUBTYPE" : "NONE",
      "SIRE_MENTION_TYPE" : "NONE",
      "SIRE_MENTION_CLASS" : "SPC"
    },
    "type" : "Product",
    "begin" : 292,
    "end" : 297,
    "inCoref" : true
  }, {
    "id" : "s5-m2",
    "properties" : {
      "SIRE_MENTION_ROLE" : "Product",
      "SIRE_ENTITY_SUBTYPE" : "NONE",
      "SIRE_MENTION_TYPE" : "NONE",
      "SIRE_MENTION_CLASS" : "SPC"
    },
    "type" : "Product",
    "begin" : 354,
    "end" : 359,
    "inCoref" : false
  }, {
    "id" : "s6-m1",
    "properties" : {
      "SIRE_MENTION_ROLE" : "Product",
      "SIRE_ENTITY_SUBTYPE" : "NONE",
      "SIRE_MENTION_TYPE" : "NONE",
      "SIRE_MENTION_CLASS" : "SPC"
    },
    "type" : "Product",
    "begin" : 375,
    "end" : 387,
    "inCoref" : true
  }, {
    "id" : "s6-m2",
    "properties" : {
      "SIRE_MENTION_ROLE" : "Product",
      "SIRE_ENTITY_SUBTYPE" : "NONE",
      "SIRE_MENTION_TYPE" : "NONE",
      "SIRE_MENTION_CLASS" : "SPC"
    },
    "type" : "Product",
    "begin" : 392,
    "end" : 396,
    "inCoref" : true
  }, {
    "id" : "s7-m1",
    "properties" : {
      "SIRE_MENTION_ROLE" : "Product",
      "SIRE_ENTITY_SUBTYPE" : "NONE",
      "SIRE_MENTION_TYPE" : "NONE",
      "SIRE_MENTION_CLASS" : "SPC"
    },
    "type" : "Product",
    "begin" : 454,
    "end" : 459,
    "inCoref" : true
  }, {
    "id" : "s7-m2",
    "properties" : {
      "SIRE_MENTION_ROLE" : "Product",
      "SIRE_ENTITY_SUBTYPE" : "NONE",
      "SIRE_MENTION_TYPE" : "NONE",
      "SIRE_MENTION_CLASS" : "SPC"
    },
    "type" : "Product",
    "begin" : 504,
    "end" : 509,
    "inCoref" : true
  }, {
    "id" : "s8-m1",
    "properties" : {
      "SIRE_MENTION_ROLE" : "Product",
      "SIRE_ENTITY_SUBTYPE" : "NONE",
      "SIRE_MENTION_TYPE" : "NONE",
      "SIRE_MENTION_CLASS" : "SPC"
    },
    "type" : "Product",
    "begin" : 536,
    "end" : 541,
    "inCoref" : true
  }, {
    "id" : "s8-m2",
    "properties" : {
      "SIRE_MENTION_ROLE" : "Product",
      "SIRE_ENTITY_SUBTYPE" : "NONE",
      "SIRE_MENTION_TYPE" : "NONE",
      "SIRE_MENTION_CLASS" : "SPC"
    },
    "type" : "Product",
    "begin" : 609,
    "end" : 613,
    "inCoref" : false
  }, {
    "id" : "s9-m1",
    "properties" : {
      "SIRE_MENTION_ROLE" : "Product",
      "SIRE_ENTITY_SUBTYPE" : "NONE",
      "SIRE_MENTION_TYPE" : "NONE",
      "SIRE_MENTION_CLASS" : "SPC"
    },
    "type" : "Product",
    "begin" : 675,
    "end" : 680,
    "inCoref" : true
  }, {
    "id" : "s9-m2",
    "properties" : {
      "SIRE_MENTION_ROLE" : "Product",
      "SIRE_ENTITY_SUBTYPE" : "NONE",
      "SIRE_MENTION_TYPE" : "NONE",
      "SIRE_MENTION_CLASS" : "SPC"
    },
    "type" : "Product",
    "begin" : 726,
    "end" : 731,
    "inCoref" : true
  }, {
    "id" : "s10-m1",
    "properties" : {
      "SIRE_MENTION_ROLE" : "Product",
      "SIRE_ENTITY_SUBTYPE" : "NONE",
      "SIRE_MENTION_TYPE" : "NONE",
      "SIRE_MENTION_CLASS" : "SPC"
    },
    "type" : "Attribute",
    "begin" : 770,
    "end" : 782,
    "inCoref" : false
  }, {
    "id" : "s10-m2",
    "properties" : {
      "SIRE_MENTION_ROLE" : "Attribute",
      "SIRE_ENTITY_SUBTYPE" : "NONE",
      "SIRE_MENTION_TYPE" : "NONE",
      "SIRE_MENTION_CLASS" : "SPC"
    },
    "type" : "Attribute",
    "begin" : 798,
    "end" : 802,
    "inCoref" : false
  }, {
    "id" : "s10-m3",
    "properties" : {
      "SIRE_MENTION_ROLE" : "Attribute",
      "SIRE_ENTITY_SUBTYPE" : "NONE",
      "SIRE_MENTION_TYPE" : "NONE",
      "SIRE_MENTION_CLASS" : "SPC"
    },
    "type" : "Attribute",
    "begin" : 820,
    "end" : 824,
    "inCoref" : false
  }, {
    "id" : "s10-m4",
    "properties" : {
      "SIRE_MENTION_ROLE" : "Attribute",
      "SIRE_ENTITY_SUBTYPE" : "NONE",
      "SIRE_MENTION_TYPE" : "NONE",
      "SIRE_MENTION_CLASS" : "SPC"
    },
    "type" : "Attribute",
    "begin" : 862,
    "end" : 869,
    "inCoref" : false
  }, {
    "id" : "s11-m1",
    "properties" : {
      "SIRE_MENTION_ROLE" : "Attribute",
      "SIRE_ENTITY_SUBTYPE" : "NONE",
      "SIRE_MENTION_TYPE" : "NONE",
      "SIRE_MENTION_CLASS" : "SPC"
    },
    "type" : "Attribute",
    "begin" : 923,
    "end" : 926,
    "inCoref" : false
  }, {
    "id" : "s12-m2",
    "properties" : {
      "SIRE_MENTION_ROLE" : "Product",
      "SIRE_ENTITY_SUBTYPE" : "NONE",
      "SIRE_MENTION_TYPE" : "NONE",
      "SIRE_MENTION_CLASS" : "SPC"
    },
    "type" : "Product",
    "begin" : 960,
    "end" : 964,
    "inCoref" : true
  }, {
    "id" : "s12-m3",
    "properties" : {
      "SIRE_MENTION_ROLE" : "Product",
      "SIRE_ENTITY_SUBTYPE" : "NONE",
      "SIRE_MENTION_TYPE" : "NONE",
      "SIRE_MENTION_CLASS" : "SPC"
    },
    "type" : "Product",
    "begin" : 998,
    "end" : 1002,
    "inCoref" : true
  }, {
    "id" : "s13-m1",
    "properties" : {
      "SIRE_MENTION_ROLE" : "Product",
      "SIRE_ENTITY_SUBTYPE" : "NONE",
      "SIRE_MENTION_TYPE" : "NONE",
      "SIRE_MENTION_CLASS" : "SPC"
    },
    "type" : "Product",
    "begin" : 1024,
    "end" : 1029,
    "inCoref" : true
  }, {
    "id" : "s14-m1",
    "properties" : {
      "SIRE_MENTION_ROLE" : "Product",
      "SIRE_ENTITY_SUBTYPE" : "NONE",
      "SIRE_MENTION_TYPE" : "NONE",
      "SIRE_MENTION_CLASS" : "SPC"
    },
    "type" : "Product",
    "begin" : 1176,
    "end" : 1180,
    "inCoref" : true
  } ],
  "relations" : [ ],
  "corefs" : [ {
    "id" : "c1",
    "properties" : { },
    "mentions" : [ "s1-m1", "s2-m2", "s2-m3", "s3-m1", "s4-m1", "s5-m1", "s7-m1", "s8-m1", "s9-m1", "s12-m2", "s12-m3", "s13-m1", "s14-m1" ]
  }, {
    "id" : "c2",
    "properties" : { },
    "mentions" : [ "s7-m2", "s9-m2", "s6-m1", "s6-m2" ]
  } ],
  "typeResolved" : true,
  "userResolved" : false
}