{
  "id" : "78027a60-31da-11e8-9c9d-6505f4419106-8",
  "name" : "review_0528.json",
  "createdDate" : 0,
  "version" : 3,
  "text" : "I'd never had chocolate tea before but on a hunch I searched Amazon and found Stash tea. It's wonderful. Chocolate hazelnut flavor is readily apparent from the first smell. Satisfies that craving without the extra sugar of hot chocolate.",
  "docLength" : 0,
  "language" : "EN",
  "status" : "SUBMITTED",
  "modifiedDate" : 1522185110614,
  "documentSet" : [ ],
  "preannotation" : [ ],
  "sentences" : [ {
    "id" : "s0",
    "begin" : 0,
    "end" : 88,
    "text" : "I'd never had chocolate tea before but on a hunch I searched Amazon and found Stash tea.",
    "tokens" : [ {
      "id" : "s0-t0",
      "begin" : 0,
      "end" : 1,
      "text" : "I",
      "whiteSpace" : false
    }, {
      "id" : "s0-t1",
      "begin" : 1,
      "end" : 3,
      "text" : "'d",
      "whiteSpace" : false
    }, {
      "id" : "s0-t2",
      "begin" : 4,
      "end" : 9,
      "text" : "never",
      "whiteSpace" : false
    }, {
      "id" : "s0-t3",
      "begin" : 10,
      "end" : 13,
      "text" : "had",
      "whiteSpace" : false
    }, {
      "id" : "s0-t4",
      "begin" : 14,
      "end" : 23,
      "text" : "chocolate",
      "whiteSpace" : false
    }, {
      "id" : "s0-t5",
      "begin" : 24,
      "end" : 27,
      "text" : "tea",
      "whiteSpace" : false
    }, {
      "id" : "s0-t6",
      "begin" : 28,
      "end" : 34,
      "text" : "before",
      "whiteSpace" : false
    }, {
      "id" : "s0-t7",
      "begin" : 35,
      "end" : 38,
      "text" : "but",
      "whiteSpace" : false
    }, {
      "id" : "s0-t8",
      "begin" : 39,
      "end" : 41,
      "text" : "on",
      "whiteSpace" : false
    }, {
      "id" : "s0-t9",
      "begin" : 42,
      "end" : 43,
      "text" : "a",
      "whiteSpace" : false
    }, {
      "id" : "s0-t10",
      "begin" : 44,
      "end" : 49,
      "text" : "hunch",
      "whiteSpace" : false
    }, {
      "id" : "s0-t11",
      "begin" : 50,
      "end" : 51,
      "text" : "I",
      "whiteSpace" : false
    }, {
      "id" : "s0-t12",
      "begin" : 52,
      "end" : 60,
      "text" : "searched",
      "whiteSpace" : false
    }, {
      "id" : "s0-t13",
      "begin" : 61,
      "end" : 67,
      "text" : "Amazon",
      "whiteSpace" : false
    }, {
      "id" : "s0-t14",
      "begin" : 68,
      "end" : 71,
      "text" : "and",
      "whiteSpace" : false
    }, {
      "id" : "s0-t15",
      "begin" : 72,
      "end" : 77,
      "text" : "found",
      "whiteSpace" : false
    }, {
      "id" : "s0-t16",
      "begin" : 78,
      "end" : 83,
      "text" : "Stash",
      "whiteSpace" : false
    }, {
      "id" : "s0-t17",
      "begin" : 84,
      "end" : 87,
      "text" : "tea",
      "whiteSpace" : false
    }, {
      "id" : "s0-t18",
      "begin" : 87,
      "end" : 88,
      "text" : ".",
      "whiteSpace" : false
    } ]
  }, {
    "id" : "s1",
    "begin" : 89,
    "end" : 104,
    "text" : "It's wonderful.",
    "tokens" : [ {
      "id" : "s1-t0",
      "begin" : 89,
      "end" : 91,
      "text" : "It",
      "whiteSpace" : false
    }, {
      "id" : "s1-t1",
      "begin" : 91,
      "end" : 93,
      "text" : "'s",
      "whiteSpace" : false
    }, {
      "id" : "s1-t2",
      "begin" : 94,
      "end" : 103,
      "text" : "wonderful",
      "whiteSpace" : false
    }, {
      "id" : "s1-t3",
      "begin" : 103,
      "end" : 104,
      "text" : ".",
      "whiteSpace" : false
    } ]
  }, {
    "id" : "s2",
    "begin" : 105,
    "end" : 172,
    "text" : "Chocolate hazelnut flavor is readily apparent from the first smell.",
    "tokens" : [ {
      "id" : "s2-t0",
      "begin" : 105,
      "end" : 114,
      "text" : "Chocolate",
      "whiteSpace" : false
    }, {
      "id" : "s2-t1",
      "begin" : 115,
      "end" : 123,
      "text" : "hazelnut",
      "whiteSpace" : false
    }, {
      "id" : "s2-t2",
      "begin" : 124,
      "end" : 130,
      "text" : "flavor",
      "whiteSpace" : false
    }, {
      "id" : "s2-t3",
      "begin" : 131,
      "end" : 133,
      "text" : "is",
      "whiteSpace" : false
    }, {
      "id" : "s2-t4",
      "begin" : 134,
      "end" : 141,
      "text" : "readily",
      "whiteSpace" : false
    }, {
      "id" : "s2-t5",
      "begin" : 142,
      "end" : 150,
      "text" : "apparent",
      "whiteSpace" : false
    }, {
      "id" : "s2-t6",
      "begin" : 151,
      "end" : 155,
      "text" : "from",
      "whiteSpace" : false
    }, {
      "id" : "s2-t7",
      "begin" : 156,
      "end" : 159,
      "text" : "the",
      "whiteSpace" : false
    }, {
      "id" : "s2-t8",
      "begin" : 160,
      "end" : 165,
      "text" : "first",
      "whiteSpace" : false
    }, {
      "id" : "s2-t9",
      "begin" : 166,
      "end" : 171,
      "text" : "smell",
      "whiteSpace" : false
    }, {
      "id" : "s2-t10",
      "begin" : 171,
      "end" : 172,
      "text" : ".",
      "whiteSpace" : false
    } ]
  }, {
    "id" : "s3",
    "begin" : 173,
    "end" : 237,
    "text" : "Satisfies that craving without the extra sugar of hot chocolate.",
    "tokens" : [ {
      "id" : "s3-t0",
      "begin" : 173,
      "end" : 182,
      "text" : "Satisfies",
      "whiteSpace" : false
    }, {
      "id" : "s3-t1",
      "begin" : 183,
      "end" : 187,
      "text" : "that",
      "whiteSpace" : false
    }, {
      "id" : "s3-t2",
      "begin" : 188,
      "end" : 195,
      "text" : "craving",
      "whiteSpace" : false
    }, {
      "id" : "s3-t3",
      "begin" : 196,
      "end" : 203,
      "text" : "without",
      "whiteSpace" : false
    }, {
      "id" : "s3-t4",
      "begin" : 204,
      "end" : 207,
      "text" : "the",
      "whiteSpace" : false
    }, {
      "id" : "s3-t5",
      "begin" : 208,
      "end" : 213,
      "text" : "extra",
      "whiteSpace" : false
    }, {
      "id" : "s3-t6",
      "begin" : 214,
      "end" : 219,
      "text" : "sugar",
      "whiteSpace" : false
    }, {
      "id" : "s3-t7",
      "begin" : 220,
      "end" : 222,
      "text" : "of",
      "whiteSpace" : false
    }, {
      "id" : "s3-t8",
      "begin" : 223,
      "end" : 226,
      "text" : "hot",
      "whiteSpace" : false
    }, {
      "id" : "s3-t9",
      "begin" : 227,
      "end" : 236,
      "text" : "chocolate",
      "whiteSpace" : false
    }, {
      "id" : "s3-t10",
      "begin" : 236,
      "end" : 237,
      "text" : ".",
      "whiteSpace" : false
    } ]
  } ],
  "mentions" : [ {
    "id" : "s0-m2",
    "properties" : {
      "SIRE_MENTION_ROLE" : "Attribute",
      "SIRE_ENTITY_SUBTYPE" : "NONE",
      "SIRE_MENTION_TYPE" : "NONE",
      "SIRE_MENTION_CLASS" : "SPC"
    },
    "type" : "Attribute",
    "begin" : 14,
    "end" : 23,
    "inCoref" : false
  }, {
    "id" : "s0-m1",
    "properties" : {
      "SIRE_MENTION_ROLE" : "Product",
      "SIRE_ENTITY_SUBTYPE" : "NONE",
      "SIRE_MENTION_TYPE" : "NONE",
      "SIRE_MENTION_CLASS" : "SPC"
    },
    "type" : "Product",
    "begin" : 24,
    "end" : 27,
    "inCoref" : true
  }, {
    "id" : "s0-m3",
    "properties" : {
      "SIRE_MENTION_ROLE" : "Brand",
      "SIRE_ENTITY_SUBTYPE" : "NONE",
      "SIRE_MENTION_TYPE" : "NONE",
      "SIRE_MENTION_CLASS" : "SPC"
    },
    "type" : "Brand",
    "begin" : 78,
    "end" : 83,
    "inCoref" : false
  }, {
    "id" : "s0-m4",
    "properties" : {
      "SIRE_MENTION_ROLE" : "Product",
      "SIRE_ENTITY_SUBTYPE" : "NONE",
      "SIRE_MENTION_TYPE" : "NONE",
      "SIRE_MENTION_CLASS" : "SPC"
    },
    "type" : "Product",
    "begin" : 84,
    "end" : 87,
    "inCoref" : true
  }, {
    "id" : "s1-m1",
    "properties" : {
      "SIRE_MENTION_ROLE" : "Product",
      "SIRE_ENTITY_SUBTYPE" : "NONE",
      "SIRE_MENTION_TYPE" : "NONE",
      "SIRE_MENTION_CLASS" : "SPC"
    },
    "type" : "Product",
    "begin" : 89,
    "end" : 91,
    "inCoref" : true
  }, {
    "id" : "s2-m1",
    "properties" : {
      "SIRE_MENTION_ROLE" : "Attribute",
      "SIRE_ENTITY_SUBTYPE" : "NONE",
      "SIRE_MENTION_TYPE" : "NONE",
      "SIRE_MENTION_CLASS" : "SPC"
    },
    "type" : "Attribute",
    "begin" : 105,
    "end" : 123,
    "inCoref" : false
  }, {
    "id" : "s3-m1",
    "properties" : {
      "SIRE_MENTION_ROLE" : "Product",
      "SIRE_ENTITY_SUBTYPE" : "NONE",
      "SIRE_MENTION_TYPE" : "NONE",
      "SIRE_MENTION_CLASS" : "SPC"
    },
    "type" : "Product",
    "begin" : 223,
    "end" : 236,
    "inCoref" : false
  } ],
  "relations" : [ {
    "id" : "s0-r1",
    "properties" : { },
    "type" : "propertyOf",
    "args" : [ "s0-m2", "s0-m1" ]
  }, {
    "id" : "s0-r2",
    "properties" : { },
    "type" : "brandOf",
    "args" : [ "s0-m3", "s0-m4" ]
  } ],
  "corefs" : [ {
    "id" : "c1",
    "properties" : { },
    "mentions" : [ "s0-m1", "s0-m4", "s1-m1" ]
  } ],
  "typeResolved" : true,
  "userResolved" : false
}