{
  "id" : "78027a60-31da-11e8-9c9d-6505f4419106-24",
  "name" : "review_1634.json",
  "createdDate" : 0,
  "version" : 3,
  "text" : "This water was crisp, clear and refreshing, I think it may have hydrated me better.  Nice sturdy bottle and a very generous size.  Definitely worth a try !",
  "docLength" : 0,
  "language" : "EN",
  "status" : "SUBMITTED",
  "modifiedDate" : 1522183009643,
  "documentSet" : [ ],
  "preannotation" : [ ],
  "sentences" : [ {
    "id" : "s0",
    "begin" : 0,
    "end" : 83,
    "text" : "This water was crisp, clear and refreshing, I think it may have hydrated me better.",
    "tokens" : [ {
      "id" : "s0-t0",
      "begin" : 0,
      "end" : 4,
      "text" : "This",
      "whiteSpace" : false
    }, {
      "id" : "s0-t1",
      "begin" : 5,
      "end" : 10,
      "text" : "water",
      "whiteSpace" : false
    }, {
      "id" : "s0-t2",
      "begin" : 11,
      "end" : 14,
      "text" : "was",
      "whiteSpace" : false
    }, {
      "id" : "s0-t3",
      "begin" : 15,
      "end" : 20,
      "text" : "crisp",
      "whiteSpace" : false
    }, {
      "id" : "s0-t4",
      "begin" : 20,
      "end" : 21,
      "text" : ",",
      "whiteSpace" : false
    }, {
      "id" : "s0-t5",
      "begin" : 22,
      "end" : 27,
      "text" : "clear",
      "whiteSpace" : false
    }, {
      "id" : "s0-t6",
      "begin" : 28,
      "end" : 31,
      "text" : "and",
      "whiteSpace" : false
    }, {
      "id" : "s0-t7",
      "begin" : 32,
      "end" : 42,
      "text" : "refreshing",
      "whiteSpace" : false
    }, {
      "id" : "s0-t8",
      "begin" : 42,
      "end" : 43,
      "text" : ",",
      "whiteSpace" : false
    }, {
      "id" : "s0-t9",
      "begin" : 44,
      "end" : 45,
      "text" : "I",
      "whiteSpace" : false
    }, {
      "id" : "s0-t10",
      "begin" : 46,
      "end" : 51,
      "text" : "think",
      "whiteSpace" : false
    }, {
      "id" : "s0-t11",
      "begin" : 52,
      "end" : 54,
      "text" : "it",
      "whiteSpace" : false
    }, {
      "id" : "s0-t12",
      "begin" : 55,
      "end" : 58,
      "text" : "may",
      "whiteSpace" : false
    }, {
      "id" : "s0-t13",
      "begin" : 59,
      "end" : 63,
      "text" : "have",
      "whiteSpace" : false
    }, {
      "id" : "s0-t14",
      "begin" : 64,
      "end" : 72,
      "text" : "hydrated",
      "whiteSpace" : false
    }, {
      "id" : "s0-t15",
      "begin" : 73,
      "end" : 75,
      "text" : "me",
      "whiteSpace" : false
    }, {
      "id" : "s0-t16",
      "begin" : 76,
      "end" : 82,
      "text" : "better",
      "whiteSpace" : false
    }, {
      "id" : "s0-t17",
      "begin" : 82,
      "end" : 83,
      "text" : ".",
      "whiteSpace" : false
    } ]
  }, {
    "id" : "s1",
    "begin" : 85,
    "end" : 129,
    "text" : "Nice sturdy bottle and a very generous size.",
    "tokens" : [ {
      "id" : "s1-t0",
      "begin" : 85,
      "end" : 89,
      "text" : "Nice",
      "whiteSpace" : false
    }, {
      "id" : "s1-t1",
      "begin" : 90,
      "end" : 96,
      "text" : "sturdy",
      "whiteSpace" : false
    }, {
      "id" : "s1-t2",
      "begin" : 97,
      "end" : 103,
      "text" : "bottle",
      "whiteSpace" : false
    }, {
      "id" : "s1-t3",
      "begin" : 104,
      "end" : 107,
      "text" : "and",
      "whiteSpace" : false
    }, {
      "id" : "s1-t4",
      "begin" : 108,
      "end" : 109,
      "text" : "a",
      "whiteSpace" : false
    }, {
      "id" : "s1-t5",
      "begin" : 110,
      "end" : 114,
      "text" : "very",
      "whiteSpace" : false
    }, {
      "id" : "s1-t6",
      "begin" : 115,
      "end" : 123,
      "text" : "generous",
      "whiteSpace" : false
    }, {
      "id" : "s1-t7",
      "begin" : 124,
      "end" : 128,
      "text" : "size",
      "whiteSpace" : false
    }, {
      "id" : "s1-t8",
      "begin" : 128,
      "end" : 129,
      "text" : ".",
      "whiteSpace" : false
    } ]
  }, {
    "id" : "s2",
    "begin" : 131,
    "end" : 155,
    "text" : "Definitely worth a try !",
    "tokens" : [ {
      "id" : "s2-t0",
      "begin" : 131,
      "end" : 141,
      "text" : "Definitely",
      "whiteSpace" : false
    }, {
      "id" : "s2-t1",
      "begin" : 142,
      "end" : 147,
      "text" : "worth",
      "whiteSpace" : false
    }, {
      "id" : "s2-t2",
      "begin" : 148,
      "end" : 149,
      "text" : "a",
      "whiteSpace" : false
    }, {
      "id" : "s2-t3",
      "begin" : 150,
      "end" : 153,
      "text" : "try",
      "whiteSpace" : false
    }, {
      "id" : "s2-t4",
      "begin" : 154,
      "end" : 155,
      "text" : "!",
      "whiteSpace" : false
    } ]
  } ],
  "mentions" : [ {
    "id" : "s0-m1",
    "properties" : {
      "SIRE_MENTION_ROLE" : "Product",
      "SIRE_ENTITY_SUBTYPE" : "NONE",
      "SIRE_MENTION_TYPE" : "NONE",
      "SIRE_MENTION_CLASS" : "SPC"
    },
    "type" : "Product",
    "begin" : 5,
    "end" : 10,
    "inCoref" : true
  }, {
    "id" : "s0-m2",
    "properties" : {
      "SIRE_MENTION_ROLE" : "Product",
      "SIRE_ENTITY_SUBTYPE" : "NONE",
      "SIRE_MENTION_TYPE" : "NONE",
      "SIRE_MENTION_CLASS" : "SPC"
    },
    "type" : "Product",
    "begin" : 52,
    "end" : 54,
    "inCoref" : true
  } ],
  "relations" : [ ],
  "corefs" : [ {
    "id" : "c1",
    "properties" : { },
    "mentions" : [ "s0-m1", "s0-m2" ]
  } ],
  "typeResolved" : true,
  "userResolved" : false
}