{
  "id" : "78027a60-31da-11e8-9c9d-6505f4419106-11",
  "name" : "review_0770.json",
  "createdDate" : 0,
  "version" : 3,
  "text" : "Zico 33.8 Ounce tastes so good, crisp and pure.  It tastes way better than vitacoco which has an odd after taste.  My packs were fresh with an expiration of 9 months after I ordered.  Shipping was super fast and absolutely no damage to the containers.  You have to try out how delicious this brand is!",
  "docLength" : 0,
  "language" : "EN",
  "status" : "SUBMITTED",
  "modifiedDate" : 1522180506997,
  "documentSet" : [ ],
  "preannotation" : [ ],
  "sentences" : [ {
    "id" : "s0",
    "begin" : 0,
    "end" : 47,
    "text" : "Zico 33.8 Ounce tastes so good, crisp and pure.",
    "tokens" : [ {
      "id" : "s0-t0",
      "begin" : 0,
      "end" : 4,
      "text" : "Zico",
      "whiteSpace" : false
    }, {
      "id" : "s0-t1",
      "begin" : 5,
      "end" : 9,
      "text" : "33.8",
      "whiteSpace" : false
    }, {
      "id" : "s0-t2",
      "begin" : 10,
      "end" : 15,
      "text" : "Ounce",
      "whiteSpace" : false
    }, {
      "id" : "s0-t3",
      "begin" : 16,
      "end" : 22,
      "text" : "tastes",
      "whiteSpace" : false
    }, {
      "id" : "s0-t4",
      "begin" : 23,
      "end" : 25,
      "text" : "so",
      "whiteSpace" : false
    }, {
      "id" : "s0-t5",
      "begin" : 26,
      "end" : 30,
      "text" : "good",
      "whiteSpace" : false
    }, {
      "id" : "s0-t6",
      "begin" : 30,
      "end" : 31,
      "text" : ",",
      "whiteSpace" : false
    }, {
      "id" : "s0-t7",
      "begin" : 32,
      "end" : 37,
      "text" : "crisp",
      "whiteSpace" : false
    }, {
      "id" : "s0-t8",
      "begin" : 38,
      "end" : 41,
      "text" : "and",
      "whiteSpace" : false
    }, {
      "id" : "s0-t9",
      "begin" : 42,
      "end" : 46,
      "text" : "pure",
      "whiteSpace" : false
    }, {
      "id" : "s0-t10",
      "begin" : 46,
      "end" : 47,
      "text" : ".",
      "whiteSpace" : false
    } ]
  }, {
    "id" : "s1",
    "begin" : 49,
    "end" : 113,
    "text" : "It tastes way better than vitacoco which has an odd after taste.",
    "tokens" : [ {
      "id" : "s1-t0",
      "begin" : 49,
      "end" : 51,
      "text" : "It",
      "whiteSpace" : false
    }, {
      "id" : "s1-t1",
      "begin" : 52,
      "end" : 58,
      "text" : "tastes",
      "whiteSpace" : false
    }, {
      "id" : "s1-t2",
      "begin" : 59,
      "end" : 62,
      "text" : "way",
      "whiteSpace" : false
    }, {
      "id" : "s1-t3",
      "begin" : 63,
      "end" : 69,
      "text" : "better",
      "whiteSpace" : false
    }, {
      "id" : "s1-t4",
      "begin" : 70,
      "end" : 74,
      "text" : "than",
      "whiteSpace" : false
    }, {
      "id" : "s1-t5",
      "begin" : 75,
      "end" : 83,
      "text" : "vitacoco",
      "whiteSpace" : false
    }, {
      "id" : "s1-t6",
      "begin" : 84,
      "end" : 89,
      "text" : "which",
      "whiteSpace" : false
    }, {
      "id" : "s1-t7",
      "begin" : 90,
      "end" : 93,
      "text" : "has",
      "whiteSpace" : false
    }, {
      "id" : "s1-t8",
      "begin" : 94,
      "end" : 96,
      "text" : "an",
      "whiteSpace" : false
    }, {
      "id" : "s1-t9",
      "begin" : 97,
      "end" : 100,
      "text" : "odd",
      "whiteSpace" : false
    }, {
      "id" : "s1-t10",
      "begin" : 101,
      "end" : 106,
      "text" : "after",
      "whiteSpace" : false
    }, {
      "id" : "s1-t11",
      "begin" : 107,
      "end" : 112,
      "text" : "taste",
      "whiteSpace" : false
    }, {
      "id" : "s1-t12",
      "begin" : 112,
      "end" : 113,
      "text" : ".",
      "whiteSpace" : false
    } ]
  }, {
    "id" : "s2",
    "begin" : 115,
    "end" : 182,
    "text" : "My packs were fresh with an expiration of 9 months after I ordered.",
    "tokens" : [ {
      "id" : "s2-t0",
      "begin" : 115,
      "end" : 117,
      "text" : "My",
      "whiteSpace" : false
    }, {
      "id" : "s2-t1",
      "begin" : 118,
      "end" : 123,
      "text" : "packs",
      "whiteSpace" : false
    }, {
      "id" : "s2-t2",
      "begin" : 124,
      "end" : 128,
      "text" : "were",
      "whiteSpace" : false
    }, {
      "id" : "s2-t3",
      "begin" : 129,
      "end" : 134,
      "text" : "fresh",
      "whiteSpace" : false
    }, {
      "id" : "s2-t4",
      "begin" : 135,
      "end" : 139,
      "text" : "with",
      "whiteSpace" : false
    }, {
      "id" : "s2-t5",
      "begin" : 140,
      "end" : 142,
      "text" : "an",
      "whiteSpace" : false
    }, {
      "id" : "s2-t6",
      "begin" : 143,
      "end" : 153,
      "text" : "expiration",
      "whiteSpace" : false
    }, {
      "id" : "s2-t7",
      "begin" : 154,
      "end" : 156,
      "text" : "of",
      "whiteSpace" : false
    }, {
      "id" : "s2-t8",
      "begin" : 157,
      "end" : 158,
      "text" : "9",
      "whiteSpace" : false
    }, {
      "id" : "s2-t9",
      "begin" : 159,
      "end" : 165,
      "text" : "months",
      "whiteSpace" : false
    }, {
      "id" : "s2-t10",
      "begin" : 166,
      "end" : 171,
      "text" : "after",
      "whiteSpace" : false
    }, {
      "id" : "s2-t11",
      "begin" : 172,
      "end" : 173,
      "text" : "I",
      "whiteSpace" : false
    }, {
      "id" : "s2-t12",
      "begin" : 174,
      "end" : 181,
      "text" : "ordered",
      "whiteSpace" : false
    }, {
      "id" : "s2-t13",
      "begin" : 181,
      "end" : 182,
      "text" : ".",
      "whiteSpace" : false
    } ]
  }, {
    "id" : "s3",
    "begin" : 184,
    "end" : 251,
    "text" : "Shipping was super fast and absolutely no damage to the containers.",
    "tokens" : [ {
      "id" : "s3-t0",
      "begin" : 184,
      "end" : 192,
      "text" : "Shipping",
      "whiteSpace" : false
    }, {
      "id" : "s3-t1",
      "begin" : 193,
      "end" : 196,
      "text" : "was",
      "whiteSpace" : false
    }, {
      "id" : "s3-t2",
      "begin" : 197,
      "end" : 202,
      "text" : "super",
      "whiteSpace" : false
    }, {
      "id" : "s3-t3",
      "begin" : 203,
      "end" : 207,
      "text" : "fast",
      "whiteSpace" : false
    }, {
      "id" : "s3-t4",
      "begin" : 208,
      "end" : 211,
      "text" : "and",
      "whiteSpace" : false
    }, {
      "id" : "s3-t5",
      "begin" : 212,
      "end" : 222,
      "text" : "absolutely",
      "whiteSpace" : false
    }, {
      "id" : "s3-t6",
      "begin" : 223,
      "end" : 225,
      "text" : "no",
      "whiteSpace" : false
    }, {
      "id" : "s3-t7",
      "begin" : 226,
      "end" : 232,
      "text" : "damage",
      "whiteSpace" : false
    }, {
      "id" : "s3-t8",
      "begin" : 233,
      "end" : 235,
      "text" : "to",
      "whiteSpace" : false
    }, {
      "id" : "s3-t9",
      "begin" : 236,
      "end" : 239,
      "text" : "the",
      "whiteSpace" : false
    }, {
      "id" : "s3-t10",
      "begin" : 240,
      "end" : 250,
      "text" : "containers",
      "whiteSpace" : false
    }, {
      "id" : "s3-t11",
      "begin" : 250,
      "end" : 251,
      "text" : ".",
      "whiteSpace" : false
    } ]
  }, {
    "id" : "s4",
    "begin" : 253,
    "end" : 301,
    "text" : "You have to try out how delicious this brand is!",
    "tokens" : [ {
      "id" : "s4-t0",
      "begin" : 253,
      "end" : 256,
      "text" : "You",
      "whiteSpace" : false
    }, {
      "id" : "s4-t1",
      "begin" : 257,
      "end" : 261,
      "text" : "have",
      "whiteSpace" : false
    }, {
      "id" : "s4-t2",
      "begin" : 262,
      "end" : 264,
      "text" : "to",
      "whiteSpace" : false
    }, {
      "id" : "s4-t3",
      "begin" : 265,
      "end" : 268,
      "text" : "try",
      "whiteSpace" : false
    }, {
      "id" : "s4-t4",
      "begin" : 269,
      "end" : 272,
      "text" : "out",
      "whiteSpace" : false
    }, {
      "id" : "s4-t5",
      "begin" : 273,
      "end" : 276,
      "text" : "how",
      "whiteSpace" : false
    }, {
      "id" : "s4-t6",
      "begin" : 277,
      "end" : 286,
      "text" : "delicious",
      "whiteSpace" : false
    }, {
      "id" : "s4-t7",
      "begin" : 287,
      "end" : 291,
      "text" : "this",
      "whiteSpace" : false
    }, {
      "id" : "s4-t8",
      "begin" : 292,
      "end" : 297,
      "text" : "brand",
      "whiteSpace" : false
    }, {
      "id" : "s4-t9",
      "begin" : 298,
      "end" : 300,
      "text" : "is",
      "whiteSpace" : false
    }, {
      "id" : "s4-t10",
      "begin" : 300,
      "end" : 301,
      "text" : "!",
      "whiteSpace" : false
    } ]
  } ],
  "mentions" : [ {
    "id" : "s0-m1",
    "properties" : {
      "SIRE_MENTION_ROLE" : "Product",
      "SIRE_ENTITY_SUBTYPE" : "NONE",
      "SIRE_MENTION_TYPE" : "NONE",
      "SIRE_MENTION_CLASS" : "SPC"
    },
    "type" : "Brand",
    "begin" : 0,
    "end" : 4,
    "inCoref" : true
  }, {
    "id" : "s1-m1",
    "properties" : {
      "SIRE_MENTION_ROLE" : "Product",
      "SIRE_ENTITY_SUBTYPE" : "NONE",
      "SIRE_MENTION_TYPE" : "NONE",
      "SIRE_MENTION_CLASS" : "SPC"
    },
    "type" : "Product",
    "begin" : 49,
    "end" : 51,
    "inCoref" : true
  }, {
    "id" : "s1-m2",
    "properties" : {
      "SIRE_MENTION_ROLE" : "Brand",
      "SIRE_ENTITY_SUBTYPE" : "NONE",
      "SIRE_MENTION_TYPE" : "NONE",
      "SIRE_MENTION_CLASS" : "SPC"
    },
    "type" : "Brand",
    "begin" : 75,
    "end" : 83,
    "inCoref" : false
  }, {
    "id" : "s2-m1",
    "properties" : {
      "SIRE_MENTION_ROLE" : "Product",
      "SIRE_ENTITY_SUBTYPE" : "NONE",
      "SIRE_MENTION_TYPE" : "NONE",
      "SIRE_MENTION_CLASS" : "SPC"
    },
    "type" : "Product",
    "begin" : 118,
    "end" : 123,
    "inCoref" : true
  }, {
    "id" : "s4-m1",
    "properties" : {
      "SIRE_MENTION_ROLE" : "Brand",
      "SIRE_ENTITY_SUBTYPE" : "NONE",
      "SIRE_MENTION_TYPE" : "NONE",
      "SIRE_MENTION_CLASS" : "SPC"
    },
    "type" : "Brand",
    "begin" : 292,
    "end" : 297,
    "inCoref" : false
  } ],
  "relations" : [ ],
  "corefs" : [ {
    "id" : "c1",
    "properties" : { },
    "mentions" : [ "s1-m1", "s2-m1", "s0-m1" ]
  } ],
  "typeResolved" : true,
  "userResolved" : false
}