{
  "id" : "78027a60-31da-11e8-9c9d-6505f4419106-12",
  "name" : "review_0810.json",
  "createdDate" : 0,
  "version" : 3,
  "text" : "I have to agree with other reviewers who find the description misleading. It does not seem to be any healthier than my dogs previous food (Dog Chow also made by Purina). And while he does love this and ate it more quickly than any other food I think I will stick with what we always buy him. The Dog Chow is cheaper ($12 for a 20lb. bag) for more!",
  "docLength" : 0,
  "language" : "EN",
  "status" : "SUBMITTED",
  "modifiedDate" : 1522180684078,
  "documentSet" : [ ],
  "preannotation" : [ ],
  "sentences" : [ {
    "id" : "s0",
    "begin" : 0,
    "end" : 73,
    "text" : "I have to agree with other reviewers who find the description misleading.",
    "tokens" : [ {
      "id" : "s0-t0",
      "begin" : 0,
      "end" : 1,
      "text" : "I",
      "whiteSpace" : false
    }, {
      "id" : "s0-t1",
      "begin" : 2,
      "end" : 6,
      "text" : "have",
      "whiteSpace" : false
    }, {
      "id" : "s0-t2",
      "begin" : 7,
      "end" : 9,
      "text" : "to",
      "whiteSpace" : false
    }, {
      "id" : "s0-t3",
      "begin" : 10,
      "end" : 15,
      "text" : "agree",
      "whiteSpace" : false
    }, {
      "id" : "s0-t4",
      "begin" : 16,
      "end" : 20,
      "text" : "with",
      "whiteSpace" : false
    }, {
      "id" : "s0-t5",
      "begin" : 21,
      "end" : 26,
      "text" : "other",
      "whiteSpace" : false
    }, {
      "id" : "s0-t6",
      "begin" : 27,
      "end" : 36,
      "text" : "reviewers",
      "whiteSpace" : false
    }, {
      "id" : "s0-t7",
      "begin" : 37,
      "end" : 40,
      "text" : "who",
      "whiteSpace" : false
    }, {
      "id" : "s0-t8",
      "begin" : 41,
      "end" : 45,
      "text" : "find",
      "whiteSpace" : false
    }, {
      "id" : "s0-t9",
      "begin" : 46,
      "end" : 49,
      "text" : "the",
      "whiteSpace" : false
    }, {
      "id" : "s0-t10",
      "begin" : 50,
      "end" : 61,
      "text" : "description",
      "whiteSpace" : false
    }, {
      "id" : "s0-t11",
      "begin" : 62,
      "end" : 72,
      "text" : "misleading",
      "whiteSpace" : false
    }, {
      "id" : "s0-t12",
      "begin" : 72,
      "end" : 73,
      "text" : ".",
      "whiteSpace" : false
    } ]
  }, {
    "id" : "s1",
    "begin" : 74,
    "end" : 169,
    "text" : "It does not seem to be any healthier than my dogs previous food (Dog Chow also made by Purina).",
    "tokens" : [ {
      "id" : "s1-t0",
      "begin" : 74,
      "end" : 76,
      "text" : "It",
      "whiteSpace" : false
    }, {
      "id" : "s1-t1",
      "begin" : 77,
      "end" : 81,
      "text" : "does",
      "whiteSpace" : false
    }, {
      "id" : "s1-t2",
      "begin" : 82,
      "end" : 85,
      "text" : "not",
      "whiteSpace" : false
    }, {
      "id" : "s1-t3",
      "begin" : 86,
      "end" : 90,
      "text" : "seem",
      "whiteSpace" : false
    }, {
      "id" : "s1-t4",
      "begin" : 91,
      "end" : 93,
      "text" : "to",
      "whiteSpace" : false
    }, {
      "id" : "s1-t5",
      "begin" : 94,
      "end" : 96,
      "text" : "be",
      "whiteSpace" : false
    }, {
      "id" : "s1-t6",
      "begin" : 97,
      "end" : 100,
      "text" : "any",
      "whiteSpace" : false
    }, {
      "id" : "s1-t7",
      "begin" : 101,
      "end" : 110,
      "text" : "healthier",
      "whiteSpace" : false
    }, {
      "id" : "s1-t8",
      "begin" : 111,
      "end" : 115,
      "text" : "than",
      "whiteSpace" : false
    }, {
      "id" : "s1-t9",
      "begin" : 116,
      "end" : 118,
      "text" : "my",
      "whiteSpace" : false
    }, {
      "id" : "s1-t10",
      "begin" : 119,
      "end" : 123,
      "text" : "dogs",
      "whiteSpace" : false
    }, {
      "id" : "s1-t11",
      "begin" : 124,
      "end" : 132,
      "text" : "previous",
      "whiteSpace" : false
    }, {
      "id" : "s1-t12",
      "begin" : 133,
      "end" : 137,
      "text" : "food",
      "whiteSpace" : false
    }, {
      "id" : "s1-t13",
      "begin" : 138,
      "end" : 139,
      "text" : "(",
      "whiteSpace" : false
    }, {
      "id" : "s1-t14",
      "begin" : 139,
      "end" : 142,
      "text" : "Dog",
      "whiteSpace" : false
    }, {
      "id" : "s1-t15",
      "begin" : 143,
      "end" : 147,
      "text" : "Chow",
      "whiteSpace" : false
    }, {
      "id" : "s1-t16",
      "begin" : 148,
      "end" : 152,
      "text" : "also",
      "whiteSpace" : false
    }, {
      "id" : "s1-t17",
      "begin" : 153,
      "end" : 157,
      "text" : "made",
      "whiteSpace" : false
    }, {
      "id" : "s1-t18",
      "begin" : 158,
      "end" : 160,
      "text" : "by",
      "whiteSpace" : false
    }, {
      "id" : "s1-t19",
      "begin" : 161,
      "end" : 167,
      "text" : "Purina",
      "whiteSpace" : false
    }, {
      "id" : "s1-t20",
      "begin" : 167,
      "end" : 168,
      "text" : ")",
      "whiteSpace" : false
    }, {
      "id" : "s1-t21",
      "begin" : 168,
      "end" : 169,
      "text" : ".",
      "whiteSpace" : false
    } ]
  }, {
    "id" : "s2",
    "begin" : 170,
    "end" : 291,
    "text" : "And while he does love this and ate it more quickly than any other food I think I will stick with what we always buy him.",
    "tokens" : [ {
      "id" : "s2-t0",
      "begin" : 170,
      "end" : 173,
      "text" : "And",
      "whiteSpace" : false
    }, {
      "id" : "s2-t1",
      "begin" : 174,
      "end" : 179,
      "text" : "while",
      "whiteSpace" : false
    }, {
      "id" : "s2-t2",
      "begin" : 180,
      "end" : 182,
      "text" : "he",
      "whiteSpace" : false
    }, {
      "id" : "s2-t3",
      "begin" : 183,
      "end" : 187,
      "text" : "does",
      "whiteSpace" : false
    }, {
      "id" : "s2-t4",
      "begin" : 188,
      "end" : 192,
      "text" : "love",
      "whiteSpace" : false
    }, {
      "id" : "s2-t5",
      "begin" : 193,
      "end" : 197,
      "text" : "this",
      "whiteSpace" : false
    }, {
      "id" : "s2-t6",
      "begin" : 198,
      "end" : 201,
      "text" : "and",
      "whiteSpace" : false
    }, {
      "id" : "s2-t7",
      "begin" : 202,
      "end" : 205,
      "text" : "ate",
      "whiteSpace" : false
    }, {
      "id" : "s2-t8",
      "begin" : 206,
      "end" : 208,
      "text" : "it",
      "whiteSpace" : false
    }, {
      "id" : "s2-t9",
      "begin" : 209,
      "end" : 213,
      "text" : "more",
      "whiteSpace" : false
    }, {
      "id" : "s2-t10",
      "begin" : 214,
      "end" : 221,
      "text" : "quickly",
      "whiteSpace" : false
    }, {
      "id" : "s2-t11",
      "begin" : 222,
      "end" : 226,
      "text" : "than",
      "whiteSpace" : false
    }, {
      "id" : "s2-t12",
      "begin" : 227,
      "end" : 230,
      "text" : "any",
      "whiteSpace" : false
    }, {
      "id" : "s2-t13",
      "begin" : 231,
      "end" : 236,
      "text" : "other",
      "whiteSpace" : false
    }, {
      "id" : "s2-t14",
      "begin" : 237,
      "end" : 241,
      "text" : "food",
      "whiteSpace" : false
    }, {
      "id" : "s2-t15",
      "begin" : 242,
      "end" : 243,
      "text" : "I",
      "whiteSpace" : false
    }, {
      "id" : "s2-t16",
      "begin" : 244,
      "end" : 249,
      "text" : "think",
      "whiteSpace" : false
    }, {
      "id" : "s2-t17",
      "begin" : 250,
      "end" : 251,
      "text" : "I",
      "whiteSpace" : false
    }, {
      "id" : "s2-t18",
      "begin" : 252,
      "end" : 256,
      "text" : "will",
      "whiteSpace" : false
    }, {
      "id" : "s2-t19",
      "begin" : 257,
      "end" : 262,
      "text" : "stick",
      "whiteSpace" : false
    }, {
      "id" : "s2-t20",
      "begin" : 263,
      "end" : 267,
      "text" : "with",
      "whiteSpace" : false
    }, {
      "id" : "s2-t21",
      "begin" : 268,
      "end" : 272,
      "text" : "what",
      "whiteSpace" : false
    }, {
      "id" : "s2-t22",
      "begin" : 273,
      "end" : 275,
      "text" : "we",
      "whiteSpace" : false
    }, {
      "id" : "s2-t23",
      "begin" : 276,
      "end" : 282,
      "text" : "always",
      "whiteSpace" : false
    }, {
      "id" : "s2-t24",
      "begin" : 283,
      "end" : 286,
      "text" : "buy",
      "whiteSpace" : false
    }, {
      "id" : "s2-t25",
      "begin" : 287,
      "end" : 290,
      "text" : "him",
      "whiteSpace" : false
    }, {
      "id" : "s2-t26",
      "begin" : 290,
      "end" : 291,
      "text" : ".",
      "whiteSpace" : false
    } ]
  }, {
    "id" : "s3",
    "begin" : 292,
    "end" : 347,
    "text" : "The Dog Chow is cheaper ($12 for a 20lb. bag) for more!",
    "tokens" : [ {
      "id" : "s3-t0",
      "begin" : 292,
      "end" : 295,
      "text" : "The",
      "whiteSpace" : false
    }, {
      "id" : "s3-t1",
      "begin" : 296,
      "end" : 299,
      "text" : "Dog",
      "whiteSpace" : false
    }, {
      "id" : "s3-t2",
      "begin" : 300,
      "end" : 304,
      "text" : "Chow",
      "whiteSpace" : false
    }, {
      "id" : "s3-t3",
      "begin" : 305,
      "end" : 307,
      "text" : "is",
      "whiteSpace" : false
    }, {
      "id" : "s3-t4",
      "begin" : 308,
      "end" : 315,
      "text" : "cheaper",
      "whiteSpace" : false
    }, {
      "id" : "s3-t5",
      "begin" : 316,
      "end" : 317,
      "text" : "(",
      "whiteSpace" : false
    }, {
      "id" : "s3-t6",
      "begin" : 317,
      "end" : 318,
      "text" : "$",
      "whiteSpace" : false
    }, {
      "id" : "s3-t7",
      "begin" : 318,
      "end" : 320,
      "text" : "12",
      "whiteSpace" : false
    }, {
      "id" : "s3-t8",
      "begin" : 321,
      "end" : 324,
      "text" : "for",
      "whiteSpace" : false
    }, {
      "id" : "s3-t9",
      "begin" : 325,
      "end" : 326,
      "text" : "a",
      "whiteSpace" : false
    }, {
      "id" : "s3-t10",
      "begin" : 327,
      "end" : 332,
      "text" : "20lb.",
      "whiteSpace" : false
    }, {
      "id" : "s3-t11",
      "begin" : 333,
      "end" : 336,
      "text" : "bag",
      "whiteSpace" : false
    }, {
      "id" : "s3-t12",
      "begin" : 336,
      "end" : 337,
      "text" : ")",
      "whiteSpace" : false
    }, {
      "id" : "s3-t13",
      "begin" : 338,
      "end" : 341,
      "text" : "for",
      "whiteSpace" : false
    }, {
      "id" : "s3-t14",
      "begin" : 342,
      "end" : 346,
      "text" : "more",
      "whiteSpace" : false
    }, {
      "id" : "s3-t15",
      "begin" : 346,
      "end" : 347,
      "text" : "!",
      "whiteSpace" : false
    } ]
  } ],
  "mentions" : [ {
    "id" : "s1-m1",
    "properties" : {
      "SIRE_MENTION_ROLE" : "Product",
      "SIRE_ENTITY_SUBTYPE" : "NONE",
      "SIRE_MENTION_TYPE" : "NONE",
      "SIRE_MENTION_CLASS" : "SPC"
    },
    "type" : "Product",
    "begin" : 74,
    "end" : 76,
    "inCoref" : true
  }, {
    "id" : "s1-m2",
    "properties" : {
      "SIRE_MENTION_ROLE" : "Product",
      "SIRE_ENTITY_SUBTYPE" : "NONE",
      "SIRE_MENTION_TYPE" : "NONE",
      "SIRE_MENTION_CLASS" : "SPC"
    },
    "type" : "Product",
    "begin" : 133,
    "end" : 137,
    "inCoref" : true
  }, {
    "id" : "s1-m3",
    "properties" : {
      "SIRE_MENTION_ROLE" : "Product",
      "SIRE_ENTITY_SUBTYPE" : "NONE",
      "SIRE_MENTION_TYPE" : "NONE",
      "SIRE_MENTION_CLASS" : "SPC"
    },
    "type" : "Product",
    "begin" : 139,
    "end" : 147,
    "inCoref" : true
  }, {
    "id" : "s1-m4",
    "properties" : {
      "SIRE_MENTION_ROLE" : "Brand",
      "SIRE_ENTITY_SUBTYPE" : "NONE",
      "SIRE_MENTION_TYPE" : "NONE",
      "SIRE_MENTION_CLASS" : "SPC"
    },
    "type" : "Brand",
    "begin" : 161,
    "end" : 167,
    "inCoref" : false
  }, {
    "id" : "s2-m1",
    "properties" : {
      "SIRE_MENTION_ROLE" : "Product",
      "SIRE_ENTITY_SUBTYPE" : "NONE",
      "SIRE_MENTION_TYPE" : "NONE",
      "SIRE_MENTION_CLASS" : "SPC"
    },
    "type" : "Product",
    "begin" : 193,
    "end" : 197,
    "inCoref" : true
  }, {
    "id" : "s2-m2",
    "properties" : {
      "SIRE_MENTION_ROLE" : "Product",
      "SIRE_ENTITY_SUBTYPE" : "NONE",
      "SIRE_MENTION_TYPE" : "NONE",
      "SIRE_MENTION_CLASS" : "SPC"
    },
    "type" : "Product",
    "begin" : 206,
    "end" : 208,
    "inCoref" : true
  }, {
    "id" : "s2-m3",
    "properties" : {
      "SIRE_MENTION_ROLE" : "Product",
      "SIRE_ENTITY_SUBTYPE" : "NONE",
      "SIRE_MENTION_TYPE" : "NONE",
      "SIRE_MENTION_CLASS" : "SPC"
    },
    "type" : "Product",
    "begin" : 237,
    "end" : 241,
    "inCoref" : false
  }, {
    "id" : "s3-m1",
    "properties" : {
      "SIRE_MENTION_ROLE" : "Product",
      "SIRE_ENTITY_SUBTYPE" : "NONE",
      "SIRE_MENTION_TYPE" : "NONE",
      "SIRE_MENTION_CLASS" : "SPC"
    },
    "type" : "Product",
    "begin" : 296,
    "end" : 304,
    "inCoref" : true
  } ],
  "relations" : [ {
    "id" : "s1-r1",
    "properties" : { },
    "type" : "brandOf",
    "args" : [ "s1-m4", "s1-m3" ]
  } ],
  "corefs" : [ {
    "id" : "c1",
    "properties" : { },
    "mentions" : [ "s1-m2", "s1-m3", "s3-m1" ]
  }, {
    "id" : "c2",
    "properties" : { },
    "mentions" : [ "s1-m1", "s2-m1", "s2-m2" ]
  } ],
  "typeResolved" : true,
  "userResolved" : false
}