{
  "id" : "78027a60-31da-11e8-9c9d-6505f4419106-5",
  "name" : "review_0314.json",
  "createdDate" : 0,
  "version" : 3,
  "text" : "If you are a real coffee drinker you will love this brew.  It is fairly stong but I feel that all coffees should be strong.  The flavor is smooth and there is no bitter aftertase.  Try it and you won't be sorry!  It is now my favorite.",
  "docLength" : 0,
  "language" : "EN",
  "status" : "SUBMITTED",
  "modifiedDate" : 1522184609166,
  "documentSet" : [ ],
  "preannotation" : [ ],
  "sentences" : [ {
    "id" : "s0",
    "begin" : 0,
    "end" : 57,
    "text" : "If you are a real coffee drinker you will love this brew.",
    "tokens" : [ {
      "id" : "s0-t0",
      "begin" : 0,
      "end" : 2,
      "text" : "If",
      "whiteSpace" : false
    }, {
      "id" : "s0-t1",
      "begin" : 3,
      "end" : 6,
      "text" : "you",
      "whiteSpace" : false
    }, {
      "id" : "s0-t2",
      "begin" : 7,
      "end" : 10,
      "text" : "are",
      "whiteSpace" : false
    }, {
      "id" : "s0-t3",
      "begin" : 11,
      "end" : 12,
      "text" : "a",
      "whiteSpace" : false
    }, {
      "id" : "s0-t4",
      "begin" : 13,
      "end" : 17,
      "text" : "real",
      "whiteSpace" : false
    }, {
      "id" : "s0-t5",
      "begin" : 18,
      "end" : 24,
      "text" : "coffee",
      "whiteSpace" : false
    }, {
      "id" : "s0-t6",
      "begin" : 25,
      "end" : 32,
      "text" : "drinker",
      "whiteSpace" : false
    }, {
      "id" : "s0-t7",
      "begin" : 33,
      "end" : 36,
      "text" : "you",
      "whiteSpace" : false
    }, {
      "id" : "s0-t8",
      "begin" : 37,
      "end" : 41,
      "text" : "will",
      "whiteSpace" : false
    }, {
      "id" : "s0-t9",
      "begin" : 42,
      "end" : 46,
      "text" : "love",
      "whiteSpace" : false
    }, {
      "id" : "s0-t10",
      "begin" : 47,
      "end" : 51,
      "text" : "this",
      "whiteSpace" : false
    }, {
      "id" : "s0-t11",
      "begin" : 52,
      "end" : 56,
      "text" : "brew",
      "whiteSpace" : false
    }, {
      "id" : "s0-t12",
      "begin" : 56,
      "end" : 57,
      "text" : ".",
      "whiteSpace" : false
    } ]
  }, {
    "id" : "s1",
    "begin" : 59,
    "end" : 123,
    "text" : "It is fairly stong but I feel that all coffees should be strong.",
    "tokens" : [ {
      "id" : "s1-t0",
      "begin" : 59,
      "end" : 61,
      "text" : "It",
      "whiteSpace" : false
    }, {
      "id" : "s1-t1",
      "begin" : 62,
      "end" : 64,
      "text" : "is",
      "whiteSpace" : false
    }, {
      "id" : "s1-t2",
      "begin" : 65,
      "end" : 71,
      "text" : "fairly",
      "whiteSpace" : false
    }, {
      "id" : "s1-t3",
      "begin" : 72,
      "end" : 77,
      "text" : "stong",
      "whiteSpace" : false
    }, {
      "id" : "s1-t4",
      "begin" : 78,
      "end" : 81,
      "text" : "but",
      "whiteSpace" : false
    }, {
      "id" : "s1-t5",
      "begin" : 82,
      "end" : 83,
      "text" : "I",
      "whiteSpace" : false
    }, {
      "id" : "s1-t6",
      "begin" : 84,
      "end" : 88,
      "text" : "feel",
      "whiteSpace" : false
    }, {
      "id" : "s1-t7",
      "begin" : 89,
      "end" : 93,
      "text" : "that",
      "whiteSpace" : false
    }, {
      "id" : "s1-t8",
      "begin" : 94,
      "end" : 97,
      "text" : "all",
      "whiteSpace" : false
    }, {
      "id" : "s1-t9",
      "begin" : 98,
      "end" : 105,
      "text" : "coffees",
      "whiteSpace" : false
    }, {
      "id" : "s1-t10",
      "begin" : 106,
      "end" : 112,
      "text" : "should",
      "whiteSpace" : false
    }, {
      "id" : "s1-t11",
      "begin" : 113,
      "end" : 115,
      "text" : "be",
      "whiteSpace" : false
    }, {
      "id" : "s1-t12",
      "begin" : 116,
      "end" : 122,
      "text" : "strong",
      "whiteSpace" : false
    }, {
      "id" : "s1-t13",
      "begin" : 122,
      "end" : 123,
      "text" : ".",
      "whiteSpace" : false
    } ]
  }, {
    "id" : "s2",
    "begin" : 125,
    "end" : 179,
    "text" : "The flavor is smooth and there is no bitter aftertase.",
    "tokens" : [ {
      "id" : "s2-t0",
      "begin" : 125,
      "end" : 128,
      "text" : "The",
      "whiteSpace" : false
    }, {
      "id" : "s2-t1",
      "begin" : 129,
      "end" : 135,
      "text" : "flavor",
      "whiteSpace" : false
    }, {
      "id" : "s2-t2",
      "begin" : 136,
      "end" : 138,
      "text" : "is",
      "whiteSpace" : false
    }, {
      "id" : "s2-t3",
      "begin" : 139,
      "end" : 145,
      "text" : "smooth",
      "whiteSpace" : false
    }, {
      "id" : "s2-t4",
      "begin" : 146,
      "end" : 149,
      "text" : "and",
      "whiteSpace" : false
    }, {
      "id" : "s2-t5",
      "begin" : 150,
      "end" : 155,
      "text" : "there",
      "whiteSpace" : false
    }, {
      "id" : "s2-t6",
      "begin" : 156,
      "end" : 158,
      "text" : "is",
      "whiteSpace" : false
    }, {
      "id" : "s2-t7",
      "begin" : 159,
      "end" : 161,
      "text" : "no",
      "whiteSpace" : false
    }, {
      "id" : "s2-t8",
      "begin" : 162,
      "end" : 168,
      "text" : "bitter",
      "whiteSpace" : false
    }, {
      "id" : "s2-t9",
      "begin" : 169,
      "end" : 178,
      "text" : "aftertase",
      "whiteSpace" : false
    }, {
      "id" : "s2-t10",
      "begin" : 178,
      "end" : 179,
      "text" : ".",
      "whiteSpace" : false
    } ]
  }, {
    "id" : "s3",
    "begin" : 181,
    "end" : 211,
    "text" : "Try it and you won't be sorry!",
    "tokens" : [ {
      "id" : "s3-t0",
      "begin" : 181,
      "end" : 184,
      "text" : "Try",
      "whiteSpace" : false
    }, {
      "id" : "s3-t1",
      "begin" : 185,
      "end" : 187,
      "text" : "it",
      "whiteSpace" : false
    }, {
      "id" : "s3-t2",
      "begin" : 188,
      "end" : 191,
      "text" : "and",
      "whiteSpace" : false
    }, {
      "id" : "s3-t3",
      "begin" : 192,
      "end" : 195,
      "text" : "you",
      "whiteSpace" : false
    }, {
      "id" : "s3-t4",
      "begin" : 196,
      "end" : 198,
      "text" : "wo",
      "whiteSpace" : false
    }, {
      "id" : "s3-t5",
      "begin" : 198,
      "end" : 201,
      "text" : "n't",
      "whiteSpace" : false
    }, {
      "id" : "s3-t6",
      "begin" : 202,
      "end" : 204,
      "text" : "be",
      "whiteSpace" : false
    }, {
      "id" : "s3-t7",
      "begin" : 205,
      "end" : 210,
      "text" : "sorry",
      "whiteSpace" : false
    }, {
      "id" : "s3-t8",
      "begin" : 210,
      "end" : 211,
      "text" : "!",
      "whiteSpace" : false
    } ]
  }, {
    "id" : "s4",
    "begin" : 213,
    "end" : 235,
    "text" : "It is now my favorite.",
    "tokens" : [ {
      "id" : "s4-t0",
      "begin" : 213,
      "end" : 215,
      "text" : "It",
      "whiteSpace" : false
    }, {
      "id" : "s4-t1",
      "begin" : 216,
      "end" : 218,
      "text" : "is",
      "whiteSpace" : false
    }, {
      "id" : "s4-t2",
      "begin" : 219,
      "end" : 222,
      "text" : "now",
      "whiteSpace" : false
    }, {
      "id" : "s4-t3",
      "begin" : 223,
      "end" : 225,
      "text" : "my",
      "whiteSpace" : false
    }, {
      "id" : "s4-t4",
      "begin" : 226,
      "end" : 234,
      "text" : "favorite",
      "whiteSpace" : false
    }, {
      "id" : "s4-t5",
      "begin" : 234,
      "end" : 235,
      "text" : ".",
      "whiteSpace" : false
    } ]
  } ],
  "mentions" : [ {
    "id" : "s0-m1",
    "properties" : {
      "SIRE_MENTION_ROLE" : "Product",
      "SIRE_ENTITY_SUBTYPE" : "NONE",
      "SIRE_MENTION_TYPE" : "NONE",
      "SIRE_MENTION_CLASS" : "SPC"
    },
    "type" : "Product",
    "begin" : 18,
    "end" : 24,
    "inCoref" : true
  }, {
    "id" : "s0-m2",
    "properties" : {
      "SIRE_MENTION_ROLE" : "Product",
      "SIRE_ENTITY_SUBTYPE" : "NONE",
      "SIRE_MENTION_TYPE" : "NONE",
      "SIRE_MENTION_CLASS" : "SPC"
    },
    "type" : "Product",
    "begin" : 52,
    "end" : 56,
    "inCoref" : true
  }, {
    "id" : "s1-m1",
    "properties" : {
      "SIRE_MENTION_ROLE" : "Product",
      "SIRE_ENTITY_SUBTYPE" : "NONE",
      "SIRE_MENTION_TYPE" : "NONE",
      "SIRE_MENTION_CLASS" : "SPC"
    },
    "type" : "Product",
    "begin" : 59,
    "end" : 61,
    "inCoref" : true
  }, {
    "id" : "s1-m2",
    "properties" : {
      "SIRE_MENTION_ROLE" : "Product",
      "SIRE_ENTITY_SUBTYPE" : "NONE",
      "SIRE_MENTION_TYPE" : "NONE",
      "SIRE_MENTION_CLASS" : "SPC"
    },
    "type" : "Product",
    "begin" : 98,
    "end" : 105,
    "inCoref" : true
  }, {
    "id" : "s3-m1",
    "properties" : {
      "SIRE_MENTION_ROLE" : "Product",
      "SIRE_ENTITY_SUBTYPE" : "NONE",
      "SIRE_MENTION_TYPE" : "NONE",
      "SIRE_MENTION_CLASS" : "SPC"
    },
    "type" : "Product",
    "begin" : 185,
    "end" : 187,
    "inCoref" : true
  }, {
    "id" : "s4-m1",
    "properties" : {
      "SIRE_MENTION_ROLE" : "Product",
      "SIRE_ENTITY_SUBTYPE" : "NONE",
      "SIRE_MENTION_TYPE" : "NONE",
      "SIRE_MENTION_CLASS" : "SPC"
    },
    "type" : "Product",
    "begin" : 213,
    "end" : 215,
    "inCoref" : true
  } ],
  "relations" : [ ],
  "corefs" : [ {
    "id" : "c1",
    "properties" : { },
    "mentions" : [ "s0-m2", "s1-m1", "s3-m1", "s4-m1" ]
  }, {
    "id" : "c2",
    "properties" : { },
    "mentions" : [ "s1-m2", "s0-m1" ]
  } ],
  "typeResolved" : true,
  "userResolved" : false
}