{
  "id" : "78027a60-31da-11e8-9c9d-6505f4419106-23",
  "name" : "review_1580.json",
  "createdDate" : 0,
  "version" : 3,
  "text" : "I got a free sample of these once, and now--we're on the subscribe and save program.  Not much of a chip fan, I love the slight spiciness of these (from the pepper) and the exploded texture of the chip.  It's so nice they're not greasy, and they manage to hit those little salty + crunchy cravings that hit everyonce in a while!  Definitely recommended.",
  "docLength" : 0,
  "language" : "EN",
  "status" : "SUBMITTED",
  "modifiedDate" : 1522182931653,
  "documentSet" : [ ],
  "preannotation" : [ ],
  "sentences" : [ {
    "id" : "s0",
    "begin" : 0,
    "end" : 84,
    "text" : "I got a free sample of these once, and now--we're on the subscribe and save program.",
    "tokens" : [ {
      "id" : "s0-t0",
      "begin" : 0,
      "end" : 1,
      "text" : "I",
      "whiteSpace" : false
    }, {
      "id" : "s0-t1",
      "begin" : 2,
      "end" : 5,
      "text" : "got",
      "whiteSpace" : false
    }, {
      "id" : "s0-t2",
      "begin" : 6,
      "end" : 7,
      "text" : "a",
      "whiteSpace" : false
    }, {
      "id" : "s0-t3",
      "begin" : 8,
      "end" : 12,
      "text" : "free",
      "whiteSpace" : false
    }, {
      "id" : "s0-t4",
      "begin" : 13,
      "end" : 19,
      "text" : "sample",
      "whiteSpace" : false
    }, {
      "id" : "s0-t5",
      "begin" : 20,
      "end" : 22,
      "text" : "of",
      "whiteSpace" : false
    }, {
      "id" : "s0-t6",
      "begin" : 23,
      "end" : 28,
      "text" : "these",
      "whiteSpace" : false
    }, {
      "id" : "s0-t7",
      "begin" : 29,
      "end" : 33,
      "text" : "once",
      "whiteSpace" : false
    }, {
      "id" : "s0-t8",
      "begin" : 33,
      "end" : 34,
      "text" : ",",
      "whiteSpace" : false
    }, {
      "id" : "s0-t9",
      "begin" : 35,
      "end" : 38,
      "text" : "and",
      "whiteSpace" : false
    }, {
      "id" : "s0-t10",
      "begin" : 39,
      "end" : 42,
      "text" : "now",
      "whiteSpace" : false
    }, {
      "id" : "s0-t11",
      "begin" : 42,
      "end" : 44,
      "text" : "--",
      "whiteSpace" : false
    }, {
      "id" : "s0-t12",
      "begin" : 44,
      "end" : 46,
      "text" : "we",
      "whiteSpace" : false
    }, {
      "id" : "s0-t13",
      "begin" : 46,
      "end" : 49,
      "text" : "'re",
      "whiteSpace" : false
    }, {
      "id" : "s0-t14",
      "begin" : 50,
      "end" : 52,
      "text" : "on",
      "whiteSpace" : false
    }, {
      "id" : "s0-t15",
      "begin" : 53,
      "end" : 56,
      "text" : "the",
      "whiteSpace" : false
    }, {
      "id" : "s0-t16",
      "begin" : 57,
      "end" : 66,
      "text" : "subscribe",
      "whiteSpace" : false
    }, {
      "id" : "s0-t17",
      "begin" : 67,
      "end" : 70,
      "text" : "and",
      "whiteSpace" : false
    }, {
      "id" : "s0-t18",
      "begin" : 71,
      "end" : 75,
      "text" : "save",
      "whiteSpace" : false
    }, {
      "id" : "s0-t19",
      "begin" : 76,
      "end" : 83,
      "text" : "program",
      "whiteSpace" : false
    }, {
      "id" : "s0-t20",
      "begin" : 83,
      "end" : 84,
      "text" : ".",
      "whiteSpace" : false
    } ]
  }, {
    "id" : "s1",
    "begin" : 86,
    "end" : 202,
    "text" : "Not much of a chip fan, I love the slight spiciness of these (from the pepper) and the exploded texture of the chip.",
    "tokens" : [ {
      "id" : "s1-t0",
      "begin" : 86,
      "end" : 89,
      "text" : "Not",
      "whiteSpace" : false
    }, {
      "id" : "s1-t1",
      "begin" : 90,
      "end" : 94,
      "text" : "much",
      "whiteSpace" : false
    }, {
      "id" : "s1-t2",
      "begin" : 95,
      "end" : 97,
      "text" : "of",
      "whiteSpace" : false
    }, {
      "id" : "s1-t3",
      "begin" : 98,
      "end" : 99,
      "text" : "a",
      "whiteSpace" : false
    }, {
      "id" : "s1-t4",
      "begin" : 100,
      "end" : 104,
      "text" : "chip",
      "whiteSpace" : false
    }, {
      "id" : "s1-t5",
      "begin" : 105,
      "end" : 108,
      "text" : "fan",
      "whiteSpace" : false
    }, {
      "id" : "s1-t6",
      "begin" : 108,
      "end" : 109,
      "text" : ",",
      "whiteSpace" : false
    }, {
      "id" : "s1-t7",
      "begin" : 110,
      "end" : 111,
      "text" : "I",
      "whiteSpace" : false
    }, {
      "id" : "s1-t8",
      "begin" : 112,
      "end" : 116,
      "text" : "love",
      "whiteSpace" : false
    }, {
      "id" : "s1-t9",
      "begin" : 117,
      "end" : 120,
      "text" : "the",
      "whiteSpace" : false
    }, {
      "id" : "s1-t10",
      "begin" : 121,
      "end" : 127,
      "text" : "slight",
      "whiteSpace" : false
    }, {
      "id" : "s1-t11",
      "begin" : 128,
      "end" : 137,
      "text" : "spiciness",
      "whiteSpace" : false
    }, {
      "id" : "s1-t12",
      "begin" : 138,
      "end" : 140,
      "text" : "of",
      "whiteSpace" : false
    }, {
      "id" : "s1-t13",
      "begin" : 141,
      "end" : 146,
      "text" : "these",
      "whiteSpace" : false
    }, {
      "id" : "s1-t14",
      "begin" : 147,
      "end" : 148,
      "text" : "(",
      "whiteSpace" : false
    }, {
      "id" : "s1-t15",
      "begin" : 148,
      "end" : 152,
      "text" : "from",
      "whiteSpace" : false
    }, {
      "id" : "s1-t16",
      "begin" : 153,
      "end" : 156,
      "text" : "the",
      "whiteSpace" : false
    }, {
      "id" : "s1-t17",
      "begin" : 157,
      "end" : 163,
      "text" : "pepper",
      "whiteSpace" : false
    }, {
      "id" : "s1-t18",
      "begin" : 163,
      "end" : 164,
      "text" : ")",
      "whiteSpace" : false
    }, {
      "id" : "s1-t19",
      "begin" : 165,
      "end" : 168,
      "text" : "and",
      "whiteSpace" : false
    }, {
      "id" : "s1-t20",
      "begin" : 169,
      "end" : 172,
      "text" : "the",
      "whiteSpace" : false
    }, {
      "id" : "s1-t21",
      "begin" : 173,
      "end" : 181,
      "text" : "exploded",
      "whiteSpace" : false
    }, {
      "id" : "s1-t22",
      "begin" : 182,
      "end" : 189,
      "text" : "texture",
      "whiteSpace" : false
    }, {
      "id" : "s1-t23",
      "begin" : 190,
      "end" : 192,
      "text" : "of",
      "whiteSpace" : false
    }, {
      "id" : "s1-t24",
      "begin" : 193,
      "end" : 196,
      "text" : "the",
      "whiteSpace" : false
    }, {
      "id" : "s1-t25",
      "begin" : 197,
      "end" : 201,
      "text" : "chip",
      "whiteSpace" : false
    }, {
      "id" : "s1-t26",
      "begin" : 201,
      "end" : 202,
      "text" : ".",
      "whiteSpace" : false
    } ]
  }, {
    "id" : "s2",
    "begin" : 204,
    "end" : 328,
    "text" : "It's so nice they're not greasy, and they manage to hit those little salty + crunchy cravings that hit everyonce in a while!",
    "tokens" : [ {
      "id" : "s2-t0",
      "begin" : 204,
      "end" : 206,
      "text" : "It",
      "whiteSpace" : false
    }, {
      "id" : "s2-t1",
      "begin" : 206,
      "end" : 208,
      "text" : "'s",
      "whiteSpace" : false
    }, {
      "id" : "s2-t2",
      "begin" : 209,
      "end" : 211,
      "text" : "so",
      "whiteSpace" : false
    }, {
      "id" : "s2-t3",
      "begin" : 212,
      "end" : 216,
      "text" : "nice",
      "whiteSpace" : false
    }, {
      "id" : "s2-t4",
      "begin" : 217,
      "end" : 221,
      "text" : "they",
      "whiteSpace" : false
    }, {
      "id" : "s2-t5",
      "begin" : 221,
      "end" : 224,
      "text" : "'re",
      "whiteSpace" : false
    }, {
      "id" : "s2-t6",
      "begin" : 225,
      "end" : 228,
      "text" : "not",
      "whiteSpace" : false
    }, {
      "id" : "s2-t7",
      "begin" : 229,
      "end" : 235,
      "text" : "greasy",
      "whiteSpace" : false
    }, {
      "id" : "s2-t8",
      "begin" : 235,
      "end" : 236,
      "text" : ",",
      "whiteSpace" : false
    }, {
      "id" : "s2-t9",
      "begin" : 237,
      "end" : 240,
      "text" : "and",
      "whiteSpace" : false
    }, {
      "id" : "s2-t10",
      "begin" : 241,
      "end" : 245,
      "text" : "they",
      "whiteSpace" : false
    }, {
      "id" : "s2-t11",
      "begin" : 246,
      "end" : 252,
      "text" : "manage",
      "whiteSpace" : false
    }, {
      "id" : "s2-t12",
      "begin" : 253,
      "end" : 255,
      "text" : "to",
      "whiteSpace" : false
    }, {
      "id" : "s2-t13",
      "begin" : 256,
      "end" : 259,
      "text" : "hit",
      "whiteSpace" : false
    }, {
      "id" : "s2-t14",
      "begin" : 260,
      "end" : 265,
      "text" : "those",
      "whiteSpace" : false
    }, {
      "id" : "s2-t15",
      "begin" : 266,
      "end" : 272,
      "text" : "little",
      "whiteSpace" : false
    }, {
      "id" : "s2-t16",
      "begin" : 273,
      "end" : 278,
      "text" : "salty",
      "whiteSpace" : false
    }, {
      "id" : "s2-t17",
      "begin" : 279,
      "end" : 280,
      "text" : "+",
      "whiteSpace" : false
    }, {
      "id" : "s2-t18",
      "begin" : 281,
      "end" : 288,
      "text" : "crunchy",
      "whiteSpace" : false
    }, {
      "id" : "s2-t19",
      "begin" : 289,
      "end" : 297,
      "text" : "cravings",
      "whiteSpace" : false
    }, {
      "id" : "s2-t20",
      "begin" : 298,
      "end" : 302,
      "text" : "that",
      "whiteSpace" : false
    }, {
      "id" : "s2-t21",
      "begin" : 303,
      "end" : 306,
      "text" : "hit",
      "whiteSpace" : false
    }, {
      "id" : "s2-t22",
      "begin" : 307,
      "end" : 316,
      "text" : "everyonce",
      "whiteSpace" : false
    }, {
      "id" : "s2-t23",
      "begin" : 317,
      "end" : 319,
      "text" : "in",
      "whiteSpace" : false
    }, {
      "id" : "s2-t24",
      "begin" : 320,
      "end" : 321,
      "text" : "a",
      "whiteSpace" : false
    }, {
      "id" : "s2-t25",
      "begin" : 322,
      "end" : 327,
      "text" : "while",
      "whiteSpace" : false
    }, {
      "id" : "s2-t26",
      "begin" : 327,
      "end" : 328,
      "text" : "!",
      "whiteSpace" : false
    } ]
  }, {
    "id" : "s3",
    "begin" : 330,
    "end" : 353,
    "text" : "Definitely recommended.",
    "tokens" : [ {
      "id" : "s3-t0",
      "begin" : 330,
      "end" : 340,
      "text" : "Definitely",
      "whiteSpace" : false
    }, {
      "id" : "s3-t1",
      "begin" : 341,
      "end" : 352,
      "text" : "recommended",
      "whiteSpace" : false
    }, {
      "id" : "s3-t2",
      "begin" : 352,
      "end" : 353,
      "text" : ".",
      "whiteSpace" : false
    } ]
  } ],
  "mentions" : [ {
    "id" : "s0-m1",
    "properties" : {
      "SIRE_MENTION_ROLE" : "Product",
      "SIRE_ENTITY_SUBTYPE" : "NONE",
      "SIRE_MENTION_TYPE" : "NONE",
      "SIRE_MENTION_CLASS" : "SPC"
    },
    "type" : "Product",
    "begin" : 23,
    "end" : 28,
    "inCoref" : true
  }, {
    "id" : "s1-m1",
    "properties" : {
      "SIRE_MENTION_ROLE" : "Product",
      "SIRE_ENTITY_SUBTYPE" : "NONE",
      "SIRE_MENTION_TYPE" : "NONE",
      "SIRE_MENTION_CLASS" : "SPC"
    },
    "type" : "Product",
    "begin" : 100,
    "end" : 104,
    "inCoref" : false
  }, {
    "id" : "s1-m2",
    "properties" : {
      "SIRE_MENTION_ROLE" : "Product",
      "SIRE_ENTITY_SUBTYPE" : "NONE",
      "SIRE_MENTION_TYPE" : "NONE",
      "SIRE_MENTION_CLASS" : "SPC"
    },
    "type" : "Product",
    "begin" : 141,
    "end" : 146,
    "inCoref" : true
  }, {
    "id" : "s1-m3",
    "properties" : {
      "SIRE_MENTION_ROLE" : "Product",
      "SIRE_ENTITY_SUBTYPE" : "NONE",
      "SIRE_MENTION_TYPE" : "NONE",
      "SIRE_MENTION_CLASS" : "SPC"
    },
    "type" : "Product",
    "begin" : 197,
    "end" : 201,
    "inCoref" : true
  }, {
    "id" : "s2-m1",
    "properties" : {
      "SIRE_MENTION_ROLE" : "Product",
      "SIRE_ENTITY_SUBTYPE" : "NONE",
      "SIRE_MENTION_TYPE" : "NONE",
      "SIRE_MENTION_CLASS" : "SPC"
    },
    "type" : "Product",
    "begin" : 217,
    "end" : 221,
    "inCoref" : true
  }, {
    "id" : "s2-m2",
    "properties" : {
      "SIRE_MENTION_ROLE" : "Product",
      "SIRE_ENTITY_SUBTYPE" : "NONE",
      "SIRE_MENTION_TYPE" : "NONE",
      "SIRE_MENTION_CLASS" : "SPC"
    },
    "type" : "Product",
    "begin" : 241,
    "end" : 245,
    "inCoref" : true
  } ],
  "relations" : [ ],
  "corefs" : [ {
    "id" : "c1",
    "properties" : { },
    "mentions" : [ "s0-m1", "s1-m2", "s1-m3", "s2-m1", "s2-m2" ]
  } ],
  "typeResolved" : true,
  "userResolved" : false
}