{
  "id" : "bc2e7dc0-32ab-11e8-9c9d-6505f4419106-82",
  "name" : "review_1336.json",
  "createdDate" : 0,
  "version" : 3,
  "text" : "I absolutely love this product! And I highly recommend it for women of color, who is looking for that perfect hair conditioner that moisturizes, gives a beautiful shine to your hair, and has a nice fragrance.  It is the all-purpose daily moisturizer for your skin as well. I had been looking for oil that would keep my coils hydrated and I found this coconut oil through Amazon. You will not be disappointed.",
  "docLength" : 0,
  "language" : "EN",
  "status" : "SUBMITTED",
  "modifiedDate" : 1522306405200,
  "documentSet" : [ ],
  "preannotation" : [ ],
  "sentences" : [ {
    "id" : "s0",
    "begin" : 0,
    "end" : 31,
    "text" : "I absolutely love this product!",
    "tokens" : [ {
      "id" : "s0-t0",
      "begin" : 0,
      "end" : 1,
      "text" : "I",
      "whiteSpace" : false
    }, {
      "id" : "s0-t1",
      "begin" : 2,
      "end" : 12,
      "text" : "absolutely",
      "whiteSpace" : false
    }, {
      "id" : "s0-t2",
      "begin" : 13,
      "end" : 17,
      "text" : "love",
      "whiteSpace" : false
    }, {
      "id" : "s0-t3",
      "begin" : 18,
      "end" : 22,
      "text" : "this",
      "whiteSpace" : false
    }, {
      "id" : "s0-t4",
      "begin" : 23,
      "end" : 30,
      "text" : "product",
      "whiteSpace" : false
    }, {
      "id" : "s0-t5",
      "begin" : 30,
      "end" : 31,
      "text" : "!",
      "whiteSpace" : false
    } ]
  }, {
    "id" : "s1",
    "begin" : 32,
    "end" : 208,
    "text" : "And I highly recommend it for women of color, who is looking for that perfect hair conditioner that moisturizes, gives a beautiful shine to your hair, and has a nice fragrance.",
    "tokens" : [ {
      "id" : "s1-t0",
      "begin" : 32,
      "end" : 35,
      "text" : "And",
      "whiteSpace" : false
    }, {
      "id" : "s1-t1",
      "begin" : 36,
      "end" : 37,
      "text" : "I",
      "whiteSpace" : false
    }, {
      "id" : "s1-t2",
      "begin" : 38,
      "end" : 44,
      "text" : "highly",
      "whiteSpace" : false
    }, {
      "id" : "s1-t3",
      "begin" : 45,
      "end" : 54,
      "text" : "recommend",
      "whiteSpace" : false
    }, {
      "id" : "s1-t4",
      "begin" : 55,
      "end" : 57,
      "text" : "it",
      "whiteSpace" : false
    }, {
      "id" : "s1-t5",
      "begin" : 58,
      "end" : 61,
      "text" : "for",
      "whiteSpace" : false
    }, {
      "id" : "s1-t6",
      "begin" : 62,
      "end" : 67,
      "text" : "women",
      "whiteSpace" : false
    }, {
      "id" : "s1-t7",
      "begin" : 68,
      "end" : 70,
      "text" : "of",
      "whiteSpace" : false
    }, {
      "id" : "s1-t8",
      "begin" : 71,
      "end" : 76,
      "text" : "color",
      "whiteSpace" : false
    }, {
      "id" : "s1-t9",
      "begin" : 76,
      "end" : 77,
      "text" : ",",
      "whiteSpace" : false
    }, {
      "id" : "s1-t10",
      "begin" : 78,
      "end" : 81,
      "text" : "who",
      "whiteSpace" : false
    }, {
      "id" : "s1-t11",
      "begin" : 82,
      "end" : 84,
      "text" : "is",
      "whiteSpace" : false
    }, {
      "id" : "s1-t12",
      "begin" : 85,
      "end" : 92,
      "text" : "looking",
      "whiteSpace" : false
    }, {
      "id" : "s1-t13",
      "begin" : 93,
      "end" : 96,
      "text" : "for",
      "whiteSpace" : false
    }, {
      "id" : "s1-t14",
      "begin" : 97,
      "end" : 101,
      "text" : "that",
      "whiteSpace" : false
    }, {
      "id" : "s1-t15",
      "begin" : 102,
      "end" : 109,
      "text" : "perfect",
      "whiteSpace" : false
    }, {
      "id" : "s1-t16",
      "begin" : 110,
      "end" : 114,
      "text" : "hair",
      "whiteSpace" : false
    }, {
      "id" : "s1-t17",
      "begin" : 115,
      "end" : 126,
      "text" : "conditioner",
      "whiteSpace" : false
    }, {
      "id" : "s1-t18",
      "begin" : 127,
      "end" : 131,
      "text" : "that",
      "whiteSpace" : false
    }, {
      "id" : "s1-t19",
      "begin" : 132,
      "end" : 143,
      "text" : "moisturizes",
      "whiteSpace" : false
    }, {
      "id" : "s1-t20",
      "begin" : 143,
      "end" : 144,
      "text" : ",",
      "whiteSpace" : false
    }, {
      "id" : "s1-t21",
      "begin" : 145,
      "end" : 150,
      "text" : "gives",
      "whiteSpace" : false
    }, {
      "id" : "s1-t22",
      "begin" : 151,
      "end" : 152,
      "text" : "a",
      "whiteSpace" : false
    }, {
      "id" : "s1-t23",
      "begin" : 153,
      "end" : 162,
      "text" : "beautiful",
      "whiteSpace" : false
    }, {
      "id" : "s1-t24",
      "begin" : 163,
      "end" : 168,
      "text" : "shine",
      "whiteSpace" : false
    }, {
      "id" : "s1-t25",
      "begin" : 169,
      "end" : 171,
      "text" : "to",
      "whiteSpace" : false
    }, {
      "id" : "s1-t26",
      "begin" : 172,
      "end" : 176,
      "text" : "your",
      "whiteSpace" : false
    }, {
      "id" : "s1-t27",
      "begin" : 177,
      "end" : 181,
      "text" : "hair",
      "whiteSpace" : false
    }, {
      "id" : "s1-t28",
      "begin" : 181,
      "end" : 182,
      "text" : ",",
      "whiteSpace" : false
    }, {
      "id" : "s1-t29",
      "begin" : 183,
      "end" : 186,
      "text" : "and",
      "whiteSpace" : false
    }, {
      "id" : "s1-t30",
      "begin" : 187,
      "end" : 190,
      "text" : "has",
      "whiteSpace" : false
    }, {
      "id" : "s1-t31",
      "begin" : 191,
      "end" : 192,
      "text" : "a",
      "whiteSpace" : false
    }, {
      "id" : "s1-t32",
      "begin" : 193,
      "end" : 197,
      "text" : "nice",
      "whiteSpace" : false
    }, {
      "id" : "s1-t33",
      "begin" : 198,
      "end" : 207,
      "text" : "fragrance",
      "whiteSpace" : false
    }, {
      "id" : "s1-t34",
      "begin" : 207,
      "end" : 208,
      "text" : ".",
      "whiteSpace" : false
    } ]
  }, {
    "id" : "s2",
    "begin" : 210,
    "end" : 272,
    "text" : "It is the all-purpose daily moisturizer for your skin as well.",
    "tokens" : [ {
      "id" : "s2-t0",
      "begin" : 210,
      "end" : 212,
      "text" : "It",
      "whiteSpace" : false
    }, {
      "id" : "s2-t1",
      "begin" : 213,
      "end" : 215,
      "text" : "is",
      "whiteSpace" : false
    }, {
      "id" : "s2-t2",
      "begin" : 216,
      "end" : 219,
      "text" : "the",
      "whiteSpace" : false
    }, {
      "id" : "s2-t3",
      "begin" : 220,
      "end" : 231,
      "text" : "all-purpose",
      "whiteSpace" : false
    }, {
      "id" : "s2-t4",
      "begin" : 232,
      "end" : 237,
      "text" : "daily",
      "whiteSpace" : false
    }, {
      "id" : "s2-t5",
      "begin" : 238,
      "end" : 249,
      "text" : "moisturizer",
      "whiteSpace" : false
    }, {
      "id" : "s2-t6",
      "begin" : 250,
      "end" : 253,
      "text" : "for",
      "whiteSpace" : false
    }, {
      "id" : "s2-t7",
      "begin" : 254,
      "end" : 258,
      "text" : "your",
      "whiteSpace" : false
    }, {
      "id" : "s2-t8",
      "begin" : 259,
      "end" : 263,
      "text" : "skin",
      "whiteSpace" : false
    }, {
      "id" : "s2-t9",
      "begin" : 264,
      "end" : 266,
      "text" : "as",
      "whiteSpace" : false
    }, {
      "id" : "s2-t10",
      "begin" : 267,
      "end" : 271,
      "text" : "well",
      "whiteSpace" : false
    }, {
      "id" : "s2-t11",
      "begin" : 271,
      "end" : 272,
      "text" : ".",
      "whiteSpace" : false
    } ]
  }, {
    "id" : "s3",
    "begin" : 273,
    "end" : 378,
    "text" : "I had been looking for oil that would keep my coils hydrated and I found this coconut oil through Amazon.",
    "tokens" : [ {
      "id" : "s3-t0",
      "begin" : 273,
      "end" : 274,
      "text" : "I",
      "whiteSpace" : false
    }, {
      "id" : "s3-t1",
      "begin" : 275,
      "end" : 278,
      "text" : "had",
      "whiteSpace" : false
    }, {
      "id" : "s3-t2",
      "begin" : 279,
      "end" : 283,
      "text" : "been",
      "whiteSpace" : false
    }, {
      "id" : "s3-t3",
      "begin" : 284,
      "end" : 291,
      "text" : "looking",
      "whiteSpace" : false
    }, {
      "id" : "s3-t4",
      "begin" : 292,
      "end" : 295,
      "text" : "for",
      "whiteSpace" : false
    }, {
      "id" : "s3-t5",
      "begin" : 296,
      "end" : 299,
      "text" : "oil",
      "whiteSpace" : false
    }, {
      "id" : "s3-t6",
      "begin" : 300,
      "end" : 304,
      "text" : "that",
      "whiteSpace" : false
    }, {
      "id" : "s3-t7",
      "begin" : 305,
      "end" : 310,
      "text" : "would",
      "whiteSpace" : false
    }, {
      "id" : "s3-t8",
      "begin" : 311,
      "end" : 315,
      "text" : "keep",
      "whiteSpace" : false
    }, {
      "id" : "s3-t9",
      "begin" : 316,
      "end" : 318,
      "text" : "my",
      "whiteSpace" : false
    }, {
      "id" : "s3-t10",
      "begin" : 319,
      "end" : 324,
      "text" : "coils",
      "whiteSpace" : false
    }, {
      "id" : "s3-t11",
      "begin" : 325,
      "end" : 333,
      "text" : "hydrated",
      "whiteSpace" : false
    }, {
      "id" : "s3-t12",
      "begin" : 334,
      "end" : 337,
      "text" : "and",
      "whiteSpace" : false
    }, {
      "id" : "s3-t13",
      "begin" : 338,
      "end" : 339,
      "text" : "I",
      "whiteSpace" : false
    }, {
      "id" : "s3-t14",
      "begin" : 340,
      "end" : 345,
      "text" : "found",
      "whiteSpace" : false
    }, {
      "id" : "s3-t15",
      "begin" : 346,
      "end" : 350,
      "text" : "this",
      "whiteSpace" : false
    }, {
      "id" : "s3-t16",
      "begin" : 351,
      "end" : 358,
      "text" : "coconut",
      "whiteSpace" : false
    }, {
      "id" : "s3-t17",
      "begin" : 359,
      "end" : 362,
      "text" : "oil",
      "whiteSpace" : false
    }, {
      "id" : "s3-t18",
      "begin" : 363,
      "end" : 370,
      "text" : "through",
      "whiteSpace" : false
    }, {
      "id" : "s3-t19",
      "begin" : 371,
      "end" : 377,
      "text" : "Amazon",
      "whiteSpace" : false
    }, {
      "id" : "s3-t20",
      "begin" : 377,
      "end" : 378,
      "text" : ".",
      "whiteSpace" : false
    } ]
  }, {
    "id" : "s4",
    "begin" : 379,
    "end" : 408,
    "text" : "You will not be disappointed.",
    "tokens" : [ {
      "id" : "s4-t0",
      "begin" : 379,
      "end" : 382,
      "text" : "You",
      "whiteSpace" : false
    }, {
      "id" : "s4-t1",
      "begin" : 383,
      "end" : 387,
      "text" : "will",
      "whiteSpace" : false
    }, {
      "id" : "s4-t2",
      "begin" : 388,
      "end" : 391,
      "text" : "not",
      "whiteSpace" : false
    }, {
      "id" : "s4-t3",
      "begin" : 392,
      "end" : 394,
      "text" : "be",
      "whiteSpace" : false
    }, {
      "id" : "s4-t4",
      "begin" : 395,
      "end" : 407,
      "text" : "disappointed",
      "whiteSpace" : false
    }, {
      "id" : "s4-t5",
      "begin" : 407,
      "end" : 408,
      "text" : ".",
      "whiteSpace" : false
    } ]
  } ],
  "mentions" : [ {
    "id" : "s0-m1",
    "properties" : {
      "SIRE_MENTION_ROLE" : "Product",
      "SIRE_ENTITY_SUBTYPE" : "NONE",
      "SIRE_MENTION_TYPE" : "NONE",
      "SIRE_MENTION_CLASS" : "SPC"
    },
    "type" : "Product",
    "begin" : 23,
    "end" : 30,
    "inCoref" : true
  }, {
    "id" : "s1-m1",
    "properties" : {
      "SIRE_MENTION_ROLE" : "Product",
      "SIRE_ENTITY_SUBTYPE" : "NONE",
      "SIRE_MENTION_TYPE" : "NONE",
      "SIRE_MENTION_CLASS" : "SPC"
    },
    "type" : "Product",
    "begin" : 55,
    "end" : 57,
    "inCoref" : true
  }, {
    "id" : "s1-m3",
    "properties" : {
      "SIRE_MENTION_ROLE" : "Product",
      "SIRE_ENTITY_SUBTYPE" : "NONE",
      "SIRE_MENTION_TYPE" : "NONE",
      "SIRE_MENTION_CLASS" : "SPC"
    },
    "type" : "Product",
    "begin" : 110,
    "end" : 126,
    "inCoref" : false
  }, {
    "id" : "s1-m4",
    "properties" : {
      "SIRE_MENTION_ROLE" : "Attribute",
      "SIRE_ENTITY_SUBTYPE" : "NONE",
      "SIRE_MENTION_TYPE" : "NONE",
      "SIRE_MENTION_CLASS" : "SPC"
    },
    "type" : "Attribute",
    "begin" : 132,
    "end" : 143,
    "inCoref" : false
  }, {
    "id" : "s1-m5",
    "properties" : {
      "SIRE_MENTION_ROLE" : "Attribute",
      "SIRE_ENTITY_SUBTYPE" : "NONE",
      "SIRE_MENTION_TYPE" : "NONE",
      "SIRE_MENTION_CLASS" : "SPC"
    },
    "type" : "Attribute",
    "begin" : 163,
    "end" : 168,
    "inCoref" : false
  }, {
    "id" : "s1-m6",
    "properties" : {
      "SIRE_MENTION_ROLE" : "Attribute",
      "SIRE_ENTITY_SUBTYPE" : "NONE",
      "SIRE_MENTION_TYPE" : "NONE",
      "SIRE_MENTION_CLASS" : "SPC"
    },
    "type" : "Attribute",
    "begin" : 198,
    "end" : 207,
    "inCoref" : false
  }, {
    "id" : "s2-m1",
    "properties" : {
      "SIRE_MENTION_ROLE" : "Product",
      "SIRE_ENTITY_SUBTYPE" : "NONE",
      "SIRE_MENTION_TYPE" : "NONE",
      "SIRE_MENTION_CLASS" : "SPC"
    },
    "type" : "Product",
    "begin" : 210,
    "end" : 212,
    "inCoref" : true
  }, {
    "id" : "s2-m2",
    "properties" : {
      "SIRE_MENTION_ROLE" : "Attribute",
      "SIRE_ENTITY_SUBTYPE" : "NONE",
      "SIRE_MENTION_TYPE" : "NONE",
      "SIRE_MENTION_CLASS" : "SPC"
    },
    "type" : "Attribute",
    "begin" : 220,
    "end" : 231,
    "inCoref" : false
  }, {
    "id" : "s2-m3",
    "properties" : {
      "SIRE_MENTION_ROLE" : "Attribute",
      "SIRE_ENTITY_SUBTYPE" : "NONE",
      "SIRE_MENTION_TYPE" : "NONE",
      "SIRE_MENTION_CLASS" : "SPC"
    },
    "type" : "Attribute",
    "begin" : 232,
    "end" : 237,
    "inCoref" : false
  }, {
    "id" : "s2-m4",
    "properties" : {
      "SIRE_MENTION_ROLE" : "Attribute",
      "SIRE_ENTITY_SUBTYPE" : "NONE",
      "SIRE_MENTION_TYPE" : "NONE",
      "SIRE_MENTION_CLASS" : "SPC"
    },
    "type" : "Attribute",
    "begin" : 238,
    "end" : 249,
    "inCoref" : false
  }, {
    "id" : "s3-m1",
    "properties" : {
      "SIRE_MENTION_ROLE" : "Product",
      "SIRE_ENTITY_SUBTYPE" : "NONE",
      "SIRE_MENTION_TYPE" : "NONE",
      "SIRE_MENTION_CLASS" : "SPC"
    },
    "type" : "Product",
    "begin" : 296,
    "end" : 299,
    "inCoref" : false
  }, {
    "id" : "s3-m2",
    "properties" : {
      "SIRE_MENTION_ROLE" : "Product",
      "SIRE_ENTITY_SUBTYPE" : "NONE",
      "SIRE_MENTION_TYPE" : "NONE",
      "SIRE_MENTION_CLASS" : "SPC"
    },
    "type" : "Product",
    "begin" : 351,
    "end" : 362,
    "inCoref" : true
  } ],
  "relations" : [ {
    "id" : "s1-r1",
    "properties" : { },
    "type" : "propertyOf",
    "args" : [ "s1-m5", "s1-m1" ]
  }, {
    "id" : "s1-r2",
    "properties" : { },
    "type" : "propertyOf",
    "args" : [ "s1-m6", "s1-m1" ]
  }, {
    "id" : "s1-r3",
    "properties" : { },
    "type" : "propertyOf",
    "args" : [ "s1-m4", "s1-m1" ]
  }, {
    "id" : "s2-r1",
    "properties" : { },
    "type" : "propertyOf",
    "args" : [ "s2-m2", "s2-m1" ]
  }, {
    "id" : "s2-r2",
    "properties" : { },
    "type" : "propertyOf",
    "args" : [ "s2-m3", "s2-m1" ]
  }, {
    "id" : "s2-r3",
    "properties" : { },
    "type" : "propertyOf",
    "args" : [ "s2-m4", "s2-m1" ]
  } ],
  "corefs" : [ {
    "id" : "c1",
    "properties" : { },
    "mentions" : [ "s0-m1", "s3-m2", "s2-m1", "s1-m1" ]
  } ],
  "typeResolved" : true,
  "userResolved" : false
}