{
  "id" : "bc2e7dc0-32ab-11e8-9c9d-6505f4419106-11",
  "name" : "review_0158.json",
  "createdDate" : 0,
  "version" : 3,
  "text" : "Our corgi puppy is a picky eater, but she loves these treats!  They're soft and small enough that she can eat them easily even as a small pup.  Great for training.",
  "docLength" : 0,
  "language" : "EN",
  "status" : "SUBMITTED",
  "modifiedDate" : 1522280486054,
  "documentSet" : [ ],
  "preannotation" : [ ],
  "sentences" : [ {
    "id" : "s0",
    "begin" : 0,
    "end" : 61,
    "text" : "Our corgi puppy is a picky eater, but she loves these treats!",
    "tokens" : [ {
      "id" : "s0-t0",
      "begin" : 0,
      "end" : 3,
      "text" : "Our",
      "whiteSpace" : false
    }, {
      "id" : "s0-t1",
      "begin" : 4,
      "end" : 9,
      "text" : "corgi",
      "whiteSpace" : false
    }, {
      "id" : "s0-t2",
      "begin" : 10,
      "end" : 15,
      "text" : "puppy",
      "whiteSpace" : false
    }, {
      "id" : "s0-t3",
      "begin" : 16,
      "end" : 18,
      "text" : "is",
      "whiteSpace" : false
    }, {
      "id" : "s0-t4",
      "begin" : 19,
      "end" : 20,
      "text" : "a",
      "whiteSpace" : false
    }, {
      "id" : "s0-t5",
      "begin" : 21,
      "end" : 26,
      "text" : "picky",
      "whiteSpace" : false
    }, {
      "id" : "s0-t6",
      "begin" : 27,
      "end" : 32,
      "text" : "eater",
      "whiteSpace" : false
    }, {
      "id" : "s0-t7",
      "begin" : 32,
      "end" : 33,
      "text" : ",",
      "whiteSpace" : false
    }, {
      "id" : "s0-t8",
      "begin" : 34,
      "end" : 37,
      "text" : "but",
      "whiteSpace" : false
    }, {
      "id" : "s0-t9",
      "begin" : 38,
      "end" : 41,
      "text" : "she",
      "whiteSpace" : false
    }, {
      "id" : "s0-t10",
      "begin" : 42,
      "end" : 47,
      "text" : "loves",
      "whiteSpace" : false
    }, {
      "id" : "s0-t11",
      "begin" : 48,
      "end" : 53,
      "text" : "these",
      "whiteSpace" : false
    }, {
      "id" : "s0-t12",
      "begin" : 54,
      "end" : 60,
      "text" : "treats",
      "whiteSpace" : false
    }, {
      "id" : "s0-t13",
      "begin" : 60,
      "end" : 61,
      "text" : "!",
      "whiteSpace" : false
    } ]
  }, {
    "id" : "s1",
    "begin" : 63,
    "end" : 142,
    "text" : "They're soft and small enough that she can eat them easily even as a small pup.",
    "tokens" : [ {
      "id" : "s1-t0",
      "begin" : 63,
      "end" : 67,
      "text" : "They",
      "whiteSpace" : false
    }, {
      "id" : "s1-t1",
      "begin" : 67,
      "end" : 70,
      "text" : "'re",
      "whiteSpace" : false
    }, {
      "id" : "s1-t2",
      "begin" : 71,
      "end" : 75,
      "text" : "soft",
      "whiteSpace" : false
    }, {
      "id" : "s1-t3",
      "begin" : 76,
      "end" : 79,
      "text" : "and",
      "whiteSpace" : false
    }, {
      "id" : "s1-t4",
      "begin" : 80,
      "end" : 85,
      "text" : "small",
      "whiteSpace" : false
    }, {
      "id" : "s1-t5",
      "begin" : 86,
      "end" : 92,
      "text" : "enough",
      "whiteSpace" : false
    }, {
      "id" : "s1-t6",
      "begin" : 93,
      "end" : 97,
      "text" : "that",
      "whiteSpace" : false
    }, {
      "id" : "s1-t7",
      "begin" : 98,
      "end" : 101,
      "text" : "she",
      "whiteSpace" : false
    }, {
      "id" : "s1-t8",
      "begin" : 102,
      "end" : 105,
      "text" : "can",
      "whiteSpace" : false
    }, {
      "id" : "s1-t9",
      "begin" : 106,
      "end" : 109,
      "text" : "eat",
      "whiteSpace" : false
    }, {
      "id" : "s1-t10",
      "begin" : 110,
      "end" : 114,
      "text" : "them",
      "whiteSpace" : false
    }, {
      "id" : "s1-t11",
      "begin" : 115,
      "end" : 121,
      "text" : "easily",
      "whiteSpace" : false
    }, {
      "id" : "s1-t12",
      "begin" : 122,
      "end" : 126,
      "text" : "even",
      "whiteSpace" : false
    }, {
      "id" : "s1-t13",
      "begin" : 127,
      "end" : 129,
      "text" : "as",
      "whiteSpace" : false
    }, {
      "id" : "s1-t14",
      "begin" : 130,
      "end" : 131,
      "text" : "a",
      "whiteSpace" : false
    }, {
      "id" : "s1-t15",
      "begin" : 132,
      "end" : 137,
      "text" : "small",
      "whiteSpace" : false
    }, {
      "id" : "s1-t16",
      "begin" : 138,
      "end" : 141,
      "text" : "pup",
      "whiteSpace" : false
    }, {
      "id" : "s1-t17",
      "begin" : 141,
      "end" : 142,
      "text" : ".",
      "whiteSpace" : false
    } ]
  }, {
    "id" : "s2",
    "begin" : 144,
    "end" : 163,
    "text" : "Great for training.",
    "tokens" : [ {
      "id" : "s2-t0",
      "begin" : 144,
      "end" : 149,
      "text" : "Great",
      "whiteSpace" : false
    }, {
      "id" : "s2-t1",
      "begin" : 150,
      "end" : 153,
      "text" : "for",
      "whiteSpace" : false
    }, {
      "id" : "s2-t2",
      "begin" : 154,
      "end" : 162,
      "text" : "training",
      "whiteSpace" : false
    }, {
      "id" : "s2-t3",
      "begin" : 162,
      "end" : 163,
      "text" : ".",
      "whiteSpace" : false
    } ]
  } ],
  "mentions" : [ {
    "id" : "s0-m1",
    "properties" : {
      "SIRE_MENTION_ROLE" : "Product",
      "SIRE_ENTITY_SUBTYPE" : "NONE",
      "SIRE_MENTION_TYPE" : "NONE",
      "SIRE_MENTION_CLASS" : "SPC"
    },
    "type" : "Product",
    "begin" : 54,
    "end" : 60,
    "inCoref" : true
  }, {
    "id" : "s1-m1",
    "properties" : {
      "SIRE_MENTION_ROLE" : "Product",
      "SIRE_ENTITY_SUBTYPE" : "NONE",
      "SIRE_MENTION_TYPE" : "NONE",
      "SIRE_MENTION_CLASS" : "SPC"
    },
    "type" : "Product",
    "begin" : 63,
    "end" : 67,
    "inCoref" : true
  }, {
    "id" : "s1-m2",
    "properties" : {
      "SIRE_MENTION_ROLE" : "Product",
      "SIRE_ENTITY_SUBTYPE" : "NONE",
      "SIRE_MENTION_TYPE" : "NONE",
      "SIRE_MENTION_CLASS" : "SPC"
    },
    "type" : "Product",
    "begin" : 110,
    "end" : 114,
    "inCoref" : true
  } ],
  "relations" : [ ],
  "corefs" : [ {
    "id" : "c1",
    "properties" : { },
    "mentions" : [ "s0-m1", "s1-m2", "s1-m1" ]
  } ],
  "typeResolved" : true,
  "userResolved" : false
}