{
  "id" : "bc2e7dc0-32ab-11e8-9c9d-6505f4419106-66",
  "name" : "review_1066.json",
  "createdDate" : 0,
  "version" : 3,
  "text" : "Popchips are the bomb!!  I use the parmesan garlic to scoop up cottage cheese as a healthy alternative to chips and dip.  My healthy eating program is saved.",
  "docLength" : 0,
  "language" : "EN",
  "status" : "SUBMITTED",
  "modifiedDate" : 1522287195308,
  "documentSet" : [ ],
  "preannotation" : [ ],
  "sentences" : [ {
    "id" : "s0",
    "begin" : 0,
    "end" : 22,
    "text" : "Popchips are the bomb!",
    "tokens" : [ {
      "id" : "s0-t0",
      "begin" : 0,
      "end" : 8,
      "text" : "Popchips",
      "whiteSpace" : false
    }, {
      "id" : "s0-t1",
      "begin" : 9,
      "end" : 12,
      "text" : "are",
      "whiteSpace" : false
    }, {
      "id" : "s0-t2",
      "begin" : 13,
      "end" : 16,
      "text" : "the",
      "whiteSpace" : false
    }, {
      "id" : "s0-t3",
      "begin" : 17,
      "end" : 21,
      "text" : "bomb",
      "whiteSpace" : false
    }, {
      "id" : "s0-t4",
      "begin" : 21,
      "end" : 22,
      "text" : "!",
      "whiteSpace" : false
    } ]
  }, {
    "id" : "s1",
    "begin" : 22,
    "end" : 120,
    "text" : "!  I use the parmesan garlic to scoop up cottage cheese as a healthy alternative to chips and dip.",
    "tokens" : [ {
      "id" : "s1-t0",
      "begin" : 22,
      "end" : 23,
      "text" : "!",
      "whiteSpace" : false
    }, {
      "id" : "s1-t1",
      "begin" : 25,
      "end" : 26,
      "text" : "I",
      "whiteSpace" : false
    }, {
      "id" : "s1-t2",
      "begin" : 27,
      "end" : 30,
      "text" : "use",
      "whiteSpace" : false
    }, {
      "id" : "s1-t3",
      "begin" : 31,
      "end" : 34,
      "text" : "the",
      "whiteSpace" : false
    }, {
      "id" : "s1-t4",
      "begin" : 35,
      "end" : 43,
      "text" : "parmesan",
      "whiteSpace" : false
    }, {
      "id" : "s1-t5",
      "begin" : 44,
      "end" : 50,
      "text" : "garlic",
      "whiteSpace" : false
    }, {
      "id" : "s1-t6",
      "begin" : 51,
      "end" : 53,
      "text" : "to",
      "whiteSpace" : false
    }, {
      "id" : "s1-t7",
      "begin" : 54,
      "end" : 59,
      "text" : "scoop",
      "whiteSpace" : false
    }, {
      "id" : "s1-t8",
      "begin" : 60,
      "end" : 62,
      "text" : "up",
      "whiteSpace" : false
    }, {
      "id" : "s1-t9",
      "begin" : 63,
      "end" : 70,
      "text" : "cottage",
      "whiteSpace" : false
    }, {
      "id" : "s1-t10",
      "begin" : 71,
      "end" : 77,
      "text" : "cheese",
      "whiteSpace" : false
    }, {
      "id" : "s1-t11",
      "begin" : 78,
      "end" : 80,
      "text" : "as",
      "whiteSpace" : false
    }, {
      "id" : "s1-t12",
      "begin" : 81,
      "end" : 82,
      "text" : "a",
      "whiteSpace" : false
    }, {
      "id" : "s1-t13",
      "begin" : 83,
      "end" : 90,
      "text" : "healthy",
      "whiteSpace" : false
    }, {
      "id" : "s1-t14",
      "begin" : 91,
      "end" : 102,
      "text" : "alternative",
      "whiteSpace" : false
    }, {
      "id" : "s1-t15",
      "begin" : 103,
      "end" : 105,
      "text" : "to",
      "whiteSpace" : false
    }, {
      "id" : "s1-t16",
      "begin" : 106,
      "end" : 111,
      "text" : "chips",
      "whiteSpace" : false
    }, {
      "id" : "s1-t17",
      "begin" : 112,
      "end" : 115,
      "text" : "and",
      "whiteSpace" : false
    }, {
      "id" : "s1-t18",
      "begin" : 116,
      "end" : 119,
      "text" : "dip",
      "whiteSpace" : false
    }, {
      "id" : "s1-t19",
      "begin" : 119,
      "end" : 120,
      "text" : ".",
      "whiteSpace" : false
    } ]
  }, {
    "id" : "s2",
    "begin" : 122,
    "end" : 157,
    "text" : "My healthy eating program is saved.",
    "tokens" : [ {
      "id" : "s2-t0",
      "begin" : 122,
      "end" : 124,
      "text" : "My",
      "whiteSpace" : false
    }, {
      "id" : "s2-t1",
      "begin" : 125,
      "end" : 132,
      "text" : "healthy",
      "whiteSpace" : false
    }, {
      "id" : "s2-t2",
      "begin" : 133,
      "end" : 139,
      "text" : "eating",
      "whiteSpace" : false
    }, {
      "id" : "s2-t3",
      "begin" : 140,
      "end" : 147,
      "text" : "program",
      "whiteSpace" : false
    }, {
      "id" : "s2-t4",
      "begin" : 148,
      "end" : 150,
      "text" : "is",
      "whiteSpace" : false
    }, {
      "id" : "s2-t5",
      "begin" : 151,
      "end" : 156,
      "text" : "saved",
      "whiteSpace" : false
    }, {
      "id" : "s2-t6",
      "begin" : 156,
      "end" : 157,
      "text" : ".",
      "whiteSpace" : false
    } ]
  } ],
  "mentions" : [ {
    "id" : "s0-m1",
    "properties" : {
      "SIRE_MENTION_ROLE" : "Product",
      "SIRE_ENTITY_SUBTYPE" : "NONE",
      "SIRE_MENTION_TYPE" : "NONE",
      "SIRE_MENTION_CLASS" : "SPC"
    },
    "type" : "Product",
    "begin" : 0,
    "end" : 8,
    "inCoref" : false
  }, {
    "id" : "s1-m1",
    "properties" : {
      "SIRE_MENTION_ROLE" : "Attribute",
      "SIRE_ENTITY_SUBTYPE" : "NONE",
      "SIRE_MENTION_TYPE" : "NONE",
      "SIRE_MENTION_CLASS" : "SPC"
    },
    "type" : "Attribute",
    "begin" : 35,
    "end" : 50,
    "inCoref" : false
  }, {
    "id" : "s1-m2",
    "properties" : {
      "SIRE_MENTION_ROLE" : "Product",
      "SIRE_ENTITY_SUBTYPE" : "NONE",
      "SIRE_MENTION_TYPE" : "NONE",
      "SIRE_MENTION_CLASS" : "SPC"
    },
    "type" : "Product",
    "begin" : 106,
    "end" : 111,
    "inCoref" : false
  } ],
  "relations" : [ ],
  "corefs" : [ ],
  "typeResolved" : true,
  "userResolved" : false
}