{
  "id" : "bc2e7dc0-32ab-11e8-9c9d-6505f4419106-8",
  "name" : "review_0100.json",
  "createdDate" : 0,
  "version" : 3,
  "text" : "Don't get me wrong, I REALLY wanted to love this as I had read so many great things about coconut water.  I was so excited when my order came.  I had some already in the fridge so it was cold.  After I had a great workout I went to grab my coconut water.  I was shocked at how disgusting the taste was.  I tried it again, I tried it over ice, I tried it through a straw and nothing made it taste palatable.  If you haven't had coconut water before try one first before you buy a case.  My next step is going to try and mix it with a variety of liquors and see if I can stomach it.  Good luck!",
  "docLength" : 0,
  "language" : "EN",
  "status" : "SUBMITTED",
  "modifiedDate" : 1522293358094,
  "documentSet" : [ ],
  "preannotation" : [ ],
  "sentences" : [ {
    "id" : "s0",
    "begin" : 0,
    "end" : 104,
    "text" : "Don't get me wrong, I REALLY wanted to love this as I had read so many great things about coconut water.",
    "tokens" : [ {
      "id" : "s0-t0",
      "begin" : 0,
      "end" : 2,
      "text" : "Do",
      "whiteSpace" : false
    }, {
      "id" : "s0-t1",
      "begin" : 2,
      "end" : 5,
      "text" : "n't",
      "whiteSpace" : false
    }, {
      "id" : "s0-t2",
      "begin" : 6,
      "end" : 9,
      "text" : "get",
      "whiteSpace" : false
    }, {
      "id" : "s0-t3",
      "begin" : 10,
      "end" : 12,
      "text" : "me",
      "whiteSpace" : false
    }, {
      "id" : "s0-t4",
      "begin" : 13,
      "end" : 18,
      "text" : "wrong",
      "whiteSpace" : false
    }, {
      "id" : "s0-t5",
      "begin" : 18,
      "end" : 19,
      "text" : ",",
      "whiteSpace" : false
    }, {
      "id" : "s0-t6",
      "begin" : 20,
      "end" : 21,
      "text" : "I",
      "whiteSpace" : false
    }, {
      "id" : "s0-t7",
      "begin" : 22,
      "end" : 28,
      "text" : "REALLY",
      "whiteSpace" : false
    }, {
      "id" : "s0-t8",
      "begin" : 29,
      "end" : 35,
      "text" : "wanted",
      "whiteSpace" : false
    }, {
      "id" : "s0-t9",
      "begin" : 36,
      "end" : 38,
      "text" : "to",
      "whiteSpace" : false
    }, {
      "id" : "s0-t10",
      "begin" : 39,
      "end" : 43,
      "text" : "love",
      "whiteSpace" : false
    }, {
      "id" : "s0-t11",
      "begin" : 44,
      "end" : 48,
      "text" : "this",
      "whiteSpace" : false
    }, {
      "id" : "s0-t12",
      "begin" : 49,
      "end" : 51,
      "text" : "as",
      "whiteSpace" : false
    }, {
      "id" : "s0-t13",
      "begin" : 52,
      "end" : 53,
      "text" : "I",
      "whiteSpace" : false
    }, {
      "id" : "s0-t14",
      "begin" : 54,
      "end" : 57,
      "text" : "had",
      "whiteSpace" : false
    }, {
      "id" : "s0-t15",
      "begin" : 58,
      "end" : 62,
      "text" : "read",
      "whiteSpace" : false
    }, {
      "id" : "s0-t16",
      "begin" : 63,
      "end" : 65,
      "text" : "so",
      "whiteSpace" : false
    }, {
      "id" : "s0-t17",
      "begin" : 66,
      "end" : 70,
      "text" : "many",
      "whiteSpace" : false
    }, {
      "id" : "s0-t18",
      "begin" : 71,
      "end" : 76,
      "text" : "great",
      "whiteSpace" : false
    }, {
      "id" : "s0-t19",
      "begin" : 77,
      "end" : 83,
      "text" : "things",
      "whiteSpace" : false
    }, {
      "id" : "s0-t20",
      "begin" : 84,
      "end" : 89,
      "text" : "about",
      "whiteSpace" : false
    }, {
      "id" : "s0-t21",
      "begin" : 90,
      "end" : 97,
      "text" : "coconut",
      "whiteSpace" : false
    }, {
      "id" : "s0-t22",
      "begin" : 98,
      "end" : 103,
      "text" : "water",
      "whiteSpace" : false
    }, {
      "id" : "s0-t23",
      "begin" : 103,
      "end" : 104,
      "text" : ".",
      "whiteSpace" : false
    } ]
  }, {
    "id" : "s1",
    "begin" : 106,
    "end" : 142,
    "text" : "I was so excited when my order came.",
    "tokens" : [ {
      "id" : "s1-t0",
      "begin" : 106,
      "end" : 107,
      "text" : "I",
      "whiteSpace" : false
    }, {
      "id" : "s1-t1",
      "begin" : 108,
      "end" : 111,
      "text" : "was",
      "whiteSpace" : false
    }, {
      "id" : "s1-t2",
      "begin" : 112,
      "end" : 114,
      "text" : "so",
      "whiteSpace" : false
    }, {
      "id" : "s1-t3",
      "begin" : 115,
      "end" : 122,
      "text" : "excited",
      "whiteSpace" : false
    }, {
      "id" : "s1-t4",
      "begin" : 123,
      "end" : 127,
      "text" : "when",
      "whiteSpace" : false
    }, {
      "id" : "s1-t5",
      "begin" : 128,
      "end" : 130,
      "text" : "my",
      "whiteSpace" : false
    }, {
      "id" : "s1-t6",
      "begin" : 131,
      "end" : 136,
      "text" : "order",
      "whiteSpace" : false
    }, {
      "id" : "s1-t7",
      "begin" : 137,
      "end" : 141,
      "text" : "came",
      "whiteSpace" : false
    }, {
      "id" : "s1-t8",
      "begin" : 141,
      "end" : 142,
      "text" : ".",
      "whiteSpace" : false
    } ]
  }, {
    "id" : "s2",
    "begin" : 144,
    "end" : 192,
    "text" : "I had some already in the fridge so it was cold.",
    "tokens" : [ {
      "id" : "s2-t0",
      "begin" : 144,
      "end" : 145,
      "text" : "I",
      "whiteSpace" : false
    }, {
      "id" : "s2-t1",
      "begin" : 146,
      "end" : 149,
      "text" : "had",
      "whiteSpace" : false
    }, {
      "id" : "s2-t2",
      "begin" : 150,
      "end" : 154,
      "text" : "some",
      "whiteSpace" : false
    }, {
      "id" : "s2-t3",
      "begin" : 155,
      "end" : 162,
      "text" : "already",
      "whiteSpace" : false
    }, {
      "id" : "s2-t4",
      "begin" : 163,
      "end" : 165,
      "text" : "in",
      "whiteSpace" : false
    }, {
      "id" : "s2-t5",
      "begin" : 166,
      "end" : 169,
      "text" : "the",
      "whiteSpace" : false
    }, {
      "id" : "s2-t6",
      "begin" : 170,
      "end" : 176,
      "text" : "fridge",
      "whiteSpace" : false
    }, {
      "id" : "s2-t7",
      "begin" : 177,
      "end" : 179,
      "text" : "so",
      "whiteSpace" : false
    }, {
      "id" : "s2-t8",
      "begin" : 180,
      "end" : 182,
      "text" : "it",
      "whiteSpace" : false
    }, {
      "id" : "s2-t9",
      "begin" : 183,
      "end" : 186,
      "text" : "was",
      "whiteSpace" : false
    }, {
      "id" : "s2-t10",
      "begin" : 187,
      "end" : 191,
      "text" : "cold",
      "whiteSpace" : false
    }, {
      "id" : "s2-t11",
      "begin" : 191,
      "end" : 192,
      "text" : ".",
      "whiteSpace" : false
    } ]
  }, {
    "id" : "s3",
    "begin" : 194,
    "end" : 254,
    "text" : "After I had a great workout I went to grab my coconut water.",
    "tokens" : [ {
      "id" : "s3-t0",
      "begin" : 194,
      "end" : 199,
      "text" : "After",
      "whiteSpace" : false
    }, {
      "id" : "s3-t1",
      "begin" : 200,
      "end" : 201,
      "text" : "I",
      "whiteSpace" : false
    }, {
      "id" : "s3-t2",
      "begin" : 202,
      "end" : 205,
      "text" : "had",
      "whiteSpace" : false
    }, {
      "id" : "s3-t3",
      "begin" : 206,
      "end" : 207,
      "text" : "a",
      "whiteSpace" : false
    }, {
      "id" : "s3-t4",
      "begin" : 208,
      "end" : 213,
      "text" : "great",
      "whiteSpace" : false
    }, {
      "id" : "s3-t5",
      "begin" : 214,
      "end" : 221,
      "text" : "workout",
      "whiteSpace" : false
    }, {
      "id" : "s3-t6",
      "begin" : 222,
      "end" : 223,
      "text" : "I",
      "whiteSpace" : false
    }, {
      "id" : "s3-t7",
      "begin" : 224,
      "end" : 228,
      "text" : "went",
      "whiteSpace" : false
    }, {
      "id" : "s3-t8",
      "begin" : 229,
      "end" : 231,
      "text" : "to",
      "whiteSpace" : false
    }, {
      "id" : "s3-t9",
      "begin" : 232,
      "end" : 236,
      "text" : "grab",
      "whiteSpace" : false
    }, {
      "id" : "s3-t10",
      "begin" : 237,
      "end" : 239,
      "text" : "my",
      "whiteSpace" : false
    }, {
      "id" : "s3-t11",
      "begin" : 240,
      "end" : 247,
      "text" : "coconut",
      "whiteSpace" : false
    }, {
      "id" : "s3-t12",
      "begin" : 248,
      "end" : 253,
      "text" : "water",
      "whiteSpace" : false
    }, {
      "id" : "s3-t13",
      "begin" : 253,
      "end" : 254,
      "text" : ".",
      "whiteSpace" : false
    } ]
  }, {
    "id" : "s4",
    "begin" : 256,
    "end" : 302,
    "text" : "I was shocked at how disgusting the taste was.",
    "tokens" : [ {
      "id" : "s4-t0",
      "begin" : 256,
      "end" : 257,
      "text" : "I",
      "whiteSpace" : false
    }, {
      "id" : "s4-t1",
      "begin" : 258,
      "end" : 261,
      "text" : "was",
      "whiteSpace" : false
    }, {
      "id" : "s4-t2",
      "begin" : 262,
      "end" : 269,
      "text" : "shocked",
      "whiteSpace" : false
    }, {
      "id" : "s4-t3",
      "begin" : 270,
      "end" : 272,
      "text" : "at",
      "whiteSpace" : false
    }, {
      "id" : "s4-t4",
      "begin" : 273,
      "end" : 276,
      "text" : "how",
      "whiteSpace" : false
    }, {
      "id" : "s4-t5",
      "begin" : 277,
      "end" : 287,
      "text" : "disgusting",
      "whiteSpace" : false
    }, {
      "id" : "s4-t6",
      "begin" : 288,
      "end" : 291,
      "text" : "the",
      "whiteSpace" : false
    }, {
      "id" : "s4-t7",
      "begin" : 292,
      "end" : 297,
      "text" : "taste",
      "whiteSpace" : false
    }, {
      "id" : "s4-t8",
      "begin" : 298,
      "end" : 301,
      "text" : "was",
      "whiteSpace" : false
    }, {
      "id" : "s4-t9",
      "begin" : 301,
      "end" : 302,
      "text" : ".",
      "whiteSpace" : false
    } ]
  }, {
    "id" : "s5",
    "begin" : 304,
    "end" : 406,
    "text" : "I tried it again, I tried it over ice, I tried it through a straw and nothing made it taste palatable.",
    "tokens" : [ {
      "id" : "s5-t0",
      "begin" : 304,
      "end" : 305,
      "text" : "I",
      "whiteSpace" : false
    }, {
      "id" : "s5-t1",
      "begin" : 306,
      "end" : 311,
      "text" : "tried",
      "whiteSpace" : false
    }, {
      "id" : "s5-t2",
      "begin" : 312,
      "end" : 314,
      "text" : "it",
      "whiteSpace" : false
    }, {
      "id" : "s5-t3",
      "begin" : 315,
      "end" : 320,
      "text" : "again",
      "whiteSpace" : false
    }, {
      "id" : "s5-t4",
      "begin" : 320,
      "end" : 321,
      "text" : ",",
      "whiteSpace" : false
    }, {
      "id" : "s5-t5",
      "begin" : 322,
      "end" : 323,
      "text" : "I",
      "whiteSpace" : false
    }, {
      "id" : "s5-t6",
      "begin" : 324,
      "end" : 329,
      "text" : "tried",
      "whiteSpace" : false
    }, {
      "id" : "s5-t7",
      "begin" : 330,
      "end" : 332,
      "text" : "it",
      "whiteSpace" : false
    }, {
      "id" : "s5-t8",
      "begin" : 333,
      "end" : 337,
      "text" : "over",
      "whiteSpace" : false
    }, {
      "id" : "s5-t9",
      "begin" : 338,
      "end" : 341,
      "text" : "ice",
      "whiteSpace" : false
    }, {
      "id" : "s5-t10",
      "begin" : 341,
      "end" : 342,
      "text" : ",",
      "whiteSpace" : false
    }, {
      "id" : "s5-t11",
      "begin" : 343,
      "end" : 344,
      "text" : "I",
      "whiteSpace" : false
    }, {
      "id" : "s5-t12",
      "begin" : 345,
      "end" : 350,
      "text" : "tried",
      "whiteSpace" : false
    }, {
      "id" : "s5-t13",
      "begin" : 351,
      "end" : 353,
      "text" : "it",
      "whiteSpace" : false
    }, {
      "id" : "s5-t14",
      "begin" : 354,
      "end" : 361,
      "text" : "through",
      "whiteSpace" : false
    }, {
      "id" : "s5-t15",
      "begin" : 362,
      "end" : 363,
      "text" : "a",
      "whiteSpace" : false
    }, {
      "id" : "s5-t16",
      "begin" : 364,
      "end" : 369,
      "text" : "straw",
      "whiteSpace" : false
    }, {
      "id" : "s5-t17",
      "begin" : 370,
      "end" : 373,
      "text" : "and",
      "whiteSpace" : false
    }, {
      "id" : "s5-t18",
      "begin" : 374,
      "end" : 381,
      "text" : "nothing",
      "whiteSpace" : false
    }, {
      "id" : "s5-t19",
      "begin" : 382,
      "end" : 386,
      "text" : "made",
      "whiteSpace" : false
    }, {
      "id" : "s5-t20",
      "begin" : 387,
      "end" : 389,
      "text" : "it",
      "whiteSpace" : false
    }, {
      "id" : "s5-t21",
      "begin" : 390,
      "end" : 395,
      "text" : "taste",
      "whiteSpace" : false
    }, {
      "id" : "s5-t22",
      "begin" : 396,
      "end" : 405,
      "text" : "palatable",
      "whiteSpace" : false
    }, {
      "id" : "s5-t23",
      "begin" : 405,
      "end" : 406,
      "text" : ".",
      "whiteSpace" : false
    } ]
  }, {
    "id" : "s6",
    "begin" : 408,
    "end" : 484,
    "text" : "If you haven't had coconut water before try one first before you buy a case.",
    "tokens" : [ {
      "id" : "s6-t0",
      "begin" : 408,
      "end" : 410,
      "text" : "If",
      "whiteSpace" : false
    }, {
      "id" : "s6-t1",
      "begin" : 411,
      "end" : 414,
      "text" : "you",
      "whiteSpace" : false
    }, {
      "id" : "s6-t2",
      "begin" : 415,
      "end" : 419,
      "text" : "have",
      "whiteSpace" : false
    }, {
      "id" : "s6-t3",
      "begin" : 419,
      "end" : 422,
      "text" : "n't",
      "whiteSpace" : false
    }, {
      "id" : "s6-t4",
      "begin" : 423,
      "end" : 426,
      "text" : "had",
      "whiteSpace" : false
    }, {
      "id" : "s6-t5",
      "begin" : 427,
      "end" : 434,
      "text" : "coconut",
      "whiteSpace" : false
    }, {
      "id" : "s6-t6",
      "begin" : 435,
      "end" : 440,
      "text" : "water",
      "whiteSpace" : false
    }, {
      "id" : "s6-t7",
      "begin" : 441,
      "end" : 447,
      "text" : "before",
      "whiteSpace" : false
    }, {
      "id" : "s6-t8",
      "begin" : 448,
      "end" : 451,
      "text" : "try",
      "whiteSpace" : false
    }, {
      "id" : "s6-t9",
      "begin" : 452,
      "end" : 455,
      "text" : "one",
      "whiteSpace" : false
    }, {
      "id" : "s6-t10",
      "begin" : 456,
      "end" : 461,
      "text" : "first",
      "whiteSpace" : false
    }, {
      "id" : "s6-t11",
      "begin" : 462,
      "end" : 468,
      "text" : "before",
      "whiteSpace" : false
    }, {
      "id" : "s6-t12",
      "begin" : 469,
      "end" : 472,
      "text" : "you",
      "whiteSpace" : false
    }, {
      "id" : "s6-t13",
      "begin" : 473,
      "end" : 476,
      "text" : "buy",
      "whiteSpace" : false
    }, {
      "id" : "s6-t14",
      "begin" : 477,
      "end" : 478,
      "text" : "a",
      "whiteSpace" : false
    }, {
      "id" : "s6-t15",
      "begin" : 479,
      "end" : 483,
      "text" : "case",
      "whiteSpace" : false
    }, {
      "id" : "s6-t16",
      "begin" : 483,
      "end" : 484,
      "text" : ".",
      "whiteSpace" : false
    } ]
  }, {
    "id" : "s7",
    "begin" : 486,
    "end" : 580,
    "text" : "My next step is going to try and mix it with a variety of liquors and see if I can stomach it.",
    "tokens" : [ {
      "id" : "s7-t0",
      "begin" : 486,
      "end" : 488,
      "text" : "My",
      "whiteSpace" : false
    }, {
      "id" : "s7-t1",
      "begin" : 489,
      "end" : 493,
      "text" : "next",
      "whiteSpace" : false
    }, {
      "id" : "s7-t2",
      "begin" : 494,
      "end" : 498,
      "text" : "step",
      "whiteSpace" : false
    }, {
      "id" : "s7-t3",
      "begin" : 499,
      "end" : 501,
      "text" : "is",
      "whiteSpace" : false
    }, {
      "id" : "s7-t4",
      "begin" : 502,
      "end" : 507,
      "text" : "going",
      "whiteSpace" : false
    }, {
      "id" : "s7-t5",
      "begin" : 508,
      "end" : 510,
      "text" : "to",
      "whiteSpace" : false
    }, {
      "id" : "s7-t6",
      "begin" : 511,
      "end" : 514,
      "text" : "try",
      "whiteSpace" : false
    }, {
      "id" : "s7-t7",
      "begin" : 515,
      "end" : 518,
      "text" : "and",
      "whiteSpace" : false
    }, {
      "id" : "s7-t8",
      "begin" : 519,
      "end" : 522,
      "text" : "mix",
      "whiteSpace" : false
    }, {
      "id" : "s7-t9",
      "begin" : 523,
      "end" : 525,
      "text" : "it",
      "whiteSpace" : false
    }, {
      "id" : "s7-t10",
      "begin" : 526,
      "end" : 530,
      "text" : "with",
      "whiteSpace" : false
    }, {
      "id" : "s7-t11",
      "begin" : 531,
      "end" : 532,
      "text" : "a",
      "whiteSpace" : false
    }, {
      "id" : "s7-t12",
      "begin" : 533,
      "end" : 540,
      "text" : "variety",
      "whiteSpace" : false
    }, {
      "id" : "s7-t13",
      "begin" : 541,
      "end" : 543,
      "text" : "of",
      "whiteSpace" : false
    }, {
      "id" : "s7-t14",
      "begin" : 544,
      "end" : 551,
      "text" : "liquors",
      "whiteSpace" : false
    }, {
      "id" : "s7-t15",
      "begin" : 552,
      "end" : 555,
      "text" : "and",
      "whiteSpace" : false
    }, {
      "id" : "s7-t16",
      "begin" : 556,
      "end" : 559,
      "text" : "see",
      "whiteSpace" : false
    }, {
      "id" : "s7-t17",
      "begin" : 560,
      "end" : 562,
      "text" : "if",
      "whiteSpace" : false
    }, {
      "id" : "s7-t18",
      "begin" : 563,
      "end" : 564,
      "text" : "I",
      "whiteSpace" : false
    }, {
      "id" : "s7-t19",
      "begin" : 565,
      "end" : 568,
      "text" : "can",
      "whiteSpace" : false
    }, {
      "id" : "s7-t20",
      "begin" : 569,
      "end" : 576,
      "text" : "stomach",
      "whiteSpace" : false
    }, {
      "id" : "s7-t21",
      "begin" : 577,
      "end" : 579,
      "text" : "it",
      "whiteSpace" : false
    }, {
      "id" : "s7-t22",
      "begin" : 579,
      "end" : 580,
      "text" : ".",
      "whiteSpace" : false
    } ]
  }, {
    "id" : "s8",
    "begin" : 582,
    "end" : 592,
    "text" : "Good luck!",
    "tokens" : [ {
      "id" : "s8-t0",
      "begin" : 582,
      "end" : 586,
      "text" : "Good",
      "whiteSpace" : false
    }, {
      "id" : "s8-t1",
      "begin" : 587,
      "end" : 591,
      "text" : "luck",
      "whiteSpace" : false
    }, {
      "id" : "s8-t2",
      "begin" : 591,
      "end" : 592,
      "text" : "!",
      "whiteSpace" : false
    } ]
  } ],
  "mentions" : [ {
    "id" : "s0-m1",
    "properties" : {
      "SIRE_MENTION_ROLE" : "Product",
      "SIRE_ENTITY_SUBTYPE" : "NONE",
      "SIRE_MENTION_TYPE" : "NONE",
      "SIRE_MENTION_CLASS" : "SPC"
    },
    "type" : "Product",
    "begin" : 44,
    "end" : 48,
    "inCoref" : true
  }, {
    "id" : "s0-m2",
    "properties" : {
      "SIRE_MENTION_ROLE" : "Product",
      "SIRE_ENTITY_SUBTYPE" : "NONE",
      "SIRE_MENTION_TYPE" : "NONE",
      "SIRE_MENTION_CLASS" : "SPC"
    },
    "type" : "Product",
    "begin" : 90,
    "end" : 103,
    "inCoref" : true
  }, {
    "id" : "s3-m1",
    "properties" : {
      "SIRE_MENTION_ROLE" : "Product",
      "SIRE_ENTITY_SUBTYPE" : "NONE",
      "SIRE_MENTION_TYPE" : "NONE",
      "SIRE_MENTION_CLASS" : "SPC"
    },
    "type" : "Product",
    "begin" : 240,
    "end" : 253,
    "inCoref" : true
  }, {
    "id" : "s5-m3",
    "properties" : {
      "SIRE_MENTION_ROLE" : "Product",
      "SIRE_ENTITY_SUBTYPE" : "NONE",
      "SIRE_MENTION_TYPE" : "NONE",
      "SIRE_MENTION_CLASS" : "SPC"
    },
    "type" : "Product",
    "begin" : 312,
    "end" : 314,
    "inCoref" : true
  }, {
    "id" : "s5-m1",
    "properties" : {
      "SIRE_MENTION_ROLE" : "Product",
      "SIRE_ENTITY_SUBTYPE" : "NONE",
      "SIRE_MENTION_TYPE" : "NONE",
      "SIRE_MENTION_CLASS" : "SPC"
    },
    "type" : "Product",
    "begin" : 330,
    "end" : 332,
    "inCoref" : true
  }, {
    "id" : "s5-m2",
    "properties" : {
      "SIRE_MENTION_ROLE" : "Product",
      "SIRE_ENTITY_SUBTYPE" : "NONE",
      "SIRE_MENTION_TYPE" : "NONE",
      "SIRE_MENTION_CLASS" : "SPC"
    },
    "type" : "Product",
    "begin" : 351,
    "end" : 353,
    "inCoref" : true
  }, {
    "id" : "s5-m4",
    "properties" : {
      "SIRE_MENTION_ROLE" : "Product",
      "SIRE_ENTITY_SUBTYPE" : "NONE",
      "SIRE_MENTION_TYPE" : "NONE",
      "SIRE_MENTION_CLASS" : "SPC"
    },
    "type" : "Product",
    "begin" : 387,
    "end" : 389,
    "inCoref" : true
  }, {
    "id" : "s6-m1",
    "properties" : {
      "SIRE_MENTION_ROLE" : "Product",
      "SIRE_ENTITY_SUBTYPE" : "NONE",
      "SIRE_MENTION_TYPE" : "NONE",
      "SIRE_MENTION_CLASS" : "SPC"
    },
    "type" : "Product",
    "begin" : 427,
    "end" : 440,
    "inCoref" : true
  }, {
    "id" : "s6-m2",
    "properties" : {
      "SIRE_MENTION_ROLE" : "Product",
      "SIRE_ENTITY_SUBTYPE" : "NONE",
      "SIRE_MENTION_TYPE" : "NONE",
      "SIRE_MENTION_CLASS" : "SPC"
    },
    "type" : "Product",
    "begin" : 452,
    "end" : 455,
    "inCoref" : true
  }, {
    "id" : "s7-m1",
    "properties" : {
      "SIRE_MENTION_ROLE" : "Product",
      "SIRE_ENTITY_SUBTYPE" : "NONE",
      "SIRE_MENTION_TYPE" : "NONE",
      "SIRE_MENTION_CLASS" : "SPC"
    },
    "type" : "Product",
    "begin" : 523,
    "end" : 525,
    "inCoref" : true
  }, {
    "id" : "s7-m2",
    "properties" : {
      "SIRE_MENTION_ROLE" : "Product",
      "SIRE_ENTITY_SUBTYPE" : "NONE",
      "SIRE_MENTION_TYPE" : "NONE",
      "SIRE_MENTION_CLASS" : "SPC"
    },
    "type" : "Product",
    "begin" : 577,
    "end" : 579,
    "inCoref" : true
  } ],
  "relations" : [ ],
  "corefs" : [ {
    "id" : "c1",
    "properties" : { },
    "mentions" : [ "s3-m1", "s0-m2", "s0-m1", "s5-m1", "s5-m3", "s6-m1", "s5-m2", "s6-m2", "s7-m1", "s5-m4", "s7-m2" ]
  } ],
  "typeResolved" : true,
  "userResolved" : false
}