{
  "id" : "bc2e7dc0-32ab-11e8-9c9d-6505f4419106-4",
  "name" : "review_0042.json",
  "createdDate" : 0,
  "version" : 3,
  "text" : "In September, I adopted 2 adult border terrier mixes from The Shelter Pet project and the oldest girl had a few \"breath\" issues.  Heard about Greenies and have not been disappointed.  The two of them love their treat before I go to work and it is comical to see them chew and chew and chew, since that is what removes the tartar. Amazon has much better pricing then the pet centers, so I love it.  Try them for your pet, they will love it.",
  "docLength" : 0,
  "language" : "EN",
  "status" : "SUBMITTED",
  "modifiedDate" : 1522294478596,
  "documentSet" : [ ],
  "preannotation" : [ ],
  "sentences" : [ {
    "id" : "s0",
    "begin" : 0,
    "end" : 128,
    "text" : "In September, I adopted 2 adult border terrier mixes from The Shelter Pet project and the oldest girl had a few \"breath\" issues.",
    "tokens" : [ {
      "id" : "s0-t0",
      "begin" : 0,
      "end" : 2,
      "text" : "In",
      "whiteSpace" : false
    }, {
      "id" : "s0-t1",
      "begin" : 3,
      "end" : 12,
      "text" : "September",
      "whiteSpace" : false
    }, {
      "id" : "s0-t2",
      "begin" : 12,
      "end" : 13,
      "text" : ",",
      "whiteSpace" : false
    }, {
      "id" : "s0-t3",
      "begin" : 14,
      "end" : 15,
      "text" : "I",
      "whiteSpace" : false
    }, {
      "id" : "s0-t4",
      "begin" : 16,
      "end" : 23,
      "text" : "adopted",
      "whiteSpace" : false
    }, {
      "id" : "s0-t5",
      "begin" : 24,
      "end" : 25,
      "text" : "2",
      "whiteSpace" : false
    }, {
      "id" : "s0-t6",
      "begin" : 26,
      "end" : 31,
      "text" : "adult",
      "whiteSpace" : false
    }, {
      "id" : "s0-t7",
      "begin" : 32,
      "end" : 38,
      "text" : "border",
      "whiteSpace" : false
    }, {
      "id" : "s0-t8",
      "begin" : 39,
      "end" : 46,
      "text" : "terrier",
      "whiteSpace" : false
    }, {
      "id" : "s0-t9",
      "begin" : 47,
      "end" : 52,
      "text" : "mixes",
      "whiteSpace" : false
    }, {
      "id" : "s0-t10",
      "begin" : 53,
      "end" : 57,
      "text" : "from",
      "whiteSpace" : false
    }, {
      "id" : "s0-t11",
      "begin" : 58,
      "end" : 61,
      "text" : "The",
      "whiteSpace" : false
    }, {
      "id" : "s0-t12",
      "begin" : 62,
      "end" : 69,
      "text" : "Shelter",
      "whiteSpace" : false
    }, {
      "id" : "s0-t13",
      "begin" : 70,
      "end" : 73,
      "text" : "Pet",
      "whiteSpace" : false
    }, {
      "id" : "s0-t14",
      "begin" : 74,
      "end" : 81,
      "text" : "project",
      "whiteSpace" : false
    }, {
      "id" : "s0-t15",
      "begin" : 82,
      "end" : 85,
      "text" : "and",
      "whiteSpace" : false
    }, {
      "id" : "s0-t16",
      "begin" : 86,
      "end" : 89,
      "text" : "the",
      "whiteSpace" : false
    }, {
      "id" : "s0-t17",
      "begin" : 90,
      "end" : 96,
      "text" : "oldest",
      "whiteSpace" : false
    }, {
      "id" : "s0-t18",
      "begin" : 97,
      "end" : 101,
      "text" : "girl",
      "whiteSpace" : false
    }, {
      "id" : "s0-t19",
      "begin" : 102,
      "end" : 105,
      "text" : "had",
      "whiteSpace" : false
    }, {
      "id" : "s0-t20",
      "begin" : 106,
      "end" : 107,
      "text" : "a",
      "whiteSpace" : false
    }, {
      "id" : "s0-t21",
      "begin" : 108,
      "end" : 111,
      "text" : "few",
      "whiteSpace" : false
    }, {
      "id" : "s0-t22",
      "begin" : 112,
      "end" : 113,
      "text" : "\"",
      "whiteSpace" : false
    }, {
      "id" : "s0-t23",
      "begin" : 113,
      "end" : 119,
      "text" : "breath",
      "whiteSpace" : false
    }, {
      "id" : "s0-t24",
      "begin" : 119,
      "end" : 120,
      "text" : "\"",
      "whiteSpace" : false
    }, {
      "id" : "s0-t25",
      "begin" : 121,
      "end" : 127,
      "text" : "issues",
      "whiteSpace" : false
    }, {
      "id" : "s0-t26",
      "begin" : 127,
      "end" : 128,
      "text" : ".",
      "whiteSpace" : false
    } ]
  }, {
    "id" : "s1",
    "begin" : 130,
    "end" : 182,
    "text" : "Heard about Greenies and have not been disappointed.",
    "tokens" : [ {
      "id" : "s1-t0",
      "begin" : 130,
      "end" : 135,
      "text" : "Heard",
      "whiteSpace" : false
    }, {
      "id" : "s1-t1",
      "begin" : 136,
      "end" : 141,
      "text" : "about",
      "whiteSpace" : false
    }, {
      "id" : "s1-t2",
      "begin" : 142,
      "end" : 150,
      "text" : "Greenies",
      "whiteSpace" : false
    }, {
      "id" : "s1-t3",
      "begin" : 151,
      "end" : 154,
      "text" : "and",
      "whiteSpace" : false
    }, {
      "id" : "s1-t4",
      "begin" : 155,
      "end" : 159,
      "text" : "have",
      "whiteSpace" : false
    }, {
      "id" : "s1-t5",
      "begin" : 160,
      "end" : 163,
      "text" : "not",
      "whiteSpace" : false
    }, {
      "id" : "s1-t6",
      "begin" : 164,
      "end" : 168,
      "text" : "been",
      "whiteSpace" : false
    }, {
      "id" : "s1-t7",
      "begin" : 169,
      "end" : 181,
      "text" : "disappointed",
      "whiteSpace" : false
    }, {
      "id" : "s1-t8",
      "begin" : 181,
      "end" : 182,
      "text" : ".",
      "whiteSpace" : false
    } ]
  }, {
    "id" : "s2",
    "begin" : 184,
    "end" : 329,
    "text" : "The two of them love their treat before I go to work and it is comical to see them chew and chew and chew, since that is what removes the tartar.",
    "tokens" : [ {
      "id" : "s2-t0",
      "begin" : 184,
      "end" : 187,
      "text" : "The",
      "whiteSpace" : false
    }, {
      "id" : "s2-t1",
      "begin" : 188,
      "end" : 191,
      "text" : "two",
      "whiteSpace" : false
    }, {
      "id" : "s2-t2",
      "begin" : 192,
      "end" : 194,
      "text" : "of",
      "whiteSpace" : false
    }, {
      "id" : "s2-t3",
      "begin" : 195,
      "end" : 199,
      "text" : "them",
      "whiteSpace" : false
    }, {
      "id" : "s2-t4",
      "begin" : 200,
      "end" : 204,
      "text" : "love",
      "whiteSpace" : false
    }, {
      "id" : "s2-t5",
      "begin" : 205,
      "end" : 210,
      "text" : "their",
      "whiteSpace" : false
    }, {
      "id" : "s2-t6",
      "begin" : 211,
      "end" : 216,
      "text" : "treat",
      "whiteSpace" : false
    }, {
      "id" : "s2-t7",
      "begin" : 217,
      "end" : 223,
      "text" : "before",
      "whiteSpace" : false
    }, {
      "id" : "s2-t8",
      "begin" : 224,
      "end" : 225,
      "text" : "I",
      "whiteSpace" : false
    }, {
      "id" : "s2-t9",
      "begin" : 226,
      "end" : 228,
      "text" : "go",
      "whiteSpace" : false
    }, {
      "id" : "s2-t10",
      "begin" : 229,
      "end" : 231,
      "text" : "to",
      "whiteSpace" : false
    }, {
      "id" : "s2-t11",
      "begin" : 232,
      "end" : 236,
      "text" : "work",
      "whiteSpace" : false
    }, {
      "id" : "s2-t12",
      "begin" : 237,
      "end" : 240,
      "text" : "and",
      "whiteSpace" : false
    }, {
      "id" : "s2-t13",
      "begin" : 241,
      "end" : 243,
      "text" : "it",
      "whiteSpace" : false
    }, {
      "id" : "s2-t14",
      "begin" : 244,
      "end" : 246,
      "text" : "is",
      "whiteSpace" : false
    }, {
      "id" : "s2-t15",
      "begin" : 247,
      "end" : 254,
      "text" : "comical",
      "whiteSpace" : false
    }, {
      "id" : "s2-t16",
      "begin" : 255,
      "end" : 257,
      "text" : "to",
      "whiteSpace" : false
    }, {
      "id" : "s2-t17",
      "begin" : 258,
      "end" : 261,
      "text" : "see",
      "whiteSpace" : false
    }, {
      "id" : "s2-t18",
      "begin" : 262,
      "end" : 266,
      "text" : "them",
      "whiteSpace" : false
    }, {
      "id" : "s2-t19",
      "begin" : 267,
      "end" : 271,
      "text" : "chew",
      "whiteSpace" : false
    }, {
      "id" : "s2-t20",
      "begin" : 272,
      "end" : 275,
      "text" : "and",
      "whiteSpace" : false
    }, {
      "id" : "s2-t21",
      "begin" : 276,
      "end" : 280,
      "text" : "chew",
      "whiteSpace" : false
    }, {
      "id" : "s2-t22",
      "begin" : 281,
      "end" : 284,
      "text" : "and",
      "whiteSpace" : false
    }, {
      "id" : "s2-t23",
      "begin" : 285,
      "end" : 289,
      "text" : "chew",
      "whiteSpace" : false
    }, {
      "id" : "s2-t24",
      "begin" : 289,
      "end" : 290,
      "text" : ",",
      "whiteSpace" : false
    }, {
      "id" : "s2-t25",
      "begin" : 291,
      "end" : 296,
      "text" : "since",
      "whiteSpace" : false
    }, {
      "id" : "s2-t26",
      "begin" : 297,
      "end" : 301,
      "text" : "that",
      "whiteSpace" : false
    }, {
      "id" : "s2-t27",
      "begin" : 302,
      "end" : 304,
      "text" : "is",
      "whiteSpace" : false
    }, {
      "id" : "s2-t28",
      "begin" : 305,
      "end" : 309,
      "text" : "what",
      "whiteSpace" : false
    }, {
      "id" : "s2-t29",
      "begin" : 310,
      "end" : 317,
      "text" : "removes",
      "whiteSpace" : false
    }, {
      "id" : "s2-t30",
      "begin" : 318,
      "end" : 321,
      "text" : "the",
      "whiteSpace" : false
    }, {
      "id" : "s2-t31",
      "begin" : 322,
      "end" : 328,
      "text" : "tartar",
      "whiteSpace" : false
    }, {
      "id" : "s2-t32",
      "begin" : 328,
      "end" : 329,
      "text" : ".",
      "whiteSpace" : false
    } ]
  }, {
    "id" : "s3",
    "begin" : 330,
    "end" : 396,
    "text" : "Amazon has much better pricing then the pet centers, so I love it.",
    "tokens" : [ {
      "id" : "s3-t0",
      "begin" : 330,
      "end" : 336,
      "text" : "Amazon",
      "whiteSpace" : false
    }, {
      "id" : "s3-t1",
      "begin" : 337,
      "end" : 340,
      "text" : "has",
      "whiteSpace" : false
    }, {
      "id" : "s3-t2",
      "begin" : 341,
      "end" : 345,
      "text" : "much",
      "whiteSpace" : false
    }, {
      "id" : "s3-t3",
      "begin" : 346,
      "end" : 352,
      "text" : "better",
      "whiteSpace" : false
    }, {
      "id" : "s3-t4",
      "begin" : 353,
      "end" : 360,
      "text" : "pricing",
      "whiteSpace" : false
    }, {
      "id" : "s3-t5",
      "begin" : 361,
      "end" : 365,
      "text" : "then",
      "whiteSpace" : false
    }, {
      "id" : "s3-t6",
      "begin" : 366,
      "end" : 369,
      "text" : "the",
      "whiteSpace" : false
    }, {
      "id" : "s3-t7",
      "begin" : 370,
      "end" : 373,
      "text" : "pet",
      "whiteSpace" : false
    }, {
      "id" : "s3-t8",
      "begin" : 374,
      "end" : 381,
      "text" : "centers",
      "whiteSpace" : false
    }, {
      "id" : "s3-t9",
      "begin" : 381,
      "end" : 382,
      "text" : ",",
      "whiteSpace" : false
    }, {
      "id" : "s3-t10",
      "begin" : 383,
      "end" : 385,
      "text" : "so",
      "whiteSpace" : false
    }, {
      "id" : "s3-t11",
      "begin" : 386,
      "end" : 387,
      "text" : "I",
      "whiteSpace" : false
    }, {
      "id" : "s3-t12",
      "begin" : 388,
      "end" : 392,
      "text" : "love",
      "whiteSpace" : false
    }, {
      "id" : "s3-t13",
      "begin" : 393,
      "end" : 395,
      "text" : "it",
      "whiteSpace" : false
    }, {
      "id" : "s3-t14",
      "begin" : 395,
      "end" : 396,
      "text" : ".",
      "whiteSpace" : false
    } ]
  }, {
    "id" : "s4",
    "begin" : 398,
    "end" : 439,
    "text" : "Try them for your pet, they will love it.",
    "tokens" : [ {
      "id" : "s4-t0",
      "begin" : 398,
      "end" : 401,
      "text" : "Try",
      "whiteSpace" : false
    }, {
      "id" : "s4-t1",
      "begin" : 402,
      "end" : 406,
      "text" : "them",
      "whiteSpace" : false
    }, {
      "id" : "s4-t2",
      "begin" : 407,
      "end" : 410,
      "text" : "for",
      "whiteSpace" : false
    }, {
      "id" : "s4-t3",
      "begin" : 411,
      "end" : 415,
      "text" : "your",
      "whiteSpace" : false
    }, {
      "id" : "s4-t4",
      "begin" : 416,
      "end" : 419,
      "text" : "pet",
      "whiteSpace" : false
    }, {
      "id" : "s4-t5",
      "begin" : 419,
      "end" : 420,
      "text" : ",",
      "whiteSpace" : false
    }, {
      "id" : "s4-t6",
      "begin" : 421,
      "end" : 425,
      "text" : "they",
      "whiteSpace" : false
    }, {
      "id" : "s4-t7",
      "begin" : 426,
      "end" : 430,
      "text" : "will",
      "whiteSpace" : false
    }, {
      "id" : "s4-t8",
      "begin" : 431,
      "end" : 435,
      "text" : "love",
      "whiteSpace" : false
    }, {
      "id" : "s4-t9",
      "begin" : 436,
      "end" : 438,
      "text" : "it",
      "whiteSpace" : false
    }, {
      "id" : "s4-t10",
      "begin" : 438,
      "end" : 439,
      "text" : ".",
      "whiteSpace" : false
    } ]
  } ],
  "mentions" : [ {
    "id" : "s1-m1",
    "properties" : {
      "SIRE_MENTION_ROLE" : "Product",
      "SIRE_ENTITY_SUBTYPE" : "NONE",
      "SIRE_MENTION_TYPE" : "NONE",
      "SIRE_MENTION_CLASS" : "SPC"
    },
    "type" : "Brand",
    "begin" : 142,
    "end" : 150,
    "inCoref" : false
  }, {
    "id" : "s2-m1",
    "properties" : {
      "SIRE_MENTION_ROLE" : "Product",
      "SIRE_ENTITY_SUBTYPE" : "NONE",
      "SIRE_MENTION_TYPE" : "NONE",
      "SIRE_MENTION_CLASS" : "SPC"
    },
    "type" : "Product",
    "begin" : 211,
    "end" : 216,
    "inCoref" : true
  }, {
    "id" : "s4-m1",
    "properties" : {
      "SIRE_MENTION_ROLE" : "Product",
      "SIRE_ENTITY_SUBTYPE" : "NONE",
      "SIRE_MENTION_TYPE" : "NONE",
      "SIRE_MENTION_CLASS" : "SPC"
    },
    "type" : "Product",
    "begin" : 402,
    "end" : 406,
    "inCoref" : true
  }, {
    "id" : "s4-m2",
    "properties" : {
      "SIRE_MENTION_ROLE" : "Product",
      "SIRE_ENTITY_SUBTYPE" : "NONE",
      "SIRE_MENTION_TYPE" : "NONE",
      "SIRE_MENTION_CLASS" : "SPC"
    },
    "type" : "Product",
    "begin" : 436,
    "end" : 438,
    "inCoref" : true
  } ],
  "relations" : [ ],
  "corefs" : [ {
    "id" : "c1",
    "properties" : { },
    "mentions" : [ "s2-m1", "s4-m1", "s4-m2" ]
  } ],
  "typeResolved" : true,
  "userResolved" : false
}