{
  "id" : "bc2e7dc0-32ab-11e8-9c9d-6505f4419106-83",
  "name" : "review_1350.json",
  "createdDate" : 0,
  "version" : 3,
  "text" : "I have enjoyed the KIND bars, but these Almond Cashew ones are definitely not for me.  Much more dense and gooey that the other varieties that I have had, they did have a good crunch.  However, even the crunch felt slightly mushy at times.  With no real flavor to make up for the texture, I would not buy these again.",
  "docLength" : 0,
  "language" : "EN",
  "status" : "SUBMITTED",
  "modifiedDate" : 1522306284717,
  "documentSet" : [ ],
  "preannotation" : [ ],
  "sentences" : [ {
    "id" : "s0",
    "begin" : 0,
    "end" : 85,
    "text" : "I have enjoyed the KIND bars, but these Almond Cashew ones are definitely not for me.",
    "tokens" : [ {
      "id" : "s0-t0",
      "begin" : 0,
      "end" : 1,
      "text" : "I",
      "whiteSpace" : false
    }, {
      "id" : "s0-t1",
      "begin" : 2,
      "end" : 6,
      "text" : "have",
      "whiteSpace" : false
    }, {
      "id" : "s0-t2",
      "begin" : 7,
      "end" : 14,
      "text" : "enjoyed",
      "whiteSpace" : false
    }, {
      "id" : "s0-t3",
      "begin" : 15,
      "end" : 18,
      "text" : "the",
      "whiteSpace" : false
    }, {
      "id" : "s0-t4",
      "begin" : 19,
      "end" : 23,
      "text" : "KIND",
      "whiteSpace" : false
    }, {
      "id" : "s0-t5",
      "begin" : 24,
      "end" : 28,
      "text" : "bars",
      "whiteSpace" : false
    }, {
      "id" : "s0-t6",
      "begin" : 28,
      "end" : 29,
      "text" : ",",
      "whiteSpace" : false
    }, {
      "id" : "s0-t7",
      "begin" : 30,
      "end" : 33,
      "text" : "but",
      "whiteSpace" : false
    }, {
      "id" : "s0-t8",
      "begin" : 34,
      "end" : 39,
      "text" : "these",
      "whiteSpace" : false
    }, {
      "id" : "s0-t9",
      "begin" : 40,
      "end" : 46,
      "text" : "Almond",
      "whiteSpace" : false
    }, {
      "id" : "s0-t10",
      "begin" : 47,
      "end" : 53,
      "text" : "Cashew",
      "whiteSpace" : false
    }, {
      "id" : "s0-t11",
      "begin" : 54,
      "end" : 58,
      "text" : "ones",
      "whiteSpace" : false
    }, {
      "id" : "s0-t12",
      "begin" : 59,
      "end" : 62,
      "text" : "are",
      "whiteSpace" : false
    }, {
      "id" : "s0-t13",
      "begin" : 63,
      "end" : 73,
      "text" : "definitely",
      "whiteSpace" : false
    }, {
      "id" : "s0-t14",
      "begin" : 74,
      "end" : 77,
      "text" : "not",
      "whiteSpace" : false
    }, {
      "id" : "s0-t15",
      "begin" : 78,
      "end" : 81,
      "text" : "for",
      "whiteSpace" : false
    }, {
      "id" : "s0-t16",
      "begin" : 82,
      "end" : 84,
      "text" : "me",
      "whiteSpace" : false
    }, {
      "id" : "s0-t17",
      "begin" : 84,
      "end" : 85,
      "text" : ".",
      "whiteSpace" : false
    } ]
  }, {
    "id" : "s1",
    "begin" : 87,
    "end" : 183,
    "text" : "Much more dense and gooey that the other varieties that I have had, they did have a good crunch.",
    "tokens" : [ {
      "id" : "s1-t0",
      "begin" : 87,
      "end" : 91,
      "text" : "Much",
      "whiteSpace" : false
    }, {
      "id" : "s1-t1",
      "begin" : 92,
      "end" : 96,
      "text" : "more",
      "whiteSpace" : false
    }, {
      "id" : "s1-t2",
      "begin" : 97,
      "end" : 102,
      "text" : "dense",
      "whiteSpace" : false
    }, {
      "id" : "s1-t3",
      "begin" : 103,
      "end" : 106,
      "text" : "and",
      "whiteSpace" : false
    }, {
      "id" : "s1-t4",
      "begin" : 107,
      "end" : 112,
      "text" : "gooey",
      "whiteSpace" : false
    }, {
      "id" : "s1-t5",
      "begin" : 113,
      "end" : 117,
      "text" : "that",
      "whiteSpace" : false
    }, {
      "id" : "s1-t6",
      "begin" : 118,
      "end" : 121,
      "text" : "the",
      "whiteSpace" : false
    }, {
      "id" : "s1-t7",
      "begin" : 122,
      "end" : 127,
      "text" : "other",
      "whiteSpace" : false
    }, {
      "id" : "s1-t8",
      "begin" : 128,
      "end" : 137,
      "text" : "varieties",
      "whiteSpace" : false
    }, {
      "id" : "s1-t9",
      "begin" : 138,
      "end" : 142,
      "text" : "that",
      "whiteSpace" : false
    }, {
      "id" : "s1-t10",
      "begin" : 143,
      "end" : 144,
      "text" : "I",
      "whiteSpace" : false
    }, {
      "id" : "s1-t11",
      "begin" : 145,
      "end" : 149,
      "text" : "have",
      "whiteSpace" : false
    }, {
      "id" : "s1-t12",
      "begin" : 150,
      "end" : 153,
      "text" : "had",
      "whiteSpace" : false
    }, {
      "id" : "s1-t13",
      "begin" : 153,
      "end" : 154,
      "text" : ",",
      "whiteSpace" : false
    }, {
      "id" : "s1-t14",
      "begin" : 155,
      "end" : 159,
      "text" : "they",
      "whiteSpace" : false
    }, {
      "id" : "s1-t15",
      "begin" : 160,
      "end" : 163,
      "text" : "did",
      "whiteSpace" : false
    }, {
      "id" : "s1-t16",
      "begin" : 164,
      "end" : 168,
      "text" : "have",
      "whiteSpace" : false
    }, {
      "id" : "s1-t17",
      "begin" : 169,
      "end" : 170,
      "text" : "a",
      "whiteSpace" : false
    }, {
      "id" : "s1-t18",
      "begin" : 171,
      "end" : 175,
      "text" : "good",
      "whiteSpace" : false
    }, {
      "id" : "s1-t19",
      "begin" : 176,
      "end" : 182,
      "text" : "crunch",
      "whiteSpace" : false
    }, {
      "id" : "s1-t20",
      "begin" : 182,
      "end" : 183,
      "text" : ".",
      "whiteSpace" : false
    } ]
  }, {
    "id" : "s2",
    "begin" : 185,
    "end" : 239,
    "text" : "However, even the crunch felt slightly mushy at times.",
    "tokens" : [ {
      "id" : "s2-t0",
      "begin" : 185,
      "end" : 192,
      "text" : "However",
      "whiteSpace" : false
    }, {
      "id" : "s2-t1",
      "begin" : 192,
      "end" : 193,
      "text" : ",",
      "whiteSpace" : false
    }, {
      "id" : "s2-t2",
      "begin" : 194,
      "end" : 198,
      "text" : "even",
      "whiteSpace" : false
    }, {
      "id" : "s2-t3",
      "begin" : 199,
      "end" : 202,
      "text" : "the",
      "whiteSpace" : false
    }, {
      "id" : "s2-t4",
      "begin" : 203,
      "end" : 209,
      "text" : "crunch",
      "whiteSpace" : false
    }, {
      "id" : "s2-t5",
      "begin" : 210,
      "end" : 214,
      "text" : "felt",
      "whiteSpace" : false
    }, {
      "id" : "s2-t6",
      "begin" : 215,
      "end" : 223,
      "text" : "slightly",
      "whiteSpace" : false
    }, {
      "id" : "s2-t7",
      "begin" : 224,
      "end" : 229,
      "text" : "mushy",
      "whiteSpace" : false
    }, {
      "id" : "s2-t8",
      "begin" : 230,
      "end" : 232,
      "text" : "at",
      "whiteSpace" : false
    }, {
      "id" : "s2-t9",
      "begin" : 233,
      "end" : 238,
      "text" : "times",
      "whiteSpace" : false
    }, {
      "id" : "s2-t10",
      "begin" : 238,
      "end" : 239,
      "text" : ".",
      "whiteSpace" : false
    } ]
  }, {
    "id" : "s3",
    "begin" : 241,
    "end" : 317,
    "text" : "With no real flavor to make up for the texture, I would not buy these again.",
    "tokens" : [ {
      "id" : "s3-t0",
      "begin" : 241,
      "end" : 245,
      "text" : "With",
      "whiteSpace" : false
    }, {
      "id" : "s3-t1",
      "begin" : 246,
      "end" : 248,
      "text" : "no",
      "whiteSpace" : false
    }, {
      "id" : "s3-t2",
      "begin" : 249,
      "end" : 253,
      "text" : "real",
      "whiteSpace" : false
    }, {
      "id" : "s3-t3",
      "begin" : 254,
      "end" : 260,
      "text" : "flavor",
      "whiteSpace" : false
    }, {
      "id" : "s3-t4",
      "begin" : 261,
      "end" : 263,
      "text" : "to",
      "whiteSpace" : false
    }, {
      "id" : "s3-t5",
      "begin" : 264,
      "end" : 268,
      "text" : "make",
      "whiteSpace" : false
    }, {
      "id" : "s3-t6",
      "begin" : 269,
      "end" : 271,
      "text" : "up",
      "whiteSpace" : false
    }, {
      "id" : "s3-t7",
      "begin" : 272,
      "end" : 275,
      "text" : "for",
      "whiteSpace" : false
    }, {
      "id" : "s3-t8",
      "begin" : 276,
      "end" : 279,
      "text" : "the",
      "whiteSpace" : false
    }, {
      "id" : "s3-t9",
      "begin" : 280,
      "end" : 287,
      "text" : "texture",
      "whiteSpace" : false
    }, {
      "id" : "s3-t10",
      "begin" : 287,
      "end" : 288,
      "text" : ",",
      "whiteSpace" : false
    }, {
      "id" : "s3-t11",
      "begin" : 289,
      "end" : 290,
      "text" : "I",
      "whiteSpace" : false
    }, {
      "id" : "s3-t12",
      "begin" : 291,
      "end" : 296,
      "text" : "would",
      "whiteSpace" : false
    }, {
      "id" : "s3-t13",
      "begin" : 297,
      "end" : 300,
      "text" : "not",
      "whiteSpace" : false
    }, {
      "id" : "s3-t14",
      "begin" : 301,
      "end" : 304,
      "text" : "buy",
      "whiteSpace" : false
    }, {
      "id" : "s3-t15",
      "begin" : 305,
      "end" : 310,
      "text" : "these",
      "whiteSpace" : false
    }, {
      "id" : "s3-t16",
      "begin" : 311,
      "end" : 316,
      "text" : "again",
      "whiteSpace" : false
    }, {
      "id" : "s3-t17",
      "begin" : 316,
      "end" : 317,
      "text" : ".",
      "whiteSpace" : false
    } ]
  } ],
  "mentions" : [ {
    "id" : "s0-m1",
    "properties" : {
      "SIRE_MENTION_ROLE" : "Brand",
      "SIRE_ENTITY_SUBTYPE" : "NONE",
      "SIRE_MENTION_TYPE" : "NONE",
      "SIRE_MENTION_CLASS" : "SPC"
    },
    "type" : "Brand",
    "begin" : 19,
    "end" : 23,
    "inCoref" : false
  }, {
    "id" : "s0-m2",
    "properties" : {
      "SIRE_MENTION_ROLE" : "Product",
      "SIRE_ENTITY_SUBTYPE" : "NONE",
      "SIRE_MENTION_TYPE" : "NONE",
      "SIRE_MENTION_CLASS" : "SPC"
    },
    "type" : "Product",
    "begin" : 24,
    "end" : 28,
    "inCoref" : true
  }, {
    "id" : "s0-m3",
    "properties" : {
      "SIRE_MENTION_ROLE" : "Attribute",
      "SIRE_ENTITY_SUBTYPE" : "NONE",
      "SIRE_MENTION_TYPE" : "NONE",
      "SIRE_MENTION_CLASS" : "SPC"
    },
    "type" : "Attribute",
    "begin" : 40,
    "end" : 53,
    "inCoref" : false
  }, {
    "id" : "s1-m1",
    "properties" : {
      "SIRE_MENTION_ROLE" : "Product",
      "SIRE_ENTITY_SUBTYPE" : "NONE",
      "SIRE_MENTION_TYPE" : "NONE",
      "SIRE_MENTION_CLASS" : "SPC"
    },
    "type" : "Product",
    "begin" : 155,
    "end" : 159,
    "inCoref" : true
  } ],
  "relations" : [ {
    "id" : "s0-r1",
    "properties" : { },
    "type" : "brandOf",
    "args" : [ "s0-m1", "s0-m2" ]
  } ],
  "corefs" : [ {
    "id" : "c1",
    "properties" : { },
    "mentions" : [ "s0-m2", "s1-m1" ]
  } ],
  "typeResolved" : true,
  "userResolved" : false
}