{
  "id" : "bc2e7dc0-32ab-11e8-9c9d-6505f4419106-87",
  "name" : "review_1418.json",
  "createdDate" : 0,
  "version" : 3,
  "text" : "These bars are so delicious! Every time I wanted to purchase them at the store they were sold out- plus the cost of 5 at the store you can basically buy the whole box anyway! These are great!",
  "docLength" : 0,
  "language" : "EN",
  "status" : "SUBMITTED",
  "modifiedDate" : 1522303709286,
  "documentSet" : [ ],
  "preannotation" : [ ],
  "sentences" : [ {
    "id" : "s0",
    "begin" : 0,
    "end" : 28,
    "text" : "These bars are so delicious!",
    "tokens" : [ {
      "id" : "s0-t0",
      "begin" : 0,
      "end" : 5,
      "text" : "These",
      "whiteSpace" : false
    }, {
      "id" : "s0-t1",
      "begin" : 6,
      "end" : 10,
      "text" : "bars",
      "whiteSpace" : false
    }, {
      "id" : "s0-t2",
      "begin" : 11,
      "end" : 14,
      "text" : "are",
      "whiteSpace" : false
    }, {
      "id" : "s0-t3",
      "begin" : 15,
      "end" : 17,
      "text" : "so",
      "whiteSpace" : false
    }, {
      "id" : "s0-t4",
      "begin" : 18,
      "end" : 27,
      "text" : "delicious",
      "whiteSpace" : false
    }, {
      "id" : "s0-t5",
      "begin" : 27,
      "end" : 28,
      "text" : "!",
      "whiteSpace" : false
    } ]
  }, {
    "id" : "s1",
    "begin" : 29,
    "end" : 174,
    "text" : "Every time I wanted to purchase them at the store they were sold out- plus the cost of 5 at the store you can basically buy the whole box anyway!",
    "tokens" : [ {
      "id" : "s1-t0",
      "begin" : 29,
      "end" : 34,
      "text" : "Every",
      "whiteSpace" : false
    }, {
      "id" : "s1-t1",
      "begin" : 35,
      "end" : 39,
      "text" : "time",
      "whiteSpace" : false
    }, {
      "id" : "s1-t2",
      "begin" : 40,
      "end" : 41,
      "text" : "I",
      "whiteSpace" : false
    }, {
      "id" : "s1-t3",
      "begin" : 42,
      "end" : 48,
      "text" : "wanted",
      "whiteSpace" : false
    }, {
      "id" : "s1-t4",
      "begin" : 49,
      "end" : 51,
      "text" : "to",
      "whiteSpace" : false
    }, {
      "id" : "s1-t5",
      "begin" : 52,
      "end" : 60,
      "text" : "purchase",
      "whiteSpace" : false
    }, {
      "id" : "s1-t6",
      "begin" : 61,
      "end" : 65,
      "text" : "them",
      "whiteSpace" : false
    }, {
      "id" : "s1-t7",
      "begin" : 66,
      "end" : 68,
      "text" : "at",
      "whiteSpace" : false
    }, {
      "id" : "s1-t8",
      "begin" : 69,
      "end" : 72,
      "text" : "the",
      "whiteSpace" : false
    }, {
      "id" : "s1-t9",
      "begin" : 73,
      "end" : 78,
      "text" : "store",
      "whiteSpace" : false
    }, {
      "id" : "s1-t10",
      "begin" : 79,
      "end" : 83,
      "text" : "they",
      "whiteSpace" : false
    }, {
      "id" : "s1-t11",
      "begin" : 84,
      "end" : 88,
      "text" : "were",
      "whiteSpace" : false
    }, {
      "id" : "s1-t12",
      "begin" : 89,
      "end" : 93,
      "text" : "sold",
      "whiteSpace" : false
    }, {
      "id" : "s1-t13",
      "begin" : 94,
      "end" : 97,
      "text" : "out",
      "whiteSpace" : false
    }, {
      "id" : "s1-t14",
      "begin" : 97,
      "end" : 98,
      "text" : "-",
      "whiteSpace" : false
    }, {
      "id" : "s1-t15",
      "begin" : 99,
      "end" : 103,
      "text" : "plus",
      "whiteSpace" : false
    }, {
      "id" : "s1-t16",
      "begin" : 104,
      "end" : 107,
      "text" : "the",
      "whiteSpace" : false
    }, {
      "id" : "s1-t17",
      "begin" : 108,
      "end" : 112,
      "text" : "cost",
      "whiteSpace" : false
    }, {
      "id" : "s1-t18",
      "begin" : 113,
      "end" : 115,
      "text" : "of",
      "whiteSpace" : false
    }, {
      "id" : "s1-t19",
      "begin" : 116,
      "end" : 117,
      "text" : "5",
      "whiteSpace" : false
    }, {
      "id" : "s1-t20",
      "begin" : 118,
      "end" : 120,
      "text" : "at",
      "whiteSpace" : false
    }, {
      "id" : "s1-t21",
      "begin" : 121,
      "end" : 124,
      "text" : "the",
      "whiteSpace" : false
    }, {
      "id" : "s1-t22",
      "begin" : 125,
      "end" : 130,
      "text" : "store",
      "whiteSpace" : false
    }, {
      "id" : "s1-t23",
      "begin" : 131,
      "end" : 134,
      "text" : "you",
      "whiteSpace" : false
    }, {
      "id" : "s1-t24",
      "begin" : 135,
      "end" : 138,
      "text" : "can",
      "whiteSpace" : false
    }, {
      "id" : "s1-t25",
      "begin" : 139,
      "end" : 148,
      "text" : "basically",
      "whiteSpace" : false
    }, {
      "id" : "s1-t26",
      "begin" : 149,
      "end" : 152,
      "text" : "buy",
      "whiteSpace" : false
    }, {
      "id" : "s1-t27",
      "begin" : 153,
      "end" : 156,
      "text" : "the",
      "whiteSpace" : false
    }, {
      "id" : "s1-t28",
      "begin" : 157,
      "end" : 162,
      "text" : "whole",
      "whiteSpace" : false
    }, {
      "id" : "s1-t29",
      "begin" : 163,
      "end" : 166,
      "text" : "box",
      "whiteSpace" : false
    }, {
      "id" : "s1-t30",
      "begin" : 167,
      "end" : 173,
      "text" : "anyway",
      "whiteSpace" : false
    }, {
      "id" : "s1-t31",
      "begin" : 173,
      "end" : 174,
      "text" : "!",
      "whiteSpace" : false
    } ]
  }, {
    "id" : "s2",
    "begin" : 175,
    "end" : 191,
    "text" : "These are great!",
    "tokens" : [ {
      "id" : "s2-t0",
      "begin" : 175,
      "end" : 180,
      "text" : "These",
      "whiteSpace" : false
    }, {
      "id" : "s2-t1",
      "begin" : 181,
      "end" : 184,
      "text" : "are",
      "whiteSpace" : false
    }, {
      "id" : "s2-t2",
      "begin" : 185,
      "end" : 190,
      "text" : "great",
      "whiteSpace" : false
    }, {
      "id" : "s2-t3",
      "begin" : 190,
      "end" : 191,
      "text" : "!",
      "whiteSpace" : false
    } ]
  } ],
  "mentions" : [ {
    "id" : "s0-m1",
    "properties" : {
      "SIRE_MENTION_ROLE" : "Product",
      "SIRE_ENTITY_SUBTYPE" : "NONE",
      "SIRE_MENTION_TYPE" : "NONE",
      "SIRE_MENTION_CLASS" : "SPC"
    },
    "type" : "Product",
    "begin" : 6,
    "end" : 10,
    "inCoref" : true
  }, {
    "id" : "s1-m1",
    "properties" : {
      "SIRE_MENTION_ROLE" : "Product",
      "SIRE_ENTITY_SUBTYPE" : "NONE",
      "SIRE_MENTION_TYPE" : "NONE",
      "SIRE_MENTION_CLASS" : "SPC"
    },
    "type" : "Product",
    "begin" : 61,
    "end" : 65,
    "inCoref" : true
  }, {
    "id" : "s1-m2",
    "properties" : {
      "SIRE_MENTION_ROLE" : "Product",
      "SIRE_ENTITY_SUBTYPE" : "NONE",
      "SIRE_MENTION_TYPE" : "NONE",
      "SIRE_MENTION_CLASS" : "SPC"
    },
    "type" : "Product",
    "begin" : 79,
    "end" : 83,
    "inCoref" : true
  }, {
    "id" : "s2-m1",
    "properties" : {
      "SIRE_MENTION_ROLE" : "Product",
      "SIRE_ENTITY_SUBTYPE" : "NONE",
      "SIRE_MENTION_TYPE" : "NONE",
      "SIRE_MENTION_CLASS" : "SPC"
    },
    "type" : "Product",
    "begin" : 175,
    "end" : 180,
    "inCoref" : true
  } ],
  "relations" : [ ],
  "corefs" : [ {
    "id" : "c1",
    "properties" : { },
    "mentions" : [ "s2-m1", "s1-m1", "s1-m2", "s0-m1" ]
  } ],
  "typeResolved" : true,
  "userResolved" : false
}