{
  "id" : "bc2e7dc0-32ab-11e8-9c9d-6505f4419106-34",
  "name" : "review_0556.json",
  "createdDate" : 0,
  "version" : 3,
  "text" : "This tea is wonderful.  The smell is incredible and the flavor is perfectly peach.  I drink a cup of this tea every morning and it is like eating a fresh peach but better.",
  "docLength" : 0,
  "language" : "EN",
  "status" : "SUBMITTED",
  "modifiedDate" : 1522257381281,
  "documentSet" : [ ],
  "preannotation" : [ ],
  "sentences" : [ {
    "id" : "s0",
    "begin" : 0,
    "end" : 22,
    "text" : "This tea is wonderful.",
    "tokens" : [ {
      "id" : "s0-t0",
      "begin" : 0,
      "end" : 4,
      "text" : "This",
      "whiteSpace" : false
    }, {
      "id" : "s0-t1",
      "begin" : 5,
      "end" : 8,
      "text" : "tea",
      "whiteSpace" : false
    }, {
      "id" : "s0-t2",
      "begin" : 9,
      "end" : 11,
      "text" : "is",
      "whiteSpace" : false
    }, {
      "id" : "s0-t3",
      "begin" : 12,
      "end" : 21,
      "text" : "wonderful",
      "whiteSpace" : false
    }, {
      "id" : "s0-t4",
      "begin" : 21,
      "end" : 22,
      "text" : ".",
      "whiteSpace" : false
    } ]
  }, {
    "id" : "s1",
    "begin" : 24,
    "end" : 82,
    "text" : "The smell is incredible and the flavor is perfectly peach.",
    "tokens" : [ {
      "id" : "s1-t0",
      "begin" : 24,
      "end" : 27,
      "text" : "The",
      "whiteSpace" : false
    }, {
      "id" : "s1-t1",
      "begin" : 28,
      "end" : 33,
      "text" : "smell",
      "whiteSpace" : false
    }, {
      "id" : "s1-t2",
      "begin" : 34,
      "end" : 36,
      "text" : "is",
      "whiteSpace" : false
    }, {
      "id" : "s1-t3",
      "begin" : 37,
      "end" : 47,
      "text" : "incredible",
      "whiteSpace" : false
    }, {
      "id" : "s1-t4",
      "begin" : 48,
      "end" : 51,
      "text" : "and",
      "whiteSpace" : false
    }, {
      "id" : "s1-t5",
      "begin" : 52,
      "end" : 55,
      "text" : "the",
      "whiteSpace" : false
    }, {
      "id" : "s1-t6",
      "begin" : 56,
      "end" : 62,
      "text" : "flavor",
      "whiteSpace" : false
    }, {
      "id" : "s1-t7",
      "begin" : 63,
      "end" : 65,
      "text" : "is",
      "whiteSpace" : false
    }, {
      "id" : "s1-t8",
      "begin" : 66,
      "end" : 75,
      "text" : "perfectly",
      "whiteSpace" : false
    }, {
      "id" : "s1-t9",
      "begin" : 76,
      "end" : 81,
      "text" : "peach",
      "whiteSpace" : false
    }, {
      "id" : "s1-t10",
      "begin" : 81,
      "end" : 82,
      "text" : ".",
      "whiteSpace" : false
    } ]
  }, {
    "id" : "s2",
    "begin" : 84,
    "end" : 171,
    "text" : "I drink a cup of this tea every morning and it is like eating a fresh peach but better.",
    "tokens" : [ {
      "id" : "s2-t0",
      "begin" : 84,
      "end" : 85,
      "text" : "I",
      "whiteSpace" : false
    }, {
      "id" : "s2-t1",
      "begin" : 86,
      "end" : 91,
      "text" : "drink",
      "whiteSpace" : false
    }, {
      "id" : "s2-t2",
      "begin" : 92,
      "end" : 93,
      "text" : "a",
      "whiteSpace" : false
    }, {
      "id" : "s2-t3",
      "begin" : 94,
      "end" : 97,
      "text" : "cup",
      "whiteSpace" : false
    }, {
      "id" : "s2-t4",
      "begin" : 98,
      "end" : 100,
      "text" : "of",
      "whiteSpace" : false
    }, {
      "id" : "s2-t5",
      "begin" : 101,
      "end" : 105,
      "text" : "this",
      "whiteSpace" : false
    }, {
      "id" : "s2-t6",
      "begin" : 106,
      "end" : 109,
      "text" : "tea",
      "whiteSpace" : false
    }, {
      "id" : "s2-t7",
      "begin" : 110,
      "end" : 115,
      "text" : "every",
      "whiteSpace" : false
    }, {
      "id" : "s2-t8",
      "begin" : 116,
      "end" : 123,
      "text" : "morning",
      "whiteSpace" : false
    }, {
      "id" : "s2-t9",
      "begin" : 124,
      "end" : 127,
      "text" : "and",
      "whiteSpace" : false
    }, {
      "id" : "s2-t10",
      "begin" : 128,
      "end" : 130,
      "text" : "it",
      "whiteSpace" : false
    }, {
      "id" : "s2-t11",
      "begin" : 131,
      "end" : 133,
      "text" : "is",
      "whiteSpace" : false
    }, {
      "id" : "s2-t12",
      "begin" : 134,
      "end" : 138,
      "text" : "like",
      "whiteSpace" : false
    }, {
      "id" : "s2-t13",
      "begin" : 139,
      "end" : 145,
      "text" : "eating",
      "whiteSpace" : false
    }, {
      "id" : "s2-t14",
      "begin" : 146,
      "end" : 147,
      "text" : "a",
      "whiteSpace" : false
    }, {
      "id" : "s2-t15",
      "begin" : 148,
      "end" : 153,
      "text" : "fresh",
      "whiteSpace" : false
    }, {
      "id" : "s2-t16",
      "begin" : 154,
      "end" : 159,
      "text" : "peach",
      "whiteSpace" : false
    }, {
      "id" : "s2-t17",
      "begin" : 160,
      "end" : 163,
      "text" : "but",
      "whiteSpace" : false
    }, {
      "id" : "s2-t18",
      "begin" : 164,
      "end" : 170,
      "text" : "better",
      "whiteSpace" : false
    }, {
      "id" : "s2-t19",
      "begin" : 170,
      "end" : 171,
      "text" : ".",
      "whiteSpace" : false
    } ]
  } ],
  "mentions" : [ {
    "id" : "m2",
    "properties" : {
      "SIRE_MENTION_ROLE" : "Product",
      "SIRE_ENTITY_SUBTYPE" : "NONE",
      "SIRE_MENTION_TYPE" : "NONE",
      "SIRE_MENTION_CLASS" : "SPC"
    },
    "type" : "Product",
    "begin" : 5,
    "end" : 8,
    "inCoref" : true
  }, {
    "id" : "m3",
    "properties" : {
      "SIRE_MENTION_ROLE" : "Product",
      "SIRE_ENTITY_SUBTYPE" : "NONE",
      "SIRE_MENTION_TYPE" : "NONE",
      "SIRE_MENTION_CLASS" : "SPC"
    },
    "type" : "Product",
    "begin" : 106,
    "end" : 109,
    "inCoref" : true
  }, {
    "id" : "m4",
    "properties" : {
      "SIRE_MENTION_ROLE" : "Product",
      "SIRE_ENTITY_SUBTYPE" : "NONE",
      "SIRE_MENTION_TYPE" : "NONE",
      "SIRE_MENTION_CLASS" : "SPC"
    },
    "type" : "Product",
    "begin" : 128,
    "end" : 130,
    "inCoref" : true
  } ],
  "relations" : [ ],
  "corefs" : [ {
    "id" : "c1",
    "properties" : { },
    "mentions" : [ "m2", "m3", "m4" ]
  } ],
  "typeResolved" : true,
  "userResolved" : false
}