{
  "id" : "bc2e7dc0-32ab-11e8-9c9d-6505f4419106-20",
  "name" : "review_0328.json",
  "createdDate" : 0,
  "version" : 3,
  "text" : "I saw this brand for the first time at a local supermarket yesterday and figured for $6.49 for a box of 12 (that's 54 cents a cup), I'd give it a try.<br /><br />As other reviewers have pointed out, its not actually a plastic K Cup but a rigid rim with a foil lid attached to a filter filled with coffee. The rim sits perfectly in my Keurig machine. When you close the lid of your machine, the product is punctured from the top only. The filter is sort of bowl-shaped and doesn't make contact with the lower puncture needle, but you really wouldn't want it to puncture a filter anyway - you'd have grounds in your coffee. It's a clever idea, actually.<br /><br />I was skeptical about this product because the box doesn't have the \"Keurig\" co-branding that all the others do, but given the variation to the cup design, I can now understand why. I was pleasantly surprised with this product. The taste was quite good and strong, and is the closest thing to real coffee-pot coffee that I've had in 3+ years of Keurig machine cup samplings. I had no coffee grounds in the cup, and it was quite satisfying.<br /><br />By way of background, my all-time favorite variety is Tullys French Roast, and I prefer dark roasts. The box for San Francisco Bay Fog Chaser says its a combination of their regular roast and their french. Its not as strong as Tullys French but it's definitely not weak. My machine is the B77 model which has 4 size settings. Going from small to large, I used the third size which is 7.25 ounces and I was very satisfied with the taste and strength.<br /><br />I wanted to start with the small 12 count box at the market to try them out. Really, who wants 80 cups of something you might not like? But now I know it's a winner, I'll be getting them here regularly where they are even more affordable.",
  "docLength" : 0,
  "language" : "EN",
  "status" : "SUBMITTED",
  "modifiedDate" : 1522330837887,
  "documentSet" : [ ],
  "preannotation" : [ ],
  "sentences" : [ {
    "id" : "s0",
    "begin" : 0,
    "end" : 150,
    "text" : "I saw this brand for the first time at a local supermarket yesterday and figured for $6.49 for a box of 12 (that's 54 cents a cup), I'd give it a try.",
    "tokens" : [ {
      "id" : "s0-t0",
      "begin" : 0,
      "end" : 1,
      "text" : "I",
      "whiteSpace" : false
    }, {
      "id" : "s0-t1",
      "begin" : 2,
      "end" : 5,
      "text" : "saw",
      "whiteSpace" : false
    }, {
      "id" : "s0-t2",
      "begin" : 6,
      "end" : 10,
      "text" : "this",
      "whiteSpace" : false
    }, {
      "id" : "s0-t3",
      "begin" : 11,
      "end" : 16,
      "text" : "brand",
      "whiteSpace" : false
    }, {
      "id" : "s0-t4",
      "begin" : 17,
      "end" : 20,
      "text" : "for",
      "whiteSpace" : false
    }, {
      "id" : "s0-t5",
      "begin" : 21,
      "end" : 24,
      "text" : "the",
      "whiteSpace" : false
    }, {
      "id" : "s0-t6",
      "begin" : 25,
      "end" : 30,
      "text" : "first",
      "whiteSpace" : false
    }, {
      "id" : "s0-t7",
      "begin" : 31,
      "end" : 35,
      "text" : "time",
      "whiteSpace" : false
    }, {
      "id" : "s0-t8",
      "begin" : 36,
      "end" : 38,
      "text" : "at",
      "whiteSpace" : false
    }, {
      "id" : "s0-t9",
      "begin" : 39,
      "end" : 40,
      "text" : "a",
      "whiteSpace" : false
    }, {
      "id" : "s0-t10",
      "begin" : 41,
      "end" : 46,
      "text" : "local",
      "whiteSpace" : false
    }, {
      "id" : "s0-t11",
      "begin" : 47,
      "end" : 58,
      "text" : "supermarket",
      "whiteSpace" : false
    }, {
      "id" : "s0-t12",
      "begin" : 59,
      "end" : 68,
      "text" : "yesterday",
      "whiteSpace" : false
    }, {
      "id" : "s0-t13",
      "begin" : 69,
      "end" : 72,
      "text" : "and",
      "whiteSpace" : false
    }, {
      "id" : "s0-t14",
      "begin" : 73,
      "end" : 80,
      "text" : "figured",
      "whiteSpace" : false
    }, {
      "id" : "s0-t15",
      "begin" : 81,
      "end" : 84,
      "text" : "for",
      "whiteSpace" : false
    }, {
      "id" : "s0-t16",
      "begin" : 85,
      "end" : 86,
      "text" : "$",
      "whiteSpace" : false
    }, {
      "id" : "s0-t17",
      "begin" : 86,
      "end" : 90,
      "text" : "6.49",
      "whiteSpace" : false
    }, {
      "id" : "s0-t18",
      "begin" : 91,
      "end" : 94,
      "text" : "for",
      "whiteSpace" : false
    }, {
      "id" : "s0-t19",
      "begin" : 95,
      "end" : 96,
      "text" : "a",
      "whiteSpace" : false
    }, {
      "id" : "s0-t20",
      "begin" : 97,
      "end" : 100,
      "text" : "box",
      "whiteSpace" : false
    }, {
      "id" : "s0-t21",
      "begin" : 101,
      "end" : 103,
      "text" : "of",
      "whiteSpace" : false
    }, {
      "id" : "s0-t22",
      "begin" : 104,
      "end" : 106,
      "text" : "12",
      "whiteSpace" : false
    }, {
      "id" : "s0-t23",
      "begin" : 107,
      "end" : 108,
      "text" : "(",
      "whiteSpace" : false
    }, {
      "id" : "s0-t24",
      "begin" : 108,
      "end" : 112,
      "text" : "that",
      "whiteSpace" : false
    }, {
      "id" : "s0-t25",
      "begin" : 112,
      "end" : 114,
      "text" : "'s",
      "whiteSpace" : false
    }, {
      "id" : "s0-t26",
      "begin" : 115,
      "end" : 117,
      "text" : "54",
      "whiteSpace" : false
    }, {
      "id" : "s0-t27",
      "begin" : 118,
      "end" : 123,
      "text" : "cents",
      "whiteSpace" : false
    }, {
      "id" : "s0-t28",
      "begin" : 124,
      "end" : 125,
      "text" : "a",
      "whiteSpace" : false
    }, {
      "id" : "s0-t29",
      "begin" : 126,
      "end" : 129,
      "text" : "cup",
      "whiteSpace" : false
    }, {
      "id" : "s0-t30",
      "begin" : 129,
      "end" : 130,
      "text" : ")",
      "whiteSpace" : false
    }, {
      "id" : "s0-t31",
      "begin" : 130,
      "end" : 131,
      "text" : ",",
      "whiteSpace" : false
    }, {
      "id" : "s0-t32",
      "begin" : 132,
      "end" : 133,
      "text" : "I",
      "whiteSpace" : false
    }, {
      "id" : "s0-t33",
      "begin" : 133,
      "end" : 135,
      "text" : "'d",
      "whiteSpace" : false
    }, {
      "id" : "s0-t34",
      "begin" : 136,
      "end" : 140,
      "text" : "give",
      "whiteSpace" : false
    }, {
      "id" : "s0-t35",
      "begin" : 141,
      "end" : 143,
      "text" : "it",
      "whiteSpace" : false
    }, {
      "id" : "s0-t36",
      "begin" : 144,
      "end" : 145,
      "text" : "a",
      "whiteSpace" : false
    }, {
      "id" : "s0-t37",
      "begin" : 146,
      "end" : 149,
      "text" : "try",
      "whiteSpace" : false
    }, {
      "id" : "s0-t38",
      "begin" : 149,
      "end" : 150,
      "text" : ".",
      "whiteSpace" : false
    } ]
  }, {
    "id" : "s1",
    "begin" : 150,
    "end" : 304,
    "text" : "<br /><br />As other reviewers have pointed out, its not actually a plastic K Cup but a rigid rim with a foil lid attached to a filter filled with coffee.",
    "tokens" : [ {
      "id" : "s1-t0",
      "begin" : 150,
      "end" : 153,
      "text" : "<br",
      "whiteSpace" : false
    }, {
      "id" : "s1-t1",
      "begin" : 154,
      "end" : 156,
      "text" : "/>",
      "whiteSpace" : false
    }, {
      "id" : "s1-t2",
      "begin" : 156,
      "end" : 159,
      "text" : "<br",
      "whiteSpace" : false
    }, {
      "id" : "s1-t3",
      "begin" : 160,
      "end" : 162,
      "text" : "/>",
      "whiteSpace" : false
    }, {
      "id" : "s1-t4",
      "begin" : 162,
      "end" : 164,
      "text" : "As",
      "whiteSpace" : false
    }, {
      "id" : "s1-t5",
      "begin" : 165,
      "end" : 170,
      "text" : "other",
      "whiteSpace" : false
    }, {
      "id" : "s1-t6",
      "begin" : 171,
      "end" : 180,
      "text" : "reviewers",
      "whiteSpace" : false
    }, {
      "id" : "s1-t7",
      "begin" : 181,
      "end" : 185,
      "text" : "have",
      "whiteSpace" : false
    }, {
      "id" : "s1-t8",
      "begin" : 186,
      "end" : 193,
      "text" : "pointed",
      "whiteSpace" : false
    }, {
      "id" : "s1-t9",
      "begin" : 194,
      "end" : 197,
      "text" : "out",
      "whiteSpace" : false
    }, {
      "id" : "s1-t10",
      "begin" : 197,
      "end" : 198,
      "text" : ",",
      "whiteSpace" : false
    }, {
      "id" : "s1-t11",
      "begin" : 199,
      "end" : 202,
      "text" : "its",
      "whiteSpace" : false
    }, {
      "id" : "s1-t12",
      "begin" : 203,
      "end" : 206,
      "text" : "not",
      "whiteSpace" : false
    }, {
      "id" : "s1-t13",
      "begin" : 207,
      "end" : 215,
      "text" : "actually",
      "whiteSpace" : false
    }, {
      "id" : "s1-t14",
      "begin" : 216,
      "end" : 217,
      "text" : "a",
      "whiteSpace" : false
    }, {
      "id" : "s1-t15",
      "begin" : 218,
      "end" : 225,
      "text" : "plastic",
      "whiteSpace" : false
    }, {
      "id" : "s1-t16",
      "begin" : 226,
      "end" : 227,
      "text" : "K",
      "whiteSpace" : false
    }, {
      "id" : "s1-t17",
      "begin" : 228,
      "end" : 231,
      "text" : "Cup",
      "whiteSpace" : false
    }, {
      "id" : "s1-t18",
      "begin" : 232,
      "end" : 235,
      "text" : "but",
      "whiteSpace" : false
    }, {
      "id" : "s1-t19",
      "begin" : 236,
      "end" : 237,
      "text" : "a",
      "whiteSpace" : false
    }, {
      "id" : "s1-t20",
      "begin" : 238,
      "end" : 243,
      "text" : "rigid",
      "whiteSpace" : false
    }, {
      "id" : "s1-t21",
      "begin" : 244,
      "end" : 247,
      "text" : "rim",
      "whiteSpace" : false
    }, {
      "id" : "s1-t22",
      "begin" : 248,
      "end" : 252,
      "text" : "with",
      "whiteSpace" : false
    }, {
      "id" : "s1-t23",
      "begin" : 253,
      "end" : 254,
      "text" : "a",
      "whiteSpace" : false
    }, {
      "id" : "s1-t24",
      "begin" : 255,
      "end" : 259,
      "text" : "foil",
      "whiteSpace" : false
    }, {
      "id" : "s1-t25",
      "begin" : 260,
      "end" : 263,
      "text" : "lid",
      "whiteSpace" : false
    }, {
      "id" : "s1-t26",
      "begin" : 264,
      "end" : 272,
      "text" : "attached",
      "whiteSpace" : false
    }, {
      "id" : "s1-t27",
      "begin" : 273,
      "end" : 275,
      "text" : "to",
      "whiteSpace" : false
    }, {
      "id" : "s1-t28",
      "begin" : 276,
      "end" : 277,
      "text" : "a",
      "whiteSpace" : false
    }, {
      "id" : "s1-t29",
      "begin" : 278,
      "end" : 284,
      "text" : "filter",
      "whiteSpace" : false
    }, {
      "id" : "s1-t30",
      "begin" : 285,
      "end" : 291,
      "text" : "filled",
      "whiteSpace" : false
    }, {
      "id" : "s1-t31",
      "begin" : 292,
      "end" : 296,
      "text" : "with",
      "whiteSpace" : false
    }, {
      "id" : "s1-t32",
      "begin" : 297,
      "end" : 303,
      "text" : "coffee",
      "whiteSpace" : false
    }, {
      "id" : "s1-t33",
      "begin" : 303,
      "end" : 304,
      "text" : ".",
      "whiteSpace" : false
    } ]
  }, {
    "id" : "s2",
    "begin" : 305,
    "end" : 349,
    "text" : "The rim sits perfectly in my Keurig machine.",
    "tokens" : [ {
      "id" : "s2-t0",
      "begin" : 305,
      "end" : 308,
      "text" : "The",
      "whiteSpace" : false
    }, {
      "id" : "s2-t1",
      "begin" : 309,
      "end" : 312,
      "text" : "rim",
      "whiteSpace" : false
    }, {
      "id" : "s2-t2",
      "begin" : 313,
      "end" : 317,
      "text" : "sits",
      "whiteSpace" : false
    }, {
      "id" : "s2-t3",
      "begin" : 318,
      "end" : 327,
      "text" : "perfectly",
      "whiteSpace" : false
    }, {
      "id" : "s2-t4",
      "begin" : 328,
      "end" : 330,
      "text" : "in",
      "whiteSpace" : false
    }, {
      "id" : "s2-t5",
      "begin" : 331,
      "end" : 333,
      "text" : "my",
      "whiteSpace" : false
    }, {
      "id" : "s2-t6",
      "begin" : 334,
      "end" : 340,
      "text" : "Keurig",
      "whiteSpace" : false
    }, {
      "id" : "s2-t7",
      "begin" : 341,
      "end" : 348,
      "text" : "machine",
      "whiteSpace" : false
    }, {
      "id" : "s2-t8",
      "begin" : 348,
      "end" : 349,
      "text" : ".",
      "whiteSpace" : false
    } ]
  }, {
    "id" : "s3",
    "begin" : 350,
    "end" : 433,
    "text" : "When you close the lid of your machine, the product is punctured from the top only.",
    "tokens" : [ {
      "id" : "s3-t0",
      "begin" : 350,
      "end" : 354,
      "text" : "When",
      "whiteSpace" : false
    }, {
      "id" : "s3-t1",
      "begin" : 355,
      "end" : 358,
      "text" : "you",
      "whiteSpace" : false
    }, {
      "id" : "s3-t2",
      "begin" : 359,
      "end" : 364,
      "text" : "close",
      "whiteSpace" : false
    }, {
      "id" : "s3-t3",
      "begin" : 365,
      "end" : 368,
      "text" : "the",
      "whiteSpace" : false
    }, {
      "id" : "s3-t4",
      "begin" : 369,
      "end" : 372,
      "text" : "lid",
      "whiteSpace" : false
    }, {
      "id" : "s3-t5",
      "begin" : 373,
      "end" : 375,
      "text" : "of",
      "whiteSpace" : false
    }, {
      "id" : "s3-t6",
      "begin" : 376,
      "end" : 380,
      "text" : "your",
      "whiteSpace" : false
    }, {
      "id" : "s3-t7",
      "begin" : 381,
      "end" : 388,
      "text" : "machine",
      "whiteSpace" : false
    }, {
      "id" : "s3-t8",
      "begin" : 388,
      "end" : 389,
      "text" : ",",
      "whiteSpace" : false
    }, {
      "id" : "s3-t9",
      "begin" : 390,
      "end" : 393,
      "text" : "the",
      "whiteSpace" : false
    }, {
      "id" : "s3-t10",
      "begin" : 394,
      "end" : 401,
      "text" : "product",
      "whiteSpace" : false
    }, {
      "id" : "s3-t11",
      "begin" : 402,
      "end" : 404,
      "text" : "is",
      "whiteSpace" : false
    }, {
      "id" : "s3-t12",
      "begin" : 405,
      "end" : 414,
      "text" : "punctured",
      "whiteSpace" : false
    }, {
      "id" : "s3-t13",
      "begin" : 415,
      "end" : 419,
      "text" : "from",
      "whiteSpace" : false
    }, {
      "id" : "s3-t14",
      "begin" : 420,
      "end" : 423,
      "text" : "the",
      "whiteSpace" : false
    }, {
      "id" : "s3-t15",
      "begin" : 424,
      "end" : 427,
      "text" : "top",
      "whiteSpace" : false
    }, {
      "id" : "s3-t16",
      "begin" : 428,
      "end" : 432,
      "text" : "only",
      "whiteSpace" : false
    }, {
      "id" : "s3-t17",
      "begin" : 432,
      "end" : 433,
      "text" : ".",
      "whiteSpace" : false
    } ]
  }, {
    "id" : "s4",
    "begin" : 434,
    "end" : 621,
    "text" : "The filter is sort of bowl-shaped and doesn't make contact with the lower puncture needle, but you really wouldn't want it to puncture a filter anyway - you'd have grounds in your coffee.",
    "tokens" : [ {
      "id" : "s4-t0",
      "begin" : 434,
      "end" : 437,
      "text" : "The",
      "whiteSpace" : false
    }, {
      "id" : "s4-t1",
      "begin" : 438,
      "end" : 444,
      "text" : "filter",
      "whiteSpace" : false
    }, {
      "id" : "s4-t2",
      "begin" : 445,
      "end" : 447,
      "text" : "is",
      "whiteSpace" : false
    }, {
      "id" : "s4-t3",
      "begin" : 448,
      "end" : 452,
      "text" : "sort",
      "whiteSpace" : false
    }, {
      "id" : "s4-t4",
      "begin" : 453,
      "end" : 455,
      "text" : "of",
      "whiteSpace" : false
    }, {
      "id" : "s4-t5",
      "begin" : 456,
      "end" : 467,
      "text" : "bowl-shaped",
      "whiteSpace" : false
    }, {
      "id" : "s4-t6",
      "begin" : 468,
      "end" : 471,
      "text" : "and",
      "whiteSpace" : false
    }, {
      "id" : "s4-t7",
      "begin" : 472,
      "end" : 476,
      "text" : "does",
      "whiteSpace" : false
    }, {
      "id" : "s4-t8",
      "begin" : 476,
      "end" : 479,
      "text" : "n't",
      "whiteSpace" : false
    }, {
      "id" : "s4-t9",
      "begin" : 480,
      "end" : 484,
      "text" : "make",
      "whiteSpace" : false
    }, {
      "id" : "s4-t10",
      "begin" : 485,
      "end" : 492,
      "text" : "contact",
      "whiteSpace" : false
    }, {
      "id" : "s4-t11",
      "begin" : 493,
      "end" : 497,
      "text" : "with",
      "whiteSpace" : false
    }, {
      "id" : "s4-t12",
      "begin" : 498,
      "end" : 501,
      "text" : "the",
      "whiteSpace" : false
    }, {
      "id" : "s4-t13",
      "begin" : 502,
      "end" : 507,
      "text" : "lower",
      "whiteSpace" : false
    }, {
      "id" : "s4-t14",
      "begin" : 508,
      "end" : 516,
      "text" : "puncture",
      "whiteSpace" : false
    }, {
      "id" : "s4-t15",
      "begin" : 517,
      "end" : 523,
      "text" : "needle",
      "whiteSpace" : false
    }, {
      "id" : "s4-t16",
      "begin" : 523,
      "end" : 524,
      "text" : ",",
      "whiteSpace" : false
    }, {
      "id" : "s4-t17",
      "begin" : 525,
      "end" : 528,
      "text" : "but",
      "whiteSpace" : false
    }, {
      "id" : "s4-t18",
      "begin" : 529,
      "end" : 532,
      "text" : "you",
      "whiteSpace" : false
    }, {
      "id" : "s4-t19",
      "begin" : 533,
      "end" : 539,
      "text" : "really",
      "whiteSpace" : false
    }, {
      "id" : "s4-t20",
      "begin" : 540,
      "end" : 545,
      "text" : "would",
      "whiteSpace" : false
    }, {
      "id" : "s4-t21",
      "begin" : 545,
      "end" : 548,
      "text" : "n't",
      "whiteSpace" : false
    }, {
      "id" : "s4-t22",
      "begin" : 549,
      "end" : 553,
      "text" : "want",
      "whiteSpace" : false
    }, {
      "id" : "s4-t23",
      "begin" : 554,
      "end" : 556,
      "text" : "it",
      "whiteSpace" : false
    }, {
      "id" : "s4-t24",
      "begin" : 557,
      "end" : 559,
      "text" : "to",
      "whiteSpace" : false
    }, {
      "id" : "s4-t25",
      "begin" : 560,
      "end" : 568,
      "text" : "puncture",
      "whiteSpace" : false
    }, {
      "id" : "s4-t26",
      "begin" : 569,
      "end" : 570,
      "text" : "a",
      "whiteSpace" : false
    }, {
      "id" : "s4-t27",
      "begin" : 571,
      "end" : 577,
      "text" : "filter",
      "whiteSpace" : false
    }, {
      "id" : "s4-t28",
      "begin" : 578,
      "end" : 584,
      "text" : "anyway",
      "whiteSpace" : false
    }, {
      "id" : "s4-t29",
      "begin" : 585,
      "end" : 586,
      "text" : "-",
      "whiteSpace" : false
    }, {
      "id" : "s4-t30",
      "begin" : 587,
      "end" : 590,
      "text" : "you",
      "whiteSpace" : false
    }, {
      "id" : "s4-t31",
      "begin" : 590,
      "end" : 592,
      "text" : "'d",
      "whiteSpace" : false
    }, {
      "id" : "s4-t32",
      "begin" : 593,
      "end" : 597,
      "text" : "have",
      "whiteSpace" : false
    }, {
      "id" : "s4-t33",
      "begin" : 598,
      "end" : 605,
      "text" : "grounds",
      "whiteSpace" : false
    }, {
      "id" : "s4-t34",
      "begin" : 606,
      "end" : 608,
      "text" : "in",
      "whiteSpace" : false
    }, {
      "id" : "s4-t35",
      "begin" : 609,
      "end" : 613,
      "text" : "your",
      "whiteSpace" : false
    }, {
      "id" : "s4-t36",
      "begin" : 614,
      "end" : 620,
      "text" : "coffee",
      "whiteSpace" : false
    }, {
      "id" : "s4-t37",
      "begin" : 620,
      "end" : 621,
      "text" : ".",
      "whiteSpace" : false
    } ]
  }, {
    "id" : "s5",
    "begin" : 622,
    "end" : 651,
    "text" : "It's a clever idea, actually.",
    "tokens" : [ {
      "id" : "s5-t0",
      "begin" : 622,
      "end" : 624,
      "text" : "It",
      "whiteSpace" : false
    }, {
      "id" : "s5-t1",
      "begin" : 624,
      "end" : 626,
      "text" : "'s",
      "whiteSpace" : false
    }, {
      "id" : "s5-t2",
      "begin" : 627,
      "end" : 628,
      "text" : "a",
      "whiteSpace" : false
    }, {
      "id" : "s5-t3",
      "begin" : 629,
      "end" : 635,
      "text" : "clever",
      "whiteSpace" : false
    }, {
      "id" : "s5-t4",
      "begin" : 636,
      "end" : 640,
      "text" : "idea",
      "whiteSpace" : false
    }, {
      "id" : "s5-t5",
      "begin" : 640,
      "end" : 641,
      "text" : ",",
      "whiteSpace" : false
    }, {
      "id" : "s5-t6",
      "begin" : 642,
      "end" : 650,
      "text" : "actually",
      "whiteSpace" : false
    }, {
      "id" : "s5-t7",
      "begin" : 650,
      "end" : 651,
      "text" : ".",
      "whiteSpace" : false
    } ]
  }, {
    "id" : "s6",
    "begin" : 651,
    "end" : 844,
    "text" : "<br /><br />I was skeptical about this product because the box doesn't have the \"Keurig\" co-branding that all the others do, but given the variation to the cup design, I can now understand why.",
    "tokens" : [ {
      "id" : "s6-t0",
      "begin" : 651,
      "end" : 654,
      "text" : "<br",
      "whiteSpace" : false
    }, {
      "id" : "s6-t1",
      "begin" : 655,
      "end" : 657,
      "text" : "/>",
      "whiteSpace" : false
    }, {
      "id" : "s6-t2",
      "begin" : 657,
      "end" : 660,
      "text" : "<br",
      "whiteSpace" : false
    }, {
      "id" : "s6-t3",
      "begin" : 661,
      "end" : 663,
      "text" : "/>",
      "whiteSpace" : false
    }, {
      "id" : "s6-t4",
      "begin" : 663,
      "end" : 664,
      "text" : "I",
      "whiteSpace" : false
    }, {
      "id" : "s6-t5",
      "begin" : 665,
      "end" : 668,
      "text" : "was",
      "whiteSpace" : false
    }, {
      "id" : "s6-t6",
      "begin" : 669,
      "end" : 678,
      "text" : "skeptical",
      "whiteSpace" : false
    }, {
      "id" : "s6-t7",
      "begin" : 679,
      "end" : 684,
      "text" : "about",
      "whiteSpace" : false
    }, {
      "id" : "s6-t8",
      "begin" : 685,
      "end" : 689,
      "text" : "this",
      "whiteSpace" : false
    }, {
      "id" : "s6-t9",
      "begin" : 690,
      "end" : 697,
      "text" : "product",
      "whiteSpace" : false
    }, {
      "id" : "s6-t10",
      "begin" : 698,
      "end" : 705,
      "text" : "because",
      "whiteSpace" : false
    }, {
      "id" : "s6-t11",
      "begin" : 706,
      "end" : 709,
      "text" : "the",
      "whiteSpace" : false
    }, {
      "id" : "s6-t12",
      "begin" : 710,
      "end" : 713,
      "text" : "box",
      "whiteSpace" : false
    }, {
      "id" : "s6-t13",
      "begin" : 714,
      "end" : 718,
      "text" : "does",
      "whiteSpace" : false
    }, {
      "id" : "s6-t14",
      "begin" : 718,
      "end" : 721,
      "text" : "n't",
      "whiteSpace" : false
    }, {
      "id" : "s6-t15",
      "begin" : 722,
      "end" : 726,
      "text" : "have",
      "whiteSpace" : false
    }, {
      "id" : "s6-t16",
      "begin" : 727,
      "end" : 730,
      "text" : "the",
      "whiteSpace" : false
    }, {
      "id" : "s6-t17",
      "begin" : 731,
      "end" : 732,
      "text" : "\"",
      "whiteSpace" : false
    }, {
      "id" : "s6-t18",
      "begin" : 732,
      "end" : 738,
      "text" : "Keurig",
      "whiteSpace" : false
    }, {
      "id" : "s6-t19",
      "begin" : 738,
      "end" : 739,
      "text" : "\"",
      "whiteSpace" : false
    }, {
      "id" : "s6-t20",
      "begin" : 740,
      "end" : 751,
      "text" : "co-branding",
      "whiteSpace" : false
    }, {
      "id" : "s6-t21",
      "begin" : 752,
      "end" : 756,
      "text" : "that",
      "whiteSpace" : false
    }, {
      "id" : "s6-t22",
      "begin" : 757,
      "end" : 760,
      "text" : "all",
      "whiteSpace" : false
    }, {
      "id" : "s6-t23",
      "begin" : 761,
      "end" : 764,
      "text" : "the",
      "whiteSpace" : false
    }, {
      "id" : "s6-t24",
      "begin" : 765,
      "end" : 771,
      "text" : "others",
      "whiteSpace" : false
    }, {
      "id" : "s6-t25",
      "begin" : 772,
      "end" : 774,
      "text" : "do",
      "whiteSpace" : false
    }, {
      "id" : "s6-t26",
      "begin" : 774,
      "end" : 775,
      "text" : ",",
      "whiteSpace" : false
    }, {
      "id" : "s6-t27",
      "begin" : 776,
      "end" : 779,
      "text" : "but",
      "whiteSpace" : false
    }, {
      "id" : "s6-t28",
      "begin" : 780,
      "end" : 785,
      "text" : "given",
      "whiteSpace" : false
    }, {
      "id" : "s6-t29",
      "begin" : 786,
      "end" : 789,
      "text" : "the",
      "whiteSpace" : false
    }, {
      "id" : "s6-t30",
      "begin" : 790,
      "end" : 799,
      "text" : "variation",
      "whiteSpace" : false
    }, {
      "id" : "s6-t31",
      "begin" : 800,
      "end" : 802,
      "text" : "to",
      "whiteSpace" : false
    }, {
      "id" : "s6-t32",
      "begin" : 803,
      "end" : 806,
      "text" : "the",
      "whiteSpace" : false
    }, {
      "id" : "s6-t33",
      "begin" : 807,
      "end" : 810,
      "text" : "cup",
      "whiteSpace" : false
    }, {
      "id" : "s6-t34",
      "begin" : 811,
      "end" : 817,
      "text" : "design",
      "whiteSpace" : false
    }, {
      "id" : "s6-t35",
      "begin" : 817,
      "end" : 818,
      "text" : ",",
      "whiteSpace" : false
    }, {
      "id" : "s6-t36",
      "begin" : 819,
      "end" : 820,
      "text" : "I",
      "whiteSpace" : false
    }, {
      "id" : "s6-t37",
      "begin" : 821,
      "end" : 824,
      "text" : "can",
      "whiteSpace" : false
    }, {
      "id" : "s6-t38",
      "begin" : 825,
      "end" : 828,
      "text" : "now",
      "whiteSpace" : false
    }, {
      "id" : "s6-t39",
      "begin" : 829,
      "end" : 839,
      "text" : "understand",
      "whiteSpace" : false
    }, {
      "id" : "s6-t40",
      "begin" : 840,
      "end" : 843,
      "text" : "why",
      "whiteSpace" : false
    }, {
      "id" : "s6-t41",
      "begin" : 843,
      "end" : 844,
      "text" : ".",
      "whiteSpace" : false
    } ]
  }, {
    "id" : "s7",
    "begin" : 845,
    "end" : 890,
    "text" : "I was pleasantly surprised with this product.",
    "tokens" : [ {
      "id" : "s7-t0",
      "begin" : 845,
      "end" : 846,
      "text" : "I",
      "whiteSpace" : false
    }, {
      "id" : "s7-t1",
      "begin" : 847,
      "end" : 850,
      "text" : "was",
      "whiteSpace" : false
    }, {
      "id" : "s7-t2",
      "begin" : 851,
      "end" : 861,
      "text" : "pleasantly",
      "whiteSpace" : false
    }, {
      "id" : "s7-t3",
      "begin" : 862,
      "end" : 871,
      "text" : "surprised",
      "whiteSpace" : false
    }, {
      "id" : "s7-t4",
      "begin" : 872,
      "end" : 876,
      "text" : "with",
      "whiteSpace" : false
    }, {
      "id" : "s7-t5",
      "begin" : 877,
      "end" : 881,
      "text" : "this",
      "whiteSpace" : false
    }, {
      "id" : "s7-t6",
      "begin" : 882,
      "end" : 889,
      "text" : "product",
      "whiteSpace" : false
    }, {
      "id" : "s7-t7",
      "begin" : 889,
      "end" : 890,
      "text" : ".",
      "whiteSpace" : false
    } ]
  }, {
    "id" : "s8",
    "begin" : 891,
    "end" : 1037,
    "text" : "The taste was quite good and strong, and is the closest thing to real coffee-pot coffee that I've had in 3+ years of Keurig machine cup samplings.",
    "tokens" : [ {
      "id" : "s8-t0",
      "begin" : 891,
      "end" : 894,
      "text" : "The",
      "whiteSpace" : false
    }, {
      "id" : "s8-t1",
      "begin" : 895,
      "end" : 900,
      "text" : "taste",
      "whiteSpace" : false
    }, {
      "id" : "s8-t2",
      "begin" : 901,
      "end" : 904,
      "text" : "was",
      "whiteSpace" : false
    }, {
      "id" : "s8-t3",
      "begin" : 905,
      "end" : 910,
      "text" : "quite",
      "whiteSpace" : false
    }, {
      "id" : "s8-t4",
      "begin" : 911,
      "end" : 915,
      "text" : "good",
      "whiteSpace" : false
    }, {
      "id" : "s8-t5",
      "begin" : 916,
      "end" : 919,
      "text" : "and",
      "whiteSpace" : false
    }, {
      "id" : "s8-t6",
      "begin" : 920,
      "end" : 926,
      "text" : "strong",
      "whiteSpace" : false
    }, {
      "id" : "s8-t7",
      "begin" : 926,
      "end" : 927,
      "text" : ",",
      "whiteSpace" : false
    }, {
      "id" : "s8-t8",
      "begin" : 928,
      "end" : 931,
      "text" : "and",
      "whiteSpace" : false
    }, {
      "id" : "s8-t9",
      "begin" : 932,
      "end" : 934,
      "text" : "is",
      "whiteSpace" : false
    }, {
      "id" : "s8-t10",
      "begin" : 935,
      "end" : 938,
      "text" : "the",
      "whiteSpace" : false
    }, {
      "id" : "s8-t11",
      "begin" : 939,
      "end" : 946,
      "text" : "closest",
      "whiteSpace" : false
    }, {
      "id" : "s8-t12",
      "begin" : 947,
      "end" : 952,
      "text" : "thing",
      "whiteSpace" : false
    }, {
      "id" : "s8-t13",
      "begin" : 953,
      "end" : 955,
      "text" : "to",
      "whiteSpace" : false
    }, {
      "id" : "s8-t14",
      "begin" : 956,
      "end" : 960,
      "text" : "real",
      "whiteSpace" : false
    }, {
      "id" : "s8-t15",
      "begin" : 961,
      "end" : 967,
      "text" : "coffee",
      "whiteSpace" : false
    }, {
      "id" : "s8-t16",
      "begin" : 967,
      "end" : 968,
      "text" : "-",
      "whiteSpace" : false
    }, {
      "id" : "s8-t17",
      "begin" : 968,
      "end" : 971,
      "text" : "pot",
      "whiteSpace" : false
    }, {
      "id" : "s8-t18",
      "begin" : 972,
      "end" : 978,
      "text" : "coffee",
      "whiteSpace" : false
    }, {
      "id" : "s8-t19",
      "begin" : 979,
      "end" : 983,
      "text" : "that",
      "whiteSpace" : false
    }, {
      "id" : "s8-t20",
      "begin" : 984,
      "end" : 985,
      "text" : "I",
      "whiteSpace" : false
    }, {
      "id" : "s8-t21",
      "begin" : 985,
      "end" : 988,
      "text" : "'ve",
      "whiteSpace" : false
    }, {
      "id" : "s8-t22",
      "begin" : 989,
      "end" : 992,
      "text" : "had",
      "whiteSpace" : false
    }, {
      "id" : "s8-t23",
      "begin" : 993,
      "end" : 995,
      "text" : "in",
      "whiteSpace" : false
    }, {
      "id" : "s8-t24",
      "begin" : 996,
      "end" : 997,
      "text" : "3",
      "whiteSpace" : false
    }, {
      "id" : "s8-t25",
      "begin" : 997,
      "end" : 998,
      "text" : "+",
      "whiteSpace" : false
    }, {
      "id" : "s8-t26",
      "begin" : 999,
      "end" : 1004,
      "text" : "years",
      "whiteSpace" : false
    }, {
      "id" : "s8-t27",
      "begin" : 1005,
      "end" : 1007,
      "text" : "of",
      "whiteSpace" : false
    }, {
      "id" : "s8-t28",
      "begin" : 1008,
      "end" : 1014,
      "text" : "Keurig",
      "whiteSpace" : false
    }, {
      "id" : "s8-t29",
      "begin" : 1015,
      "end" : 1022,
      "text" : "machine",
      "whiteSpace" : false
    }, {
      "id" : "s8-t30",
      "begin" : 1023,
      "end" : 1026,
      "text" : "cup",
      "whiteSpace" : false
    }, {
      "id" : "s8-t31",
      "begin" : 1027,
      "end" : 1036,
      "text" : "samplings",
      "whiteSpace" : false
    }, {
      "id" : "s8-t32",
      "begin" : 1036,
      "end" : 1037,
      "text" : ".",
      "whiteSpace" : false
    } ]
  }, {
    "id" : "s9",
    "begin" : 1038,
    "end" : 1102,
    "text" : "I had no coffee grounds in the cup, and it was quite satisfying.",
    "tokens" : [ {
      "id" : "s9-t0",
      "begin" : 1038,
      "end" : 1039,
      "text" : "I",
      "whiteSpace" : false
    }, {
      "id" : "s9-t1",
      "begin" : 1040,
      "end" : 1043,
      "text" : "had",
      "whiteSpace" : false
    }, {
      "id" : "s9-t2",
      "begin" : 1044,
      "end" : 1046,
      "text" : "no",
      "whiteSpace" : false
    }, {
      "id" : "s9-t3",
      "begin" : 1047,
      "end" : 1053,
      "text" : "coffee",
      "whiteSpace" : false
    }, {
      "id" : "s9-t4",
      "begin" : 1054,
      "end" : 1061,
      "text" : "grounds",
      "whiteSpace" : false
    }, {
      "id" : "s9-t5",
      "begin" : 1062,
      "end" : 1064,
      "text" : "in",
      "whiteSpace" : false
    }, {
      "id" : "s9-t6",
      "begin" : 1065,
      "end" : 1068,
      "text" : "the",
      "whiteSpace" : false
    }, {
      "id" : "s9-t7",
      "begin" : 1069,
      "end" : 1072,
      "text" : "cup",
      "whiteSpace" : false
    }, {
      "id" : "s9-t8",
      "begin" : 1072,
      "end" : 1073,
      "text" : ",",
      "whiteSpace" : false
    }, {
      "id" : "s9-t9",
      "begin" : 1074,
      "end" : 1077,
      "text" : "and",
      "whiteSpace" : false
    }, {
      "id" : "s9-t10",
      "begin" : 1078,
      "end" : 1080,
      "text" : "it",
      "whiteSpace" : false
    }, {
      "id" : "s9-t11",
      "begin" : 1081,
      "end" : 1084,
      "text" : "was",
      "whiteSpace" : false
    }, {
      "id" : "s9-t12",
      "begin" : 1085,
      "end" : 1090,
      "text" : "quite",
      "whiteSpace" : false
    }, {
      "id" : "s9-t13",
      "begin" : 1091,
      "end" : 1101,
      "text" : "satisfying",
      "whiteSpace" : false
    }, {
      "id" : "s9-t14",
      "begin" : 1101,
      "end" : 1102,
      "text" : ".",
      "whiteSpace" : false
    } ]
  }, {
    "id" : "s10",
    "begin" : 1102,
    "end" : 1214,
    "text" : "<br /><br />By way of background, my all-time favorite variety is Tullys French Roast, and I prefer dark roasts.",
    "tokens" : [ {
      "id" : "s10-t0",
      "begin" : 1102,
      "end" : 1105,
      "text" : "<br",
      "whiteSpace" : false
    }, {
      "id" : "s10-t1",
      "begin" : 1106,
      "end" : 1108,
      "text" : "/>",
      "whiteSpace" : false
    }, {
      "id" : "s10-t2",
      "begin" : 1108,
      "end" : 1111,
      "text" : "<br",
      "whiteSpace" : false
    }, {
      "id" : "s10-t3",
      "begin" : 1112,
      "end" : 1114,
      "text" : "/>",
      "whiteSpace" : false
    }, {
      "id" : "s10-t4",
      "begin" : 1114,
      "end" : 1116,
      "text" : "By",
      "whiteSpace" : false
    }, {
      "id" : "s10-t5",
      "begin" : 1117,
      "end" : 1120,
      "text" : "way",
      "whiteSpace" : false
    }, {
      "id" : "s10-t6",
      "begin" : 1121,
      "end" : 1123,
      "text" : "of",
      "whiteSpace" : false
    }, {
      "id" : "s10-t7",
      "begin" : 1124,
      "end" : 1134,
      "text" : "background",
      "whiteSpace" : false
    }, {
      "id" : "s10-t8",
      "begin" : 1134,
      "end" : 1135,
      "text" : ",",
      "whiteSpace" : false
    }, {
      "id" : "s10-t9",
      "begin" : 1136,
      "end" : 1138,
      "text" : "my",
      "whiteSpace" : false
    }, {
      "id" : "s10-t10",
      "begin" : 1139,
      "end" : 1147,
      "text" : "all-time",
      "whiteSpace" : false
    }, {
      "id" : "s10-t11",
      "begin" : 1148,
      "end" : 1156,
      "text" : "favorite",
      "whiteSpace" : false
    }, {
      "id" : "s10-t12",
      "begin" : 1157,
      "end" : 1164,
      "text" : "variety",
      "whiteSpace" : false
    }, {
      "id" : "s10-t13",
      "begin" : 1165,
      "end" : 1167,
      "text" : "is",
      "whiteSpace" : false
    }, {
      "id" : "s10-t14",
      "begin" : 1168,
      "end" : 1174,
      "text" : "Tullys",
      "whiteSpace" : false
    }, {
      "id" : "s10-t15",
      "begin" : 1175,
      "end" : 1181,
      "text" : "French",
      "whiteSpace" : false
    }, {
      "id" : "s10-t16",
      "begin" : 1182,
      "end" : 1187,
      "text" : "Roast",
      "whiteSpace" : false
    }, {
      "id" : "s10-t17",
      "begin" : 1187,
      "end" : 1188,
      "text" : ",",
      "whiteSpace" : false
    }, {
      "id" : "s10-t18",
      "begin" : 1189,
      "end" : 1192,
      "text" : "and",
      "whiteSpace" : false
    }, {
      "id" : "s10-t19",
      "begin" : 1193,
      "end" : 1194,
      "text" : "I",
      "whiteSpace" : false
    }, {
      "id" : "s10-t20",
      "begin" : 1195,
      "end" : 1201,
      "text" : "prefer",
      "whiteSpace" : false
    }, {
      "id" : "s10-t21",
      "begin" : 1202,
      "end" : 1206,
      "text" : "dark",
      "whiteSpace" : false
    }, {
      "id" : "s10-t22",
      "begin" : 1207,
      "end" : 1213,
      "text" : "roasts",
      "whiteSpace" : false
    }, {
      "id" : "s10-t23",
      "begin" : 1213,
      "end" : 1214,
      "text" : ".",
      "whiteSpace" : false
    } ]
  }, {
    "id" : "s11",
    "begin" : 1215,
    "end" : 1319,
    "text" : "The box for San Francisco Bay Fog Chaser says its a combination of their regular roast and their french.",
    "tokens" : [ {
      "id" : "s11-t0",
      "begin" : 1215,
      "end" : 1218,
      "text" : "The",
      "whiteSpace" : false
    }, {
      "id" : "s11-t1",
      "begin" : 1219,
      "end" : 1222,
      "text" : "box",
      "whiteSpace" : false
    }, {
      "id" : "s11-t2",
      "begin" : 1223,
      "end" : 1226,
      "text" : "for",
      "whiteSpace" : false
    }, {
      "id" : "s11-t3",
      "begin" : 1227,
      "end" : 1230,
      "text" : "San",
      "whiteSpace" : false
    }, {
      "id" : "s11-t4",
      "begin" : 1231,
      "end" : 1240,
      "text" : "Francisco",
      "whiteSpace" : false
    }, {
      "id" : "s11-t5",
      "begin" : 1241,
      "end" : 1244,
      "text" : "Bay",
      "whiteSpace" : false
    }, {
      "id" : "s11-t6",
      "begin" : 1245,
      "end" : 1248,
      "text" : "Fog",
      "whiteSpace" : false
    }, {
      "id" : "s11-t7",
      "begin" : 1249,
      "end" : 1255,
      "text" : "Chaser",
      "whiteSpace" : false
    }, {
      "id" : "s11-t8",
      "begin" : 1256,
      "end" : 1260,
      "text" : "says",
      "whiteSpace" : false
    }, {
      "id" : "s11-t9",
      "begin" : 1261,
      "end" : 1264,
      "text" : "its",
      "whiteSpace" : false
    }, {
      "id" : "s11-t10",
      "begin" : 1265,
      "end" : 1266,
      "text" : "a",
      "whiteSpace" : false
    }, {
      "id" : "s11-t11",
      "begin" : 1267,
      "end" : 1278,
      "text" : "combination",
      "whiteSpace" : false
    }, {
      "id" : "s11-t12",
      "begin" : 1279,
      "end" : 1281,
      "text" : "of",
      "whiteSpace" : false
    }, {
      "id" : "s11-t13",
      "begin" : 1282,
      "end" : 1287,
      "text" : "their",
      "whiteSpace" : false
    }, {
      "id" : "s11-t14",
      "begin" : 1288,
      "end" : 1295,
      "text" : "regular",
      "whiteSpace" : false
    }, {
      "id" : "s11-t15",
      "begin" : 1296,
      "end" : 1301,
      "text" : "roast",
      "whiteSpace" : false
    }, {
      "id" : "s11-t16",
      "begin" : 1302,
      "end" : 1305,
      "text" : "and",
      "whiteSpace" : false
    }, {
      "id" : "s11-t17",
      "begin" : 1306,
      "end" : 1311,
      "text" : "their",
      "whiteSpace" : false
    }, {
      "id" : "s11-t18",
      "begin" : 1312,
      "end" : 1318,
      "text" : "french",
      "whiteSpace" : false
    }, {
      "id" : "s11-t19",
      "begin" : 1318,
      "end" : 1319,
      "text" : ".",
      "whiteSpace" : false
    } ]
  }, {
    "id" : "s12",
    "begin" : 1320,
    "end" : 1384,
    "text" : "Its not as strong as Tullys French but it's definitely not weak.",
    "tokens" : [ {
      "id" : "s12-t0",
      "begin" : 1320,
      "end" : 1323,
      "text" : "Its",
      "whiteSpace" : false
    }, {
      "id" : "s12-t1",
      "begin" : 1324,
      "end" : 1327,
      "text" : "not",
      "whiteSpace" : false
    }, {
      "id" : "s12-t2",
      "begin" : 1328,
      "end" : 1330,
      "text" : "as",
      "whiteSpace" : false
    }, {
      "id" : "s12-t3",
      "begin" : 1331,
      "end" : 1337,
      "text" : "strong",
      "whiteSpace" : false
    }, {
      "id" : "s12-t4",
      "begin" : 1338,
      "end" : 1340,
      "text" : "as",
      "whiteSpace" : false
    }, {
      "id" : "s12-t5",
      "begin" : 1341,
      "end" : 1347,
      "text" : "Tullys",
      "whiteSpace" : false
    }, {
      "id" : "s12-t6",
      "begin" : 1348,
      "end" : 1354,
      "text" : "French",
      "whiteSpace" : false
    }, {
      "id" : "s12-t7",
      "begin" : 1355,
      "end" : 1358,
      "text" : "but",
      "whiteSpace" : false
    }, {
      "id" : "s12-t8",
      "begin" : 1359,
      "end" : 1361,
      "text" : "it",
      "whiteSpace" : false
    }, {
      "id" : "s12-t9",
      "begin" : 1361,
      "end" : 1363,
      "text" : "'s",
      "whiteSpace" : false
    }, {
      "id" : "s12-t10",
      "begin" : 1364,
      "end" : 1374,
      "text" : "definitely",
      "whiteSpace" : false
    }, {
      "id" : "s12-t11",
      "begin" : 1375,
      "end" : 1378,
      "text" : "not",
      "whiteSpace" : false
    }, {
      "id" : "s12-t12",
      "begin" : 1379,
      "end" : 1383,
      "text" : "weak",
      "whiteSpace" : false
    }, {
      "id" : "s12-t13",
      "begin" : 1383,
      "end" : 1384,
      "text" : ".",
      "whiteSpace" : false
    } ]
  }, {
    "id" : "s13",
    "begin" : 1385,
    "end" : 1439,
    "text" : "My machine is the B77 model which has 4 size settings.",
    "tokens" : [ {
      "id" : "s13-t0",
      "begin" : 1385,
      "end" : 1387,
      "text" : "My",
      "whiteSpace" : false
    }, {
      "id" : "s13-t1",
      "begin" : 1388,
      "end" : 1395,
      "text" : "machine",
      "whiteSpace" : false
    }, {
      "id" : "s13-t2",
      "begin" : 1396,
      "end" : 1398,
      "text" : "is",
      "whiteSpace" : false
    }, {
      "id" : "s13-t3",
      "begin" : 1399,
      "end" : 1402,
      "text" : "the",
      "whiteSpace" : false
    }, {
      "id" : "s13-t4",
      "begin" : 1403,
      "end" : 1406,
      "text" : "B77",
      "whiteSpace" : false
    }, {
      "id" : "s13-t5",
      "begin" : 1407,
      "end" : 1412,
      "text" : "model",
      "whiteSpace" : false
    }, {
      "id" : "s13-t6",
      "begin" : 1413,
      "end" : 1418,
      "text" : "which",
      "whiteSpace" : false
    }, {
      "id" : "s13-t7",
      "begin" : 1419,
      "end" : 1422,
      "text" : "has",
      "whiteSpace" : false
    }, {
      "id" : "s13-t8",
      "begin" : 1423,
      "end" : 1424,
      "text" : "4",
      "whiteSpace" : false
    }, {
      "id" : "s13-t9",
      "begin" : 1425,
      "end" : 1429,
      "text" : "size",
      "whiteSpace" : false
    }, {
      "id" : "s13-t10",
      "begin" : 1430,
      "end" : 1438,
      "text" : "settings",
      "whiteSpace" : false
    }, {
      "id" : "s13-t11",
      "begin" : 1438,
      "end" : 1439,
      "text" : ".",
      "whiteSpace" : false
    } ]
  }, {
    "id" : "s14",
    "begin" : 1440,
    "end" : 1563,
    "text" : "Going from small to large, I used the third size which is 7.25 ounces and I was very satisfied with the taste and strength.",
    "tokens" : [ {
      "id" : "s14-t0",
      "begin" : 1440,
      "end" : 1445,
      "text" : "Going",
      "whiteSpace" : false
    }, {
      "id" : "s14-t1",
      "begin" : 1446,
      "end" : 1450,
      "text" : "from",
      "whiteSpace" : false
    }, {
      "id" : "s14-t2",
      "begin" : 1451,
      "end" : 1456,
      "text" : "small",
      "whiteSpace" : false
    }, {
      "id" : "s14-t3",
      "begin" : 1457,
      "end" : 1459,
      "text" : "to",
      "whiteSpace" : false
    }, {
      "id" : "s14-t4",
      "begin" : 1460,
      "end" : 1465,
      "text" : "large",
      "whiteSpace" : false
    }, {
      "id" : "s14-t5",
      "begin" : 1465,
      "end" : 1466,
      "text" : ",",
      "whiteSpace" : false
    }, {
      "id" : "s14-t6",
      "begin" : 1467,
      "end" : 1468,
      "text" : "I",
      "whiteSpace" : false
    }, {
      "id" : "s14-t7",
      "begin" : 1469,
      "end" : 1473,
      "text" : "used",
      "whiteSpace" : false
    }, {
      "id" : "s14-t8",
      "begin" : 1474,
      "end" : 1477,
      "text" : "the",
      "whiteSpace" : false
    }, {
      "id" : "s14-t9",
      "begin" : 1478,
      "end" : 1483,
      "text" : "third",
      "whiteSpace" : false
    }, {
      "id" : "s14-t10",
      "begin" : 1484,
      "end" : 1488,
      "text" : "size",
      "whiteSpace" : false
    }, {
      "id" : "s14-t11",
      "begin" : 1489,
      "end" : 1494,
      "text" : "which",
      "whiteSpace" : false
    }, {
      "id" : "s14-t12",
      "begin" : 1495,
      "end" : 1497,
      "text" : "is",
      "whiteSpace" : false
    }, {
      "id" : "s14-t13",
      "begin" : 1498,
      "end" : 1502,
      "text" : "7.25",
      "whiteSpace" : false
    }, {
      "id" : "s14-t14",
      "begin" : 1503,
      "end" : 1509,
      "text" : "ounces",
      "whiteSpace" : false
    }, {
      "id" : "s14-t15",
      "begin" : 1510,
      "end" : 1513,
      "text" : "and",
      "whiteSpace" : false
    }, {
      "id" : "s14-t16",
      "begin" : 1514,
      "end" : 1515,
      "text" : "I",
      "whiteSpace" : false
    }, {
      "id" : "s14-t17",
      "begin" : 1516,
      "end" : 1519,
      "text" : "was",
      "whiteSpace" : false
    }, {
      "id" : "s14-t18",
      "begin" : 1520,
      "end" : 1524,
      "text" : "very",
      "whiteSpace" : false
    }, {
      "id" : "s14-t19",
      "begin" : 1525,
      "end" : 1534,
      "text" : "satisfied",
      "whiteSpace" : false
    }, {
      "id" : "s14-t20",
      "begin" : 1535,
      "end" : 1539,
      "text" : "with",
      "whiteSpace" : false
    }, {
      "id" : "s14-t21",
      "begin" : 1540,
      "end" : 1543,
      "text" : "the",
      "whiteSpace" : false
    }, {
      "id" : "s14-t22",
      "begin" : 1544,
      "end" : 1549,
      "text" : "taste",
      "whiteSpace" : false
    }, {
      "id" : "s14-t23",
      "begin" : 1550,
      "end" : 1553,
      "text" : "and",
      "whiteSpace" : false
    }, {
      "id" : "s14-t24",
      "begin" : 1554,
      "end" : 1562,
      "text" : "strength",
      "whiteSpace" : false
    }, {
      "id" : "s14-t25",
      "begin" : 1562,
      "end" : 1563,
      "text" : ".",
      "whiteSpace" : false
    } ]
  }, {
    "id" : "s15",
    "begin" : 1563,
    "end" : 1651,
    "text" : "<br /><br />I wanted to start with the small 12 count box at the market to try them out.",
    "tokens" : [ {
      "id" : "s15-t0",
      "begin" : 1563,
      "end" : 1566,
      "text" : "<br",
      "whiteSpace" : false
    }, {
      "id" : "s15-t1",
      "begin" : 1567,
      "end" : 1569,
      "text" : "/>",
      "whiteSpace" : false
    }, {
      "id" : "s15-t2",
      "begin" : 1569,
      "end" : 1572,
      "text" : "<br",
      "whiteSpace" : false
    }, {
      "id" : "s15-t3",
      "begin" : 1573,
      "end" : 1575,
      "text" : "/>",
      "whiteSpace" : false
    }, {
      "id" : "s15-t4",
      "begin" : 1575,
      "end" : 1576,
      "text" : "I",
      "whiteSpace" : false
    }, {
      "id" : "s15-t5",
      "begin" : 1577,
      "end" : 1583,
      "text" : "wanted",
      "whiteSpace" : false
    }, {
      "id" : "s15-t6",
      "begin" : 1584,
      "end" : 1586,
      "text" : "to",
      "whiteSpace" : false
    }, {
      "id" : "s15-t7",
      "begin" : 1587,
      "end" : 1592,
      "text" : "start",
      "whiteSpace" : false
    }, {
      "id" : "s15-t8",
      "begin" : 1593,
      "end" : 1597,
      "text" : "with",
      "whiteSpace" : false
    }, {
      "id" : "s15-t9",
      "begin" : 1598,
      "end" : 1601,
      "text" : "the",
      "whiteSpace" : false
    }, {
      "id" : "s15-t10",
      "begin" : 1602,
      "end" : 1607,
      "text" : "small",
      "whiteSpace" : false
    }, {
      "id" : "s15-t11",
      "begin" : 1608,
      "end" : 1610,
      "text" : "12",
      "whiteSpace" : false
    }, {
      "id" : "s15-t12",
      "begin" : 1611,
      "end" : 1616,
      "text" : "count",
      "whiteSpace" : false
    }, {
      "id" : "s15-t13",
      "begin" : 1617,
      "end" : 1620,
      "text" : "box",
      "whiteSpace" : false
    }, {
      "id" : "s15-t14",
      "begin" : 1621,
      "end" : 1623,
      "text" : "at",
      "whiteSpace" : false
    }, {
      "id" : "s15-t15",
      "begin" : 1624,
      "end" : 1627,
      "text" : "the",
      "whiteSpace" : false
    }, {
      "id" : "s15-t16",
      "begin" : 1628,
      "end" : 1634,
      "text" : "market",
      "whiteSpace" : false
    }, {
      "id" : "s15-t17",
      "begin" : 1635,
      "end" : 1637,
      "text" : "to",
      "whiteSpace" : false
    }, {
      "id" : "s15-t18",
      "begin" : 1638,
      "end" : 1641,
      "text" : "try",
      "whiteSpace" : false
    }, {
      "id" : "s15-t19",
      "begin" : 1642,
      "end" : 1646,
      "text" : "them",
      "whiteSpace" : false
    }, {
      "id" : "s15-t20",
      "begin" : 1647,
      "end" : 1650,
      "text" : "out",
      "whiteSpace" : false
    }, {
      "id" : "s15-t21",
      "begin" : 1650,
      "end" : 1651,
      "text" : ".",
      "whiteSpace" : false
    } ]
  }, {
    "id" : "s16",
    "begin" : 1652,
    "end" : 1710,
    "text" : "Really, who wants 80 cups of something you might not like?",
    "tokens" : [ {
      "id" : "s16-t0",
      "begin" : 1652,
      "end" : 1658,
      "text" : "Really",
      "whiteSpace" : false
    }, {
      "id" : "s16-t1",
      "begin" : 1658,
      "end" : 1659,
      "text" : ",",
      "whiteSpace" : false
    }, {
      "id" : "s16-t2",
      "begin" : 1660,
      "end" : 1663,
      "text" : "who",
      "whiteSpace" : false
    }, {
      "id" : "s16-t3",
      "begin" : 1664,
      "end" : 1669,
      "text" : "wants",
      "whiteSpace" : false
    }, {
      "id" : "s16-t4",
      "begin" : 1670,
      "end" : 1672,
      "text" : "80",
      "whiteSpace" : false
    }, {
      "id" : "s16-t5",
      "begin" : 1673,
      "end" : 1677,
      "text" : "cups",
      "whiteSpace" : false
    }, {
      "id" : "s16-t6",
      "begin" : 1678,
      "end" : 1680,
      "text" : "of",
      "whiteSpace" : false
    }, {
      "id" : "s16-t7",
      "begin" : 1681,
      "end" : 1690,
      "text" : "something",
      "whiteSpace" : false
    }, {
      "id" : "s16-t8",
      "begin" : 1691,
      "end" : 1694,
      "text" : "you",
      "whiteSpace" : false
    }, {
      "id" : "s16-t9",
      "begin" : 1695,
      "end" : 1700,
      "text" : "might",
      "whiteSpace" : false
    }, {
      "id" : "s16-t10",
      "begin" : 1701,
      "end" : 1704,
      "text" : "not",
      "whiteSpace" : false
    }, {
      "id" : "s16-t11",
      "begin" : 1705,
      "end" : 1709,
      "text" : "like",
      "whiteSpace" : false
    }, {
      "id" : "s16-t12",
      "begin" : 1709,
      "end" : 1710,
      "text" : "?",
      "whiteSpace" : false
    } ]
  }, {
    "id" : "s17",
    "begin" : 1711,
    "end" : 1813,
    "text" : "But now I know it's a winner, I'll be getting them here regularly where they are even more affordable.",
    "tokens" : [ {
      "id" : "s17-t0",
      "begin" : 1711,
      "end" : 1714,
      "text" : "But",
      "whiteSpace" : false
    }, {
      "id" : "s17-t1",
      "begin" : 1715,
      "end" : 1718,
      "text" : "now",
      "whiteSpace" : false
    }, {
      "id" : "s17-t2",
      "begin" : 1719,
      "end" : 1720,
      "text" : "I",
      "whiteSpace" : false
    }, {
      "id" : "s17-t3",
      "begin" : 1721,
      "end" : 1725,
      "text" : "know",
      "whiteSpace" : false
    }, {
      "id" : "s17-t4",
      "begin" : 1726,
      "end" : 1728,
      "text" : "it",
      "whiteSpace" : false
    }, {
      "id" : "s17-t5",
      "begin" : 1728,
      "end" : 1730,
      "text" : "'s",
      "whiteSpace" : false
    }, {
      "id" : "s17-t6",
      "begin" : 1731,
      "end" : 1732,
      "text" : "a",
      "whiteSpace" : false
    }, {
      "id" : "s17-t7",
      "begin" : 1733,
      "end" : 1739,
      "text" : "winner",
      "whiteSpace" : false
    }, {
      "id" : "s17-t8",
      "begin" : 1739,
      "end" : 1740,
      "text" : ",",
      "whiteSpace" : false
    }, {
      "id" : "s17-t9",
      "begin" : 1741,
      "end" : 1742,
      "text" : "I",
      "whiteSpace" : false
    }, {
      "id" : "s17-t10",
      "begin" : 1742,
      "end" : 1745,
      "text" : "'ll",
      "whiteSpace" : false
    }, {
      "id" : "s17-t11",
      "begin" : 1746,
      "end" : 1748,
      "text" : "be",
      "whiteSpace" : false
    }, {
      "id" : "s17-t12",
      "begin" : 1749,
      "end" : 1756,
      "text" : "getting",
      "whiteSpace" : false
    }, {
      "id" : "s17-t13",
      "begin" : 1757,
      "end" : 1761,
      "text" : "them",
      "whiteSpace" : false
    }, {
      "id" : "s17-t14",
      "begin" : 1762,
      "end" : 1766,
      "text" : "here",
      "whiteSpace" : false
    }, {
      "id" : "s17-t15",
      "begin" : 1767,
      "end" : 1776,
      "text" : "regularly",
      "whiteSpace" : false
    }, {
      "id" : "s17-t16",
      "begin" : 1777,
      "end" : 1782,
      "text" : "where",
      "whiteSpace" : false
    }, {
      "id" : "s17-t17",
      "begin" : 1783,
      "end" : 1787,
      "text" : "they",
      "whiteSpace" : false
    }, {
      "id" : "s17-t18",
      "begin" : 1788,
      "end" : 1791,
      "text" : "are",
      "whiteSpace" : false
    }, {
      "id" : "s17-t19",
      "begin" : 1792,
      "end" : 1796,
      "text" : "even",
      "whiteSpace" : false
    }, {
      "id" : "s17-t20",
      "begin" : 1797,
      "end" : 1801,
      "text" : "more",
      "whiteSpace" : false
    }, {
      "id" : "s17-t21",
      "begin" : 1802,
      "end" : 1812,
      "text" : "affordable",
      "whiteSpace" : false
    }, {
      "id" : "s17-t22",
      "begin" : 1812,
      "end" : 1813,
      "text" : ".",
      "whiteSpace" : false
    } ]
  } ],
  "mentions" : [ {
    "id" : "s1-m1",
    "properties" : {
      "SIRE_MENTION_ROLE" : "Product",
      "SIRE_ENTITY_SUBTYPE" : "NONE",
      "SIRE_MENTION_TYPE" : "NONE",
      "SIRE_MENTION_CLASS" : "SPC"
    },
    "type" : "Product",
    "begin" : 226,
    "end" : 231,
    "inCoref" : false
  }, {
    "id" : "s4-m1",
    "properties" : {
      "SIRE_MENTION_ROLE" : "Product",
      "SIRE_ENTITY_SUBTYPE" : "NONE",
      "SIRE_MENTION_TYPE" : "NONE",
      "SIRE_MENTION_CLASS" : "SPC"
    },
    "type" : "Product",
    "begin" : 614,
    "end" : 620,
    "inCoref" : false
  }, {
    "id" : "s6-m1",
    "properties" : {
      "SIRE_MENTION_ROLE" : "Product",
      "SIRE_ENTITY_SUBTYPE" : "NONE",
      "SIRE_MENTION_TYPE" : "NONE",
      "SIRE_MENTION_CLASS" : "SPC"
    },
    "type" : "Product",
    "begin" : 690,
    "end" : 697,
    "inCoref" : false
  }, {
    "id" : "s6-m2",
    "properties" : {
      "SIRE_MENTION_ROLE" : "Brand",
      "SIRE_ENTITY_SUBTYPE" : "NONE",
      "SIRE_MENTION_TYPE" : "NONE",
      "SIRE_MENTION_CLASS" : "SPC"
    },
    "type" : "Brand",
    "begin" : 732,
    "end" : 738,
    "inCoref" : false
  }, {
    "id" : "s7-m1",
    "properties" : {
      "SIRE_MENTION_ROLE" : "Product",
      "SIRE_ENTITY_SUBTYPE" : "NONE",
      "SIRE_MENTION_TYPE" : "NONE",
      "SIRE_MENTION_CLASS" : "SPC"
    },
    "type" : "Product",
    "begin" : 882,
    "end" : 889,
    "inCoref" : false
  }, {
    "id" : "s8-m1",
    "properties" : {
      "SIRE_MENTION_ROLE" : "Brand",
      "SIRE_ENTITY_SUBTYPE" : "NONE",
      "SIRE_MENTION_TYPE" : "NONE",
      "SIRE_MENTION_CLASS" : "SPC"
    },
    "type" : "Brand",
    "begin" : 1008,
    "end" : 1014,
    "inCoref" : false
  }, {
    "id" : "s8-m2",
    "properties" : {
      "SIRE_MENTION_ROLE" : "Product",
      "SIRE_ENTITY_SUBTYPE" : "NONE",
      "SIRE_MENTION_TYPE" : "NONE",
      "SIRE_MENTION_CLASS" : "SPC"
    },
    "type" : "Product",
    "begin" : 1023,
    "end" : 1026,
    "inCoref" : false
  }, {
    "id" : "s10-m4",
    "properties" : {
      "SIRE_MENTION_ROLE" : "Brand",
      "SIRE_ENTITY_SUBTYPE" : "NONE",
      "SIRE_MENTION_TYPE" : "NONE",
      "SIRE_MENTION_CLASS" : "SPC"
    },
    "type" : "Brand",
    "begin" : 1168,
    "end" : 1174,
    "inCoref" : false
  }, {
    "id" : "s10-m5",
    "properties" : {
      "SIRE_MENTION_ROLE" : "Product",
      "SIRE_ENTITY_SUBTYPE" : "NONE",
      "SIRE_MENTION_TYPE" : "NONE",
      "SIRE_MENTION_CLASS" : "SPC"
    },
    "type" : "Attribute",
    "begin" : 1175,
    "end" : 1187,
    "inCoref" : false
  }, {
    "id" : "s10-m6",
    "properties" : {
      "SIRE_MENTION_ROLE" : "Attribute",
      "SIRE_ENTITY_SUBTYPE" : "NONE",
      "SIRE_MENTION_TYPE" : "NONE",
      "SIRE_MENTION_CLASS" : "SPC"
    },
    "type" : "Attribute",
    "begin" : 1202,
    "end" : 1213,
    "inCoref" : false
  }, {
    "id" : "s11-m2",
    "properties" : {
      "SIRE_MENTION_ROLE" : "Brand",
      "SIRE_ENTITY_SUBTYPE" : "NONE",
      "SIRE_MENTION_TYPE" : "NONE",
      "SIRE_MENTION_CLASS" : "SPC"
    },
    "type" : "Brand",
    "begin" : 1227,
    "end" : 1244,
    "inCoref" : false
  }, {
    "id" : "s11-m3",
    "properties" : {
      "SIRE_MENTION_ROLE" : "Product",
      "SIRE_ENTITY_SUBTYPE" : "NONE",
      "SIRE_MENTION_TYPE" : "NONE",
      "SIRE_MENTION_CLASS" : "SPC"
    },
    "type" : "Attribute",
    "begin" : 1245,
    "end" : 1255,
    "inCoref" : false
  }, {
    "id" : "s12-m2",
    "properties" : {
      "SIRE_MENTION_ROLE" : "Brand",
      "SIRE_ENTITY_SUBTYPE" : "NONE",
      "SIRE_MENTION_TYPE" : "NONE",
      "SIRE_MENTION_CLASS" : "SPC"
    },
    "type" : "Brand",
    "begin" : 1341,
    "end" : 1347,
    "inCoref" : false
  }, {
    "id" : "s12-m1",
    "properties" : {
      "SIRE_MENTION_ROLE" : "Product",
      "SIRE_ENTITY_SUBTYPE" : "NONE",
      "SIRE_MENTION_TYPE" : "NONE",
      "SIRE_MENTION_CLASS" : "SPC"
    },
    "type" : "Attribute",
    "begin" : 1348,
    "end" : 1354,
    "inCoref" : false
  }, {
    "id" : "s17-m1",
    "properties" : {
      "SIRE_MENTION_ROLE" : "Product",
      "SIRE_ENTITY_SUBTYPE" : "NONE",
      "SIRE_MENTION_TYPE" : "NONE",
      "SIRE_MENTION_CLASS" : "SPC"
    },
    "type" : "Product",
    "begin" : 1726,
    "end" : 1728,
    "inCoref" : false
  }, {
    "id" : "s17-m2",
    "properties" : {
      "SIRE_MENTION_ROLE" : "Product",
      "SIRE_ENTITY_SUBTYPE" : "NONE",
      "SIRE_MENTION_TYPE" : "NONE",
      "SIRE_MENTION_CLASS" : "SPC"
    },
    "type" : "Product",
    "begin" : 1757,
    "end" : 1761,
    "inCoref" : false
  } ],
  "relations" : [ {
    "id" : "s8-r1",
    "properties" : { },
    "type" : "brandOf",
    "args" : [ "s8-m1", "s8-m2" ]
  }, {
    "id" : "s10-r1",
    "properties" : { },
    "type" : "brandOf",
    "args" : [ "s10-m4", "s10-m5" ]
  }, {
    "id" : "s11-r1",
    "properties" : { },
    "type" : "brandOf",
    "args" : [ "s11-m2", "s11-m3" ]
  }, {
    "id" : "s12-r1",
    "properties" : { },
    "type" : "brandOf",
    "args" : [ "s12-m2", "s12-m1" ]
  } ],
  "corefs" : [ ],
  "typeResolved" : true,
  "userResolved" : false
}