{
  "id" : "bc2e7dc0-32ab-11e8-9c9d-6505f4419106-21",
  "name" : "review_0342.json",
  "createdDate" : 0,
  "version" : 3,
  "text" : "I have been on Subscribe and Save for Kcups since I bought a Keurig 4 years ago.  At the time, I thought the 'frustration free' box and Coffee People cups were great.  But over the years the price has creeped up and it was brought up my little cups weren't exactly 'green.'  HMPH!  SF Coffee Pod change everything.  First of all it tastes great.  It is the closest to a cup of coffee from a coffee house.  The pod design allows for a greener pod, but also more coffee per pod than a traditional Kcup.  But the real advantage is having the wonderful smell of coffee.  I've missed it.  I have a done of airtight plastic containers that keep the pods fresh and look forward to opening it and smelling the coffee.  :)<br /><br />if you are looking for an alternative for you Keurig, give this a try.  It wins on many levels including, price, taste and smell.  Real coffee fans will understand what I mean.",
  "docLength" : 0,
  "language" : "EN",
  "status" : "SUBMITTED",
  "modifiedDate" : 1522296038589,
  "documentSet" : [ ],
  "preannotation" : [ ],
  "sentences" : [ {
    "id" : "s0",
    "begin" : 0,
    "end" : 80,
    "text" : "I have been on Subscribe and Save for Kcups since I bought a Keurig 4 years ago.",
    "tokens" : [ {
      "id" : "s0-t0",
      "begin" : 0,
      "end" : 1,
      "text" : "I",
      "whiteSpace" : false
    }, {
      "id" : "s0-t1",
      "begin" : 2,
      "end" : 6,
      "text" : "have",
      "whiteSpace" : false
    }, {
      "id" : "s0-t2",
      "begin" : 7,
      "end" : 11,
      "text" : "been",
      "whiteSpace" : false
    }, {
      "id" : "s0-t3",
      "begin" : 12,
      "end" : 14,
      "text" : "on",
      "whiteSpace" : false
    }, {
      "id" : "s0-t4",
      "begin" : 15,
      "end" : 24,
      "text" : "Subscribe",
      "whiteSpace" : false
    }, {
      "id" : "s0-t5",
      "begin" : 25,
      "end" : 28,
      "text" : "and",
      "whiteSpace" : false
    }, {
      "id" : "s0-t6",
      "begin" : 29,
      "end" : 33,
      "text" : "Save",
      "whiteSpace" : false
    }, {
      "id" : "s0-t7",
      "begin" : 34,
      "end" : 37,
      "text" : "for",
      "whiteSpace" : false
    }, {
      "id" : "s0-t8",
      "begin" : 38,
      "end" : 43,
      "text" : "Kcups",
      "whiteSpace" : false
    }, {
      "id" : "s0-t9",
      "begin" : 44,
      "end" : 49,
      "text" : "since",
      "whiteSpace" : false
    }, {
      "id" : "s0-t10",
      "begin" : 50,
      "end" : 51,
      "text" : "I",
      "whiteSpace" : false
    }, {
      "id" : "s0-t11",
      "begin" : 52,
      "end" : 58,
      "text" : "bought",
      "whiteSpace" : false
    }, {
      "id" : "s0-t12",
      "begin" : 59,
      "end" : 60,
      "text" : "a",
      "whiteSpace" : false
    }, {
      "id" : "s0-t13",
      "begin" : 61,
      "end" : 67,
      "text" : "Keurig",
      "whiteSpace" : false
    }, {
      "id" : "s0-t14",
      "begin" : 68,
      "end" : 69,
      "text" : "4",
      "whiteSpace" : false
    }, {
      "id" : "s0-t15",
      "begin" : 70,
      "end" : 75,
      "text" : "years",
      "whiteSpace" : false
    }, {
      "id" : "s0-t16",
      "begin" : 76,
      "end" : 79,
      "text" : "ago",
      "whiteSpace" : false
    }, {
      "id" : "s0-t17",
      "begin" : 79,
      "end" : 80,
      "text" : ".",
      "whiteSpace" : false
    } ]
  }, {
    "id" : "s1",
    "begin" : 82,
    "end" : 166,
    "text" : "At the time, I thought the 'frustration free' box and Coffee People cups were great.",
    "tokens" : [ {
      "id" : "s1-t0",
      "begin" : 82,
      "end" : 84,
      "text" : "At",
      "whiteSpace" : false
    }, {
      "id" : "s1-t1",
      "begin" : 85,
      "end" : 88,
      "text" : "the",
      "whiteSpace" : false
    }, {
      "id" : "s1-t2",
      "begin" : 89,
      "end" : 93,
      "text" : "time",
      "whiteSpace" : false
    }, {
      "id" : "s1-t3",
      "begin" : 93,
      "end" : 94,
      "text" : ",",
      "whiteSpace" : false
    }, {
      "id" : "s1-t4",
      "begin" : 95,
      "end" : 96,
      "text" : "I",
      "whiteSpace" : false
    }, {
      "id" : "s1-t5",
      "begin" : 97,
      "end" : 104,
      "text" : "thought",
      "whiteSpace" : false
    }, {
      "id" : "s1-t6",
      "begin" : 105,
      "end" : 108,
      "text" : "the",
      "whiteSpace" : false
    }, {
      "id" : "s1-t7",
      "begin" : 109,
      "end" : 110,
      "text" : "'",
      "whiteSpace" : false
    }, {
      "id" : "s1-t8",
      "begin" : 110,
      "end" : 121,
      "text" : "frustration",
      "whiteSpace" : false
    }, {
      "id" : "s1-t9",
      "begin" : 122,
      "end" : 126,
      "text" : "free",
      "whiteSpace" : false
    }, {
      "id" : "s1-t10",
      "begin" : 126,
      "end" : 127,
      "text" : "'",
      "whiteSpace" : false
    }, {
      "id" : "s1-t11",
      "begin" : 128,
      "end" : 131,
      "text" : "box",
      "whiteSpace" : false
    }, {
      "id" : "s1-t12",
      "begin" : 132,
      "end" : 135,
      "text" : "and",
      "whiteSpace" : false
    }, {
      "id" : "s1-t13",
      "begin" : 136,
      "end" : 142,
      "text" : "Coffee",
      "whiteSpace" : false
    }, {
      "id" : "s1-t14",
      "begin" : 143,
      "end" : 149,
      "text" : "People",
      "whiteSpace" : false
    }, {
      "id" : "s1-t15",
      "begin" : 150,
      "end" : 154,
      "text" : "cups",
      "whiteSpace" : false
    }, {
      "id" : "s1-t16",
      "begin" : 155,
      "end" : 159,
      "text" : "were",
      "whiteSpace" : false
    }, {
      "id" : "s1-t17",
      "begin" : 160,
      "end" : 165,
      "text" : "great",
      "whiteSpace" : false
    }, {
      "id" : "s1-t18",
      "begin" : 165,
      "end" : 166,
      "text" : ".",
      "whiteSpace" : false
    } ]
  }, {
    "id" : "s2",
    "begin" : 168,
    "end" : 272,
    "text" : "But over the years the price has creeped up and it was brought up my little cups weren't exactly 'green.",
    "tokens" : [ {
      "id" : "s2-t0",
      "begin" : 168,
      "end" : 171,
      "text" : "But",
      "whiteSpace" : false
    }, {
      "id" : "s2-t1",
      "begin" : 172,
      "end" : 176,
      "text" : "over",
      "whiteSpace" : false
    }, {
      "id" : "s2-t2",
      "begin" : 177,
      "end" : 180,
      "text" : "the",
      "whiteSpace" : false
    }, {
      "id" : "s2-t3",
      "begin" : 181,
      "end" : 186,
      "text" : "years",
      "whiteSpace" : false
    }, {
      "id" : "s2-t4",
      "begin" : 187,
      "end" : 190,
      "text" : "the",
      "whiteSpace" : false
    }, {
      "id" : "s2-t5",
      "begin" : 191,
      "end" : 196,
      "text" : "price",
      "whiteSpace" : false
    }, {
      "id" : "s2-t6",
      "begin" : 197,
      "end" : 200,
      "text" : "has",
      "whiteSpace" : false
    }, {
      "id" : "s2-t7",
      "begin" : 201,
      "end" : 208,
      "text" : "creeped",
      "whiteSpace" : false
    }, {
      "id" : "s2-t8",
      "begin" : 209,
      "end" : 211,
      "text" : "up",
      "whiteSpace" : false
    }, {
      "id" : "s2-t9",
      "begin" : 212,
      "end" : 215,
      "text" : "and",
      "whiteSpace" : false
    }, {
      "id" : "s2-t10",
      "begin" : 216,
      "end" : 218,
      "text" : "it",
      "whiteSpace" : false
    }, {
      "id" : "s2-t11",
      "begin" : 219,
      "end" : 222,
      "text" : "was",
      "whiteSpace" : false
    }, {
      "id" : "s2-t12",
      "begin" : 223,
      "end" : 230,
      "text" : "brought",
      "whiteSpace" : false
    }, {
      "id" : "s2-t13",
      "begin" : 231,
      "end" : 233,
      "text" : "up",
      "whiteSpace" : false
    }, {
      "id" : "s2-t14",
      "begin" : 234,
      "end" : 236,
      "text" : "my",
      "whiteSpace" : false
    }, {
      "id" : "s2-t15",
      "begin" : 237,
      "end" : 243,
      "text" : "little",
      "whiteSpace" : false
    }, {
      "id" : "s2-t16",
      "begin" : 244,
      "end" : 248,
      "text" : "cups",
      "whiteSpace" : false
    }, {
      "id" : "s2-t17",
      "begin" : 249,
      "end" : 253,
      "text" : "were",
      "whiteSpace" : false
    }, {
      "id" : "s2-t18",
      "begin" : 253,
      "end" : 256,
      "text" : "n't",
      "whiteSpace" : false
    }, {
      "id" : "s2-t19",
      "begin" : 257,
      "end" : 264,
      "text" : "exactly",
      "whiteSpace" : false
    }, {
      "id" : "s2-t20",
      "begin" : 265,
      "end" : 266,
      "text" : "'",
      "whiteSpace" : false
    }, {
      "id" : "s2-t21",
      "begin" : 266,
      "end" : 271,
      "text" : "green",
      "whiteSpace" : false
    }, {
      "id" : "s2-t22",
      "begin" : 271,
      "end" : 272,
      "text" : ".",
      "whiteSpace" : false
    } ]
  }, {
    "id" : "s3",
    "begin" : 272,
    "end" : 280,
    "text" : "'  HMPH!",
    "tokens" : [ {
      "id" : "s3-t0",
      "begin" : 272,
      "end" : 273,
      "text" : "'",
      "whiteSpace" : false
    }, {
      "id" : "s3-t1",
      "begin" : 275,
      "end" : 279,
      "text" : "HMPH",
      "whiteSpace" : false
    }, {
      "id" : "s3-t2",
      "begin" : 279,
      "end" : 280,
      "text" : "!",
      "whiteSpace" : false
    } ]
  }, {
    "id" : "s4",
    "begin" : 282,
    "end" : 314,
    "text" : "SF Coffee Pod change everything.",
    "tokens" : [ {
      "id" : "s4-t0",
      "begin" : 282,
      "end" : 284,
      "text" : "SF",
      "whiteSpace" : false
    }, {
      "id" : "s4-t1",
      "begin" : 285,
      "end" : 291,
      "text" : "Coffee",
      "whiteSpace" : false
    }, {
      "id" : "s4-t2",
      "begin" : 292,
      "end" : 295,
      "text" : "Pod",
      "whiteSpace" : false
    }, {
      "id" : "s4-t3",
      "begin" : 296,
      "end" : 302,
      "text" : "change",
      "whiteSpace" : false
    }, {
      "id" : "s4-t4",
      "begin" : 303,
      "end" : 313,
      "text" : "everything",
      "whiteSpace" : false
    }, {
      "id" : "s4-t5",
      "begin" : 313,
      "end" : 314,
      "text" : ".",
      "whiteSpace" : false
    } ]
  }, {
    "id" : "s5",
    "begin" : 316,
    "end" : 345,
    "text" : "First of all it tastes great.",
    "tokens" : [ {
      "id" : "s5-t0",
      "begin" : 316,
      "end" : 321,
      "text" : "First",
      "whiteSpace" : false
    }, {
      "id" : "s5-t1",
      "begin" : 322,
      "end" : 324,
      "text" : "of",
      "whiteSpace" : false
    }, {
      "id" : "s5-t2",
      "begin" : 325,
      "end" : 328,
      "text" : "all",
      "whiteSpace" : false
    }, {
      "id" : "s5-t3",
      "begin" : 329,
      "end" : 331,
      "text" : "it",
      "whiteSpace" : false
    }, {
      "id" : "s5-t4",
      "begin" : 332,
      "end" : 338,
      "text" : "tastes",
      "whiteSpace" : false
    }, {
      "id" : "s5-t5",
      "begin" : 339,
      "end" : 344,
      "text" : "great",
      "whiteSpace" : false
    }, {
      "id" : "s5-t6",
      "begin" : 344,
      "end" : 345,
      "text" : ".",
      "whiteSpace" : false
    } ]
  }, {
    "id" : "s6",
    "begin" : 347,
    "end" : 404,
    "text" : "It is the closest to a cup of coffee from a coffee house.",
    "tokens" : [ {
      "id" : "s6-t0",
      "begin" : 347,
      "end" : 349,
      "text" : "It",
      "whiteSpace" : false
    }, {
      "id" : "s6-t1",
      "begin" : 350,
      "end" : 352,
      "text" : "is",
      "whiteSpace" : false
    }, {
      "id" : "s6-t2",
      "begin" : 353,
      "end" : 356,
      "text" : "the",
      "whiteSpace" : false
    }, {
      "id" : "s6-t3",
      "begin" : 357,
      "end" : 364,
      "text" : "closest",
      "whiteSpace" : false
    }, {
      "id" : "s6-t4",
      "begin" : 365,
      "end" : 367,
      "text" : "to",
      "whiteSpace" : false
    }, {
      "id" : "s6-t5",
      "begin" : 368,
      "end" : 369,
      "text" : "a",
      "whiteSpace" : false
    }, {
      "id" : "s6-t6",
      "begin" : 370,
      "end" : 373,
      "text" : "cup",
      "whiteSpace" : false
    }, {
      "id" : "s6-t7",
      "begin" : 374,
      "end" : 376,
      "text" : "of",
      "whiteSpace" : false
    }, {
      "id" : "s6-t8",
      "begin" : 377,
      "end" : 383,
      "text" : "coffee",
      "whiteSpace" : false
    }, {
      "id" : "s6-t9",
      "begin" : 384,
      "end" : 388,
      "text" : "from",
      "whiteSpace" : false
    }, {
      "id" : "s6-t10",
      "begin" : 389,
      "end" : 390,
      "text" : "a",
      "whiteSpace" : false
    }, {
      "id" : "s6-t11",
      "begin" : 391,
      "end" : 397,
      "text" : "coffee",
      "whiteSpace" : false
    }, {
      "id" : "s6-t12",
      "begin" : 398,
      "end" : 403,
      "text" : "house",
      "whiteSpace" : false
    }, {
      "id" : "s6-t13",
      "begin" : 403,
      "end" : 404,
      "text" : ".",
      "whiteSpace" : false
    } ]
  }, {
    "id" : "s7",
    "begin" : 406,
    "end" : 500,
    "text" : "The pod design allows for a greener pod, but also more coffee per pod than a traditional Kcup.",
    "tokens" : [ {
      "id" : "s7-t0",
      "begin" : 406,
      "end" : 409,
      "text" : "The",
      "whiteSpace" : false
    }, {
      "id" : "s7-t1",
      "begin" : 410,
      "end" : 413,
      "text" : "pod",
      "whiteSpace" : false
    }, {
      "id" : "s7-t2",
      "begin" : 414,
      "end" : 420,
      "text" : "design",
      "whiteSpace" : false
    }, {
      "id" : "s7-t3",
      "begin" : 421,
      "end" : 427,
      "text" : "allows",
      "whiteSpace" : false
    }, {
      "id" : "s7-t4",
      "begin" : 428,
      "end" : 431,
      "text" : "for",
      "whiteSpace" : false
    }, {
      "id" : "s7-t5",
      "begin" : 432,
      "end" : 433,
      "text" : "a",
      "whiteSpace" : false
    }, {
      "id" : "s7-t6",
      "begin" : 434,
      "end" : 441,
      "text" : "greener",
      "whiteSpace" : false
    }, {
      "id" : "s7-t7",
      "begin" : 442,
      "end" : 445,
      "text" : "pod",
      "whiteSpace" : false
    }, {
      "id" : "s7-t8",
      "begin" : 445,
      "end" : 446,
      "text" : ",",
      "whiteSpace" : false
    }, {
      "id" : "s7-t9",
      "begin" : 447,
      "end" : 450,
      "text" : "but",
      "whiteSpace" : false
    }, {
      "id" : "s7-t10",
      "begin" : 451,
      "end" : 455,
      "text" : "also",
      "whiteSpace" : false
    }, {
      "id" : "s7-t11",
      "begin" : 456,
      "end" : 460,
      "text" : "more",
      "whiteSpace" : false
    }, {
      "id" : "s7-t12",
      "begin" : 461,
      "end" : 467,
      "text" : "coffee",
      "whiteSpace" : false
    }, {
      "id" : "s7-t13",
      "begin" : 468,
      "end" : 471,
      "text" : "per",
      "whiteSpace" : false
    }, {
      "id" : "s7-t14",
      "begin" : 472,
      "end" : 475,
      "text" : "pod",
      "whiteSpace" : false
    }, {
      "id" : "s7-t15",
      "begin" : 476,
      "end" : 480,
      "text" : "than",
      "whiteSpace" : false
    }, {
      "id" : "s7-t16",
      "begin" : 481,
      "end" : 482,
      "text" : "a",
      "whiteSpace" : false
    }, {
      "id" : "s7-t17",
      "begin" : 483,
      "end" : 494,
      "text" : "traditional",
      "whiteSpace" : false
    }, {
      "id" : "s7-t18",
      "begin" : 495,
      "end" : 499,
      "text" : "Kcup",
      "whiteSpace" : false
    }, {
      "id" : "s7-t19",
      "begin" : 499,
      "end" : 500,
      "text" : ".",
      "whiteSpace" : false
    } ]
  }, {
    "id" : "s8",
    "begin" : 502,
    "end" : 565,
    "text" : "But the real advantage is having the wonderful smell of coffee.",
    "tokens" : [ {
      "id" : "s8-t0",
      "begin" : 502,
      "end" : 505,
      "text" : "But",
      "whiteSpace" : false
    }, {
      "id" : "s8-t1",
      "begin" : 506,
      "end" : 509,
      "text" : "the",
      "whiteSpace" : false
    }, {
      "id" : "s8-t2",
      "begin" : 510,
      "end" : 514,
      "text" : "real",
      "whiteSpace" : false
    }, {
      "id" : "s8-t3",
      "begin" : 515,
      "end" : 524,
      "text" : "advantage",
      "whiteSpace" : false
    }, {
      "id" : "s8-t4",
      "begin" : 525,
      "end" : 527,
      "text" : "is",
      "whiteSpace" : false
    }, {
      "id" : "s8-t5",
      "begin" : 528,
      "end" : 534,
      "text" : "having",
      "whiteSpace" : false
    }, {
      "id" : "s8-t6",
      "begin" : 535,
      "end" : 538,
      "text" : "the",
      "whiteSpace" : false
    }, {
      "id" : "s8-t7",
      "begin" : 539,
      "end" : 548,
      "text" : "wonderful",
      "whiteSpace" : false
    }, {
      "id" : "s8-t8",
      "begin" : 549,
      "end" : 554,
      "text" : "smell",
      "whiteSpace" : false
    }, {
      "id" : "s8-t9",
      "begin" : 555,
      "end" : 557,
      "text" : "of",
      "whiteSpace" : false
    }, {
      "id" : "s8-t10",
      "begin" : 558,
      "end" : 564,
      "text" : "coffee",
      "whiteSpace" : false
    }, {
      "id" : "s8-t11",
      "begin" : 564,
      "end" : 565,
      "text" : ".",
      "whiteSpace" : false
    } ]
  }, {
    "id" : "s9",
    "begin" : 567,
    "end" : 582,
    "text" : "I've missed it.",
    "tokens" : [ {
      "id" : "s9-t0",
      "begin" : 567,
      "end" : 568,
      "text" : "I",
      "whiteSpace" : false
    }, {
      "id" : "s9-t1",
      "begin" : 568,
      "end" : 571,
      "text" : "'ve",
      "whiteSpace" : false
    }, {
      "id" : "s9-t2",
      "begin" : 572,
      "end" : 578,
      "text" : "missed",
      "whiteSpace" : false
    }, {
      "id" : "s9-t3",
      "begin" : 579,
      "end" : 581,
      "text" : "it",
      "whiteSpace" : false
    }, {
      "id" : "s9-t4",
      "begin" : 581,
      "end" : 582,
      "text" : ".",
      "whiteSpace" : false
    } ]
  }, {
    "id" : "s10",
    "begin" : 584,
    "end" : 709,
    "text" : "I have a done of airtight plastic containers that keep the pods fresh and look forward to opening it and smelling the coffee.",
    "tokens" : [ {
      "id" : "s10-t0",
      "begin" : 584,
      "end" : 585,
      "text" : "I",
      "whiteSpace" : false
    }, {
      "id" : "s10-t1",
      "begin" : 586,
      "end" : 590,
      "text" : "have",
      "whiteSpace" : false
    }, {
      "id" : "s10-t2",
      "begin" : 591,
      "end" : 592,
      "text" : "a",
      "whiteSpace" : false
    }, {
      "id" : "s10-t3",
      "begin" : 593,
      "end" : 597,
      "text" : "done",
      "whiteSpace" : false
    }, {
      "id" : "s10-t4",
      "begin" : 598,
      "end" : 600,
      "text" : "of",
      "whiteSpace" : false
    }, {
      "id" : "s10-t5",
      "begin" : 601,
      "end" : 609,
      "text" : "airtight",
      "whiteSpace" : false
    }, {
      "id" : "s10-t6",
      "begin" : 610,
      "end" : 617,
      "text" : "plastic",
      "whiteSpace" : false
    }, {
      "id" : "s10-t7",
      "begin" : 618,
      "end" : 628,
      "text" : "containers",
      "whiteSpace" : false
    }, {
      "id" : "s10-t8",
      "begin" : 629,
      "end" : 633,
      "text" : "that",
      "whiteSpace" : false
    }, {
      "id" : "s10-t9",
      "begin" : 634,
      "end" : 638,
      "text" : "keep",
      "whiteSpace" : false
    }, {
      "id" : "s10-t10",
      "begin" : 639,
      "end" : 642,
      "text" : "the",
      "whiteSpace" : false
    }, {
      "id" : "s10-t11",
      "begin" : 643,
      "end" : 647,
      "text" : "pods",
      "whiteSpace" : false
    }, {
      "id" : "s10-t12",
      "begin" : 648,
      "end" : 653,
      "text" : "fresh",
      "whiteSpace" : false
    }, {
      "id" : "s10-t13",
      "begin" : 654,
      "end" : 657,
      "text" : "and",
      "whiteSpace" : false
    }, {
      "id" : "s10-t14",
      "begin" : 658,
      "end" : 662,
      "text" : "look",
      "whiteSpace" : false
    }, {
      "id" : "s10-t15",
      "begin" : 663,
      "end" : 670,
      "text" : "forward",
      "whiteSpace" : false
    }, {
      "id" : "s10-t16",
      "begin" : 671,
      "end" : 673,
      "text" : "to",
      "whiteSpace" : false
    }, {
      "id" : "s10-t17",
      "begin" : 674,
      "end" : 681,
      "text" : "opening",
      "whiteSpace" : false
    }, {
      "id" : "s10-t18",
      "begin" : 682,
      "end" : 684,
      "text" : "it",
      "whiteSpace" : false
    }, {
      "id" : "s10-t19",
      "begin" : 685,
      "end" : 688,
      "text" : "and",
      "whiteSpace" : false
    }, {
      "id" : "s10-t20",
      "begin" : 689,
      "end" : 697,
      "text" : "smelling",
      "whiteSpace" : false
    }, {
      "id" : "s10-t21",
      "begin" : 698,
      "end" : 701,
      "text" : "the",
      "whiteSpace" : false
    }, {
      "id" : "s10-t22",
      "begin" : 702,
      "end" : 708,
      "text" : "coffee",
      "whiteSpace" : false
    }, {
      "id" : "s10-t23",
      "begin" : 708,
      "end" : 709,
      "text" : ".",
      "whiteSpace" : false
    } ]
  }, {
    "id" : "s11",
    "begin" : 711,
    "end" : 795,
    "text" : ":)<br /><br />if you are looking for an alternative for you Keurig, give this a try.",
    "tokens" : [ {
      "id" : "s11-t0",
      "begin" : 711,
      "end" : 712,
      "text" : ":",
      "whiteSpace" : false
    }, {
      "id" : "s11-t1",
      "begin" : 712,
      "end" : 713,
      "text" : ")",
      "whiteSpace" : false
    }, {
      "id" : "s11-t2",
      "begin" : 713,
      "end" : 716,
      "text" : "<br",
      "whiteSpace" : false
    }, {
      "id" : "s11-t3",
      "begin" : 717,
      "end" : 719,
      "text" : "/>",
      "whiteSpace" : false
    }, {
      "id" : "s11-t4",
      "begin" : 719,
      "end" : 722,
      "text" : "<br",
      "whiteSpace" : false
    }, {
      "id" : "s11-t5",
      "begin" : 723,
      "end" : 725,
      "text" : "/>",
      "whiteSpace" : false
    }, {
      "id" : "s11-t6",
      "begin" : 725,
      "end" : 727,
      "text" : "if",
      "whiteSpace" : false
    }, {
      "id" : "s11-t7",
      "begin" : 728,
      "end" : 731,
      "text" : "you",
      "whiteSpace" : false
    }, {
      "id" : "s11-t8",
      "begin" : 732,
      "end" : 735,
      "text" : "are",
      "whiteSpace" : false
    }, {
      "id" : "s11-t9",
      "begin" : 736,
      "end" : 743,
      "text" : "looking",
      "whiteSpace" : false
    }, {
      "id" : "s11-t10",
      "begin" : 744,
      "end" : 747,
      "text" : "for",
      "whiteSpace" : false
    }, {
      "id" : "s11-t11",
      "begin" : 748,
      "end" : 750,
      "text" : "an",
      "whiteSpace" : false
    }, {
      "id" : "s11-t12",
      "begin" : 751,
      "end" : 762,
      "text" : "alternative",
      "whiteSpace" : false
    }, {
      "id" : "s11-t13",
      "begin" : 763,
      "end" : 766,
      "text" : "for",
      "whiteSpace" : false
    }, {
      "id" : "s11-t14",
      "begin" : 767,
      "end" : 770,
      "text" : "you",
      "whiteSpace" : false
    }, {
      "id" : "s11-t15",
      "begin" : 771,
      "end" : 777,
      "text" : "Keurig",
      "whiteSpace" : false
    }, {
      "id" : "s11-t16",
      "begin" : 777,
      "end" : 778,
      "text" : ",",
      "whiteSpace" : false
    }, {
      "id" : "s11-t17",
      "begin" : 779,
      "end" : 783,
      "text" : "give",
      "whiteSpace" : false
    }, {
      "id" : "s11-t18",
      "begin" : 784,
      "end" : 788,
      "text" : "this",
      "whiteSpace" : false
    }, {
      "id" : "s11-t19",
      "begin" : 789,
      "end" : 790,
      "text" : "a",
      "whiteSpace" : false
    }, {
      "id" : "s11-t20",
      "begin" : 791,
      "end" : 794,
      "text" : "try",
      "whiteSpace" : false
    }, {
      "id" : "s11-t21",
      "begin" : 794,
      "end" : 795,
      "text" : ".",
      "whiteSpace" : false
    } ]
  }, {
    "id" : "s12",
    "begin" : 797,
    "end" : 854,
    "text" : "It wins on many levels including, price, taste and smell.",
    "tokens" : [ {
      "id" : "s12-t0",
      "begin" : 797,
      "end" : 799,
      "text" : "It",
      "whiteSpace" : false
    }, {
      "id" : "s12-t1",
      "begin" : 800,
      "end" : 804,
      "text" : "wins",
      "whiteSpace" : false
    }, {
      "id" : "s12-t2",
      "begin" : 805,
      "end" : 807,
      "text" : "on",
      "whiteSpace" : false
    }, {
      "id" : "s12-t3",
      "begin" : 808,
      "end" : 812,
      "text" : "many",
      "whiteSpace" : false
    }, {
      "id" : "s12-t4",
      "begin" : 813,
      "end" : 819,
      "text" : "levels",
      "whiteSpace" : false
    }, {
      "id" : "s12-t5",
      "begin" : 820,
      "end" : 829,
      "text" : "including",
      "whiteSpace" : false
    }, {
      "id" : "s12-t6",
      "begin" : 829,
      "end" : 830,
      "text" : ",",
      "whiteSpace" : false
    }, {
      "id" : "s12-t7",
      "begin" : 831,
      "end" : 836,
      "text" : "price",
      "whiteSpace" : false
    }, {
      "id" : "s12-t8",
      "begin" : 836,
      "end" : 837,
      "text" : ",",
      "whiteSpace" : false
    }, {
      "id" : "s12-t9",
      "begin" : 838,
      "end" : 843,
      "text" : "taste",
      "whiteSpace" : false
    }, {
      "id" : "s12-t10",
      "begin" : 844,
      "end" : 847,
      "text" : "and",
      "whiteSpace" : false
    }, {
      "id" : "s12-t11",
      "begin" : 848,
      "end" : 853,
      "text" : "smell",
      "whiteSpace" : false
    }, {
      "id" : "s12-t12",
      "begin" : 853,
      "end" : 854,
      "text" : ".",
      "whiteSpace" : false
    } ]
  }, {
    "id" : "s13",
    "begin" : 856,
    "end" : 901,
    "text" : "Real coffee fans will understand what I mean.",
    "tokens" : [ {
      "id" : "s13-t0",
      "begin" : 856,
      "end" : 860,
      "text" : "Real",
      "whiteSpace" : false
    }, {
      "id" : "s13-t1",
      "begin" : 861,
      "end" : 867,
      "text" : "coffee",
      "whiteSpace" : false
    }, {
      "id" : "s13-t2",
      "begin" : 868,
      "end" : 872,
      "text" : "fans",
      "whiteSpace" : false
    }, {
      "id" : "s13-t3",
      "begin" : 873,
      "end" : 877,
      "text" : "will",
      "whiteSpace" : false
    }, {
      "id" : "s13-t4",
      "begin" : 878,
      "end" : 888,
      "text" : "understand",
      "whiteSpace" : false
    }, {
      "id" : "s13-t5",
      "begin" : 889,
      "end" : 893,
      "text" : "what",
      "whiteSpace" : false
    }, {
      "id" : "s13-t6",
      "begin" : 894,
      "end" : 895,
      "text" : "I",
      "whiteSpace" : false
    }, {
      "id" : "s13-t7",
      "begin" : 896,
      "end" : 900,
      "text" : "mean",
      "whiteSpace" : false
    }, {
      "id" : "s13-t8",
      "begin" : 900,
      "end" : 901,
      "text" : ".",
      "whiteSpace" : false
    } ]
  } ],
  "mentions" : [ {
    "id" : "s0-m1",
    "properties" : {
      "SIRE_MENTION_ROLE" : "Product",
      "SIRE_ENTITY_SUBTYPE" : "NONE",
      "SIRE_MENTION_TYPE" : "NONE",
      "SIRE_MENTION_CLASS" : "SPC"
    },
    "type" : "Product",
    "begin" : 38,
    "end" : 43,
    "inCoref" : false
  }, {
    "id" : "s1-m2",
    "properties" : {
      "SIRE_MENTION_ROLE" : "Brand",
      "SIRE_ENTITY_SUBTYPE" : "NONE",
      "SIRE_MENTION_TYPE" : "NONE",
      "SIRE_MENTION_CLASS" : "SPC"
    },
    "type" : "Brand",
    "begin" : 136,
    "end" : 149,
    "inCoref" : false
  }, {
    "id" : "s1-m1",
    "properties" : {
      "SIRE_MENTION_ROLE" : "Product",
      "SIRE_ENTITY_SUBTYPE" : "NONE",
      "SIRE_MENTION_TYPE" : "NONE",
      "SIRE_MENTION_CLASS" : "SPC"
    },
    "type" : "Product",
    "begin" : 150,
    "end" : 154,
    "inCoref" : true
  }, {
    "id" : "s2-m1",
    "properties" : {
      "SIRE_MENTION_ROLE" : "Product",
      "SIRE_ENTITY_SUBTYPE" : "NONE",
      "SIRE_MENTION_TYPE" : "NONE",
      "SIRE_MENTION_CLASS" : "SPC"
    },
    "type" : "Product",
    "begin" : 244,
    "end" : 248,
    "inCoref" : true
  }, {
    "id" : "s4-m1",
    "properties" : {
      "SIRE_MENTION_ROLE" : "Product",
      "SIRE_ENTITY_SUBTYPE" : "NONE",
      "SIRE_MENTION_TYPE" : "NONE",
      "SIRE_MENTION_CLASS" : "SPC"
    },
    "type" : "Brand",
    "begin" : 282,
    "end" : 295,
    "inCoref" : false
  }, {
    "id" : "s5-m1",
    "properties" : {
      "SIRE_MENTION_ROLE" : "Product",
      "SIRE_ENTITY_SUBTYPE" : "NONE",
      "SIRE_MENTION_TYPE" : "NONE",
      "SIRE_MENTION_CLASS" : "SPC"
    },
    "type" : "Product",
    "begin" : 329,
    "end" : 331,
    "inCoref" : true
  }, {
    "id" : "s6-m1",
    "properties" : {
      "SIRE_MENTION_ROLE" : "Product",
      "SIRE_ENTITY_SUBTYPE" : "NONE",
      "SIRE_MENTION_TYPE" : "NONE",
      "SIRE_MENTION_CLASS" : "SPC"
    },
    "type" : "Product",
    "begin" : 347,
    "end" : 349,
    "inCoref" : true
  }, {
    "id" : "s7-m1",
    "properties" : {
      "SIRE_MENTION_ROLE" : "Product",
      "SIRE_ENTITY_SUBTYPE" : "NONE",
      "SIRE_MENTION_TYPE" : "NONE",
      "SIRE_MENTION_CLASS" : "SPC"
    },
    "type" : "Product",
    "begin" : 442,
    "end" : 445,
    "inCoref" : true
  }, {
    "id" : "s7-m2",
    "properties" : {
      "SIRE_MENTION_ROLE" : "Product",
      "SIRE_ENTITY_SUBTYPE" : "NONE",
      "SIRE_MENTION_TYPE" : "NONE",
      "SIRE_MENTION_CLASS" : "SPC"
    },
    "type" : "Product",
    "begin" : 472,
    "end" : 475,
    "inCoref" : true
  }, {
    "id" : "s7-m3",
    "properties" : {
      "SIRE_MENTION_ROLE" : "Brand",
      "SIRE_ENTITY_SUBTYPE" : "NONE",
      "SIRE_MENTION_TYPE" : "NONE",
      "SIRE_MENTION_CLASS" : "SPC"
    },
    "type" : "Brand",
    "begin" : 495,
    "end" : 499,
    "inCoref" : false
  }, {
    "id" : "s10-m1",
    "properties" : {
      "SIRE_MENTION_ROLE" : "Product",
      "SIRE_ENTITY_SUBTYPE" : "NONE",
      "SIRE_MENTION_TYPE" : "NONE",
      "SIRE_MENTION_CLASS" : "SPC"
    },
    "type" : "Product",
    "begin" : 643,
    "end" : 647,
    "inCoref" : true
  }, {
    "id" : "s11-m1",
    "properties" : {
      "SIRE_MENTION_ROLE" : "Brand",
      "SIRE_ENTITY_SUBTYPE" : "NONE",
      "SIRE_MENTION_TYPE" : "NONE",
      "SIRE_MENTION_CLASS" : "SPC"
    },
    "type" : "Brand",
    "begin" : 771,
    "end" : 777,
    "inCoref" : false
  }, {
    "id" : "s11-m2",
    "properties" : {
      "SIRE_MENTION_ROLE" : "Product",
      "SIRE_ENTITY_SUBTYPE" : "NONE",
      "SIRE_MENTION_TYPE" : "NONE",
      "SIRE_MENTION_CLASS" : "SPC"
    },
    "type" : "Product",
    "begin" : 784,
    "end" : 788,
    "inCoref" : true
  }, {
    "id" : "s12-m1",
    "properties" : {
      "SIRE_MENTION_ROLE" : "Product",
      "SIRE_ENTITY_SUBTYPE" : "NONE",
      "SIRE_MENTION_TYPE" : "NONE",
      "SIRE_MENTION_CLASS" : "SPC"
    },
    "type" : "Product",
    "begin" : 797,
    "end" : 799,
    "inCoref" : true
  } ],
  "relations" : [ {
    "id" : "s1-r1",
    "properties" : { },
    "type" : "brandOf",
    "args" : [ "s1-m2", "s1-m1" ]
  } ],
  "corefs" : [ {
    "id" : "c1",
    "properties" : { },
    "mentions" : [ "s5-m1", "s6-m1", "s7-m1", "s7-m2", "s10-m1", "s11-m2", "s12-m1" ]
  }, {
    "id" : "c2",
    "properties" : { },
    "mentions" : [ "s1-m1", "s2-m1" ]
  } ],
  "typeResolved" : true,
  "userResolved" : false
}