{
  "id" : "bc2e7dc0-32ab-11e8-9c9d-6505f4419106-56",
  "name" : "review_0924.json",
  "createdDate" : 0,
  "version" : 3,
  "text" : "This is my favorite KIND bar.  The others are either too plain or too sweet for my taste.  This has the perfect blend of sweetness, tartness, and nuttiness.  I would highly recommend it as a snacking bar.  My problem is eating one at a time...",
  "docLength" : 0,
  "language" : "EN",
  "status" : "SUBMITTED",
  "modifiedDate" : 1522293054696,
  "documentSet" : [ ],
  "preannotation" : [ ],
  "sentences" : [ {
    "id" : "s0",
    "begin" : 0,
    "end" : 29,
    "text" : "This is my favorite KIND bar.",
    "tokens" : [ {
      "id" : "s0-t0",
      "begin" : 0,
      "end" : 4,
      "text" : "This",
      "whiteSpace" : false
    }, {
      "id" : "s0-t1",
      "begin" : 5,
      "end" : 7,
      "text" : "is",
      "whiteSpace" : false
    }, {
      "id" : "s0-t2",
      "begin" : 8,
      "end" : 10,
      "text" : "my",
      "whiteSpace" : false
    }, {
      "id" : "s0-t3",
      "begin" : 11,
      "end" : 19,
      "text" : "favorite",
      "whiteSpace" : false
    }, {
      "id" : "s0-t4",
      "begin" : 20,
      "end" : 24,
      "text" : "KIND",
      "whiteSpace" : false
    }, {
      "id" : "s0-t5",
      "begin" : 25,
      "end" : 28,
      "text" : "bar",
      "whiteSpace" : false
    }, {
      "id" : "s0-t6",
      "begin" : 28,
      "end" : 29,
      "text" : ".",
      "whiteSpace" : false
    } ]
  }, {
    "id" : "s1",
    "begin" : 31,
    "end" : 89,
    "text" : "The others are either too plain or too sweet for my taste.",
    "tokens" : [ {
      "id" : "s1-t0",
      "begin" : 31,
      "end" : 34,
      "text" : "The",
      "whiteSpace" : false
    }, {
      "id" : "s1-t1",
      "begin" : 35,
      "end" : 41,
      "text" : "others",
      "whiteSpace" : false
    }, {
      "id" : "s1-t2",
      "begin" : 42,
      "end" : 45,
      "text" : "are",
      "whiteSpace" : false
    }, {
      "id" : "s1-t3",
      "begin" : 46,
      "end" : 52,
      "text" : "either",
      "whiteSpace" : false
    }, {
      "id" : "s1-t4",
      "begin" : 53,
      "end" : 56,
      "text" : "too",
      "whiteSpace" : false
    }, {
      "id" : "s1-t5",
      "begin" : 57,
      "end" : 62,
      "text" : "plain",
      "whiteSpace" : false
    }, {
      "id" : "s1-t6",
      "begin" : 63,
      "end" : 65,
      "text" : "or",
      "whiteSpace" : false
    }, {
      "id" : "s1-t7",
      "begin" : 66,
      "end" : 69,
      "text" : "too",
      "whiteSpace" : false
    }, {
      "id" : "s1-t8",
      "begin" : 70,
      "end" : 75,
      "text" : "sweet",
      "whiteSpace" : false
    }, {
      "id" : "s1-t9",
      "begin" : 76,
      "end" : 79,
      "text" : "for",
      "whiteSpace" : false
    }, {
      "id" : "s1-t10",
      "begin" : 80,
      "end" : 82,
      "text" : "my",
      "whiteSpace" : false
    }, {
      "id" : "s1-t11",
      "begin" : 83,
      "end" : 88,
      "text" : "taste",
      "whiteSpace" : false
    }, {
      "id" : "s1-t12",
      "begin" : 88,
      "end" : 89,
      "text" : ".",
      "whiteSpace" : false
    } ]
  }, {
    "id" : "s2",
    "begin" : 91,
    "end" : 156,
    "text" : "This has the perfect blend of sweetness, tartness, and nuttiness.",
    "tokens" : [ {
      "id" : "s2-t0",
      "begin" : 91,
      "end" : 95,
      "text" : "This",
      "whiteSpace" : false
    }, {
      "id" : "s2-t1",
      "begin" : 96,
      "end" : 99,
      "text" : "has",
      "whiteSpace" : false
    }, {
      "id" : "s2-t2",
      "begin" : 100,
      "end" : 103,
      "text" : "the",
      "whiteSpace" : false
    }, {
      "id" : "s2-t3",
      "begin" : 104,
      "end" : 111,
      "text" : "perfect",
      "whiteSpace" : false
    }, {
      "id" : "s2-t4",
      "begin" : 112,
      "end" : 117,
      "text" : "blend",
      "whiteSpace" : false
    }, {
      "id" : "s2-t5",
      "begin" : 118,
      "end" : 120,
      "text" : "of",
      "whiteSpace" : false
    }, {
      "id" : "s2-t6",
      "begin" : 121,
      "end" : 130,
      "text" : "sweetness",
      "whiteSpace" : false
    }, {
      "id" : "s2-t7",
      "begin" : 130,
      "end" : 131,
      "text" : ",",
      "whiteSpace" : false
    }, {
      "id" : "s2-t8",
      "begin" : 132,
      "end" : 140,
      "text" : "tartness",
      "whiteSpace" : false
    }, {
      "id" : "s2-t9",
      "begin" : 140,
      "end" : 141,
      "text" : ",",
      "whiteSpace" : false
    }, {
      "id" : "s2-t10",
      "begin" : 142,
      "end" : 145,
      "text" : "and",
      "whiteSpace" : false
    }, {
      "id" : "s2-t11",
      "begin" : 146,
      "end" : 155,
      "text" : "nuttiness",
      "whiteSpace" : false
    }, {
      "id" : "s2-t12",
      "begin" : 155,
      "end" : 156,
      "text" : ".",
      "whiteSpace" : false
    } ]
  }, {
    "id" : "s3",
    "begin" : 158,
    "end" : 204,
    "text" : "I would highly recommend it as a snacking bar.",
    "tokens" : [ {
      "id" : "s3-t0",
      "begin" : 158,
      "end" : 159,
      "text" : "I",
      "whiteSpace" : false
    }, {
      "id" : "s3-t1",
      "begin" : 160,
      "end" : 165,
      "text" : "would",
      "whiteSpace" : false
    }, {
      "id" : "s3-t2",
      "begin" : 166,
      "end" : 172,
      "text" : "highly",
      "whiteSpace" : false
    }, {
      "id" : "s3-t3",
      "begin" : 173,
      "end" : 182,
      "text" : "recommend",
      "whiteSpace" : false
    }, {
      "id" : "s3-t4",
      "begin" : 183,
      "end" : 185,
      "text" : "it",
      "whiteSpace" : false
    }, {
      "id" : "s3-t5",
      "begin" : 186,
      "end" : 188,
      "text" : "as",
      "whiteSpace" : false
    }, {
      "id" : "s3-t6",
      "begin" : 189,
      "end" : 190,
      "text" : "a",
      "whiteSpace" : false
    }, {
      "id" : "s3-t7",
      "begin" : 191,
      "end" : 199,
      "text" : "snacking",
      "whiteSpace" : false
    }, {
      "id" : "s3-t8",
      "begin" : 200,
      "end" : 203,
      "text" : "bar",
      "whiteSpace" : false
    }, {
      "id" : "s3-t9",
      "begin" : 203,
      "end" : 204,
      "text" : ".",
      "whiteSpace" : false
    } ]
  }, {
    "id" : "s4",
    "begin" : 206,
    "end" : 243,
    "text" : "My problem is eating one at a time...",
    "tokens" : [ {
      "id" : "s4-t0",
      "begin" : 206,
      "end" : 208,
      "text" : "My",
      "whiteSpace" : false
    }, {
      "id" : "s4-t1",
      "begin" : 209,
      "end" : 216,
      "text" : "problem",
      "whiteSpace" : false
    }, {
      "id" : "s4-t2",
      "begin" : 217,
      "end" : 219,
      "text" : "is",
      "whiteSpace" : false
    }, {
      "id" : "s4-t3",
      "begin" : 220,
      "end" : 226,
      "text" : "eating",
      "whiteSpace" : false
    }, {
      "id" : "s4-t4",
      "begin" : 227,
      "end" : 230,
      "text" : "one",
      "whiteSpace" : false
    }, {
      "id" : "s4-t5",
      "begin" : 231,
      "end" : 233,
      "text" : "at",
      "whiteSpace" : false
    }, {
      "id" : "s4-t6",
      "begin" : 234,
      "end" : 235,
      "text" : "a",
      "whiteSpace" : false
    }, {
      "id" : "s4-t7",
      "begin" : 236,
      "end" : 240,
      "text" : "time",
      "whiteSpace" : false
    }, {
      "id" : "s4-t8",
      "begin" : 240,
      "end" : 243,
      "text" : "...",
      "whiteSpace" : false
    } ]
  } ],
  "mentions" : [ {
    "id" : "s0-m1",
    "properties" : {
      "SIRE_MENTION_ROLE" : "Brand",
      "SIRE_ENTITY_SUBTYPE" : "NONE",
      "SIRE_MENTION_TYPE" : "NONE",
      "SIRE_MENTION_CLASS" : "SPC"
    },
    "type" : "Brand",
    "begin" : 20,
    "end" : 24,
    "inCoref" : false
  }, {
    "id" : "s0-m2",
    "properties" : {
      "SIRE_MENTION_ROLE" : "Product",
      "SIRE_ENTITY_SUBTYPE" : "NONE",
      "SIRE_MENTION_TYPE" : "NONE",
      "SIRE_MENTION_CLASS" : "SPC"
    },
    "type" : "Product",
    "begin" : 25,
    "end" : 28,
    "inCoref" : true
  }, {
    "id" : "s2-m1",
    "properties" : {
      "SIRE_MENTION_ROLE" : "Product",
      "SIRE_ENTITY_SUBTYPE" : "NONE",
      "SIRE_MENTION_TYPE" : "NONE",
      "SIRE_MENTION_CLASS" : "SPC"
    },
    "type" : "Product",
    "begin" : 91,
    "end" : 95,
    "inCoref" : true
  }, {
    "id" : "s3-m1",
    "properties" : {
      "SIRE_MENTION_ROLE" : "Product",
      "SIRE_ENTITY_SUBTYPE" : "NONE",
      "SIRE_MENTION_TYPE" : "NONE",
      "SIRE_MENTION_CLASS" : "SPC"
    },
    "type" : "Product",
    "begin" : 183,
    "end" : 185,
    "inCoref" : true
  } ],
  "relations" : [ {
    "id" : "s0-r1",
    "properties" : { },
    "type" : "brandOf",
    "args" : [ "s0-m1", "s0-m2" ]
  } ],
  "corefs" : [ {
    "id" : "c1",
    "properties" : { },
    "mentions" : [ "s0-m2", "s2-m1", "s3-m1" ]
  } ],
  "typeResolved" : true,
  "userResolved" : false
}