{
  "id" : "bc2e7dc0-32ab-11e8-9c9d-6505f4419106-48",
  "name" : "review_0796.json",
  "createdDate" : 0,
  "version" : 3,
  "text" : "Beneful is good dry dog food as far as dry dog foods go. It's a brand that we buy whenever it happens to be on sale and our dogs don't mind it.<br /><br />Let's face reality, shall we? The LAST thing a dog would eat is 'dog food'. Dogs' favorite food is 'human food', then whatever they can catch if they happen to be outdoor dogs: bird, field mouse, rabbit (raw), the occasional raccoon. Our huskies are outdoor dogs. They do accept dog food whenever none of the above is available and they seem to be as tolerant of the Beneful as they are of most other brands. I am unaware of any dog food recipe, and we've fed them a couple dozen different ones, that they are looking forward to eating rather than eat them because they're hungry.<br /><br />There is a long list of ingredients that make up the Beneful mix and it's not unlike most other dry dog foods. It contains all kinds of veggies - huskies are quite wolf-like and I suspect veggies are a no-no for their wolf cousins - but they don't mind. I wish I could say that, thanks to the magic Beneful recipe our dogs are happy, strong and healthy. They are so but they are probably so because they live outdoors which is where wolf-like dogs love to live and possibly because their diet is varied. They eat Beneful every now and then and they're alright with it but I don't remember one instance where they asked for Beneful by name.",
  "docLength" : 0,
  "language" : "EN",
  "status" : "SUBMITTED",
  "modifiedDate" : 1522330464537,
  "documentSet" : [ ],
  "preannotation" : [ ],
  "sentences" : [ {
    "id" : "s0",
    "begin" : 0,
    "end" : 56,
    "text" : "Beneful is good dry dog food as far as dry dog foods go.",
    "tokens" : [ {
      "id" : "s0-t0",
      "begin" : 0,
      "end" : 7,
      "text" : "Beneful",
      "whiteSpace" : false
    }, {
      "id" : "s0-t1",
      "begin" : 8,
      "end" : 10,
      "text" : "is",
      "whiteSpace" : false
    }, {
      "id" : "s0-t2",
      "begin" : 11,
      "end" : 15,
      "text" : "good",
      "whiteSpace" : false
    }, {
      "id" : "s0-t3",
      "begin" : 16,
      "end" : 19,
      "text" : "dry",
      "whiteSpace" : false
    }, {
      "id" : "s0-t4",
      "begin" : 20,
      "end" : 23,
      "text" : "dog",
      "whiteSpace" : false
    }, {
      "id" : "s0-t5",
      "begin" : 24,
      "end" : 28,
      "text" : "food",
      "whiteSpace" : false
    }, {
      "id" : "s0-t6",
      "begin" : 29,
      "end" : 31,
      "text" : "as",
      "whiteSpace" : false
    }, {
      "id" : "s0-t7",
      "begin" : 32,
      "end" : 35,
      "text" : "far",
      "whiteSpace" : false
    }, {
      "id" : "s0-t8",
      "begin" : 36,
      "end" : 38,
      "text" : "as",
      "whiteSpace" : false
    }, {
      "id" : "s0-t9",
      "begin" : 39,
      "end" : 42,
      "text" : "dry",
      "whiteSpace" : false
    }, {
      "id" : "s0-t10",
      "begin" : 43,
      "end" : 46,
      "text" : "dog",
      "whiteSpace" : false
    }, {
      "id" : "s0-t11",
      "begin" : 47,
      "end" : 52,
      "text" : "foods",
      "whiteSpace" : false
    }, {
      "id" : "s0-t12",
      "begin" : 53,
      "end" : 55,
      "text" : "go",
      "whiteSpace" : false
    }, {
      "id" : "s0-t13",
      "begin" : 55,
      "end" : 56,
      "text" : ".",
      "whiteSpace" : false
    } ]
  }, {
    "id" : "s1",
    "begin" : 57,
    "end" : 143,
    "text" : "It's a brand that we buy whenever it happens to be on sale and our dogs don't mind it.",
    "tokens" : [ {
      "id" : "s1-t0",
      "begin" : 57,
      "end" : 59,
      "text" : "It",
      "whiteSpace" : false
    }, {
      "id" : "s1-t1",
      "begin" : 59,
      "end" : 61,
      "text" : "'s",
      "whiteSpace" : false
    }, {
      "id" : "s1-t2",
      "begin" : 62,
      "end" : 63,
      "text" : "a",
      "whiteSpace" : false
    }, {
      "id" : "s1-t3",
      "begin" : 64,
      "end" : 69,
      "text" : "brand",
      "whiteSpace" : false
    }, {
      "id" : "s1-t4",
      "begin" : 70,
      "end" : 74,
      "text" : "that",
      "whiteSpace" : false
    }, {
      "id" : "s1-t5",
      "begin" : 75,
      "end" : 77,
      "text" : "we",
      "whiteSpace" : false
    }, {
      "id" : "s1-t6",
      "begin" : 78,
      "end" : 81,
      "text" : "buy",
      "whiteSpace" : false
    }, {
      "id" : "s1-t7",
      "begin" : 82,
      "end" : 90,
      "text" : "whenever",
      "whiteSpace" : false
    }, {
      "id" : "s1-t8",
      "begin" : 91,
      "end" : 93,
      "text" : "it",
      "whiteSpace" : false
    }, {
      "id" : "s1-t9",
      "begin" : 94,
      "end" : 101,
      "text" : "happens",
      "whiteSpace" : false
    }, {
      "id" : "s1-t10",
      "begin" : 102,
      "end" : 104,
      "text" : "to",
      "whiteSpace" : false
    }, {
      "id" : "s1-t11",
      "begin" : 105,
      "end" : 107,
      "text" : "be",
      "whiteSpace" : false
    }, {
      "id" : "s1-t12",
      "begin" : 108,
      "end" : 110,
      "text" : "on",
      "whiteSpace" : false
    }, {
      "id" : "s1-t13",
      "begin" : 111,
      "end" : 115,
      "text" : "sale",
      "whiteSpace" : false
    }, {
      "id" : "s1-t14",
      "begin" : 116,
      "end" : 119,
      "text" : "and",
      "whiteSpace" : false
    }, {
      "id" : "s1-t15",
      "begin" : 120,
      "end" : 123,
      "text" : "our",
      "whiteSpace" : false
    }, {
      "id" : "s1-t16",
      "begin" : 124,
      "end" : 128,
      "text" : "dogs",
      "whiteSpace" : false
    }, {
      "id" : "s1-t17",
      "begin" : 129,
      "end" : 131,
      "text" : "do",
      "whiteSpace" : false
    }, {
      "id" : "s1-t18",
      "begin" : 131,
      "end" : 134,
      "text" : "n't",
      "whiteSpace" : false
    }, {
      "id" : "s1-t19",
      "begin" : 135,
      "end" : 139,
      "text" : "mind",
      "whiteSpace" : false
    }, {
      "id" : "s1-t20",
      "begin" : 140,
      "end" : 142,
      "text" : "it",
      "whiteSpace" : false
    }, {
      "id" : "s1-t21",
      "begin" : 142,
      "end" : 143,
      "text" : ".",
      "whiteSpace" : false
    } ]
  }, {
    "id" : "s2",
    "begin" : 143,
    "end" : 184,
    "text" : "<br /><br />Let's face reality, shall we?",
    "tokens" : [ {
      "id" : "s2-t0",
      "begin" : 143,
      "end" : 146,
      "text" : "<br",
      "whiteSpace" : false
    }, {
      "id" : "s2-t1",
      "begin" : 147,
      "end" : 149,
      "text" : "/>",
      "whiteSpace" : false
    }, {
      "id" : "s2-t2",
      "begin" : 149,
      "end" : 152,
      "text" : "<br",
      "whiteSpace" : false
    }, {
      "id" : "s2-t3",
      "begin" : 153,
      "end" : 155,
      "text" : "/>",
      "whiteSpace" : false
    }, {
      "id" : "s2-t4",
      "begin" : 155,
      "end" : 158,
      "text" : "Let",
      "whiteSpace" : false
    }, {
      "id" : "s2-t5",
      "begin" : 158,
      "end" : 160,
      "text" : "'s",
      "whiteSpace" : false
    }, {
      "id" : "s2-t6",
      "begin" : 161,
      "end" : 165,
      "text" : "face",
      "whiteSpace" : false
    }, {
      "id" : "s2-t7",
      "begin" : 166,
      "end" : 173,
      "text" : "reality",
      "whiteSpace" : false
    }, {
      "id" : "s2-t8",
      "begin" : 173,
      "end" : 174,
      "text" : ",",
      "whiteSpace" : false
    }, {
      "id" : "s2-t9",
      "begin" : 175,
      "end" : 180,
      "text" : "shall",
      "whiteSpace" : false
    }, {
      "id" : "s2-t10",
      "begin" : 181,
      "end" : 183,
      "text" : "we",
      "whiteSpace" : false
    }, {
      "id" : "s2-t11",
      "begin" : 183,
      "end" : 184,
      "text" : "?",
      "whiteSpace" : false
    } ]
  }, {
    "id" : "s3",
    "begin" : 185,
    "end" : 230,
    "text" : "The LAST thing a dog would eat is 'dog food'.",
    "tokens" : [ {
      "id" : "s3-t0",
      "begin" : 185,
      "end" : 188,
      "text" : "The",
      "whiteSpace" : false
    }, {
      "id" : "s3-t1",
      "begin" : 189,
      "end" : 193,
      "text" : "LAST",
      "whiteSpace" : false
    }, {
      "id" : "s3-t2",
      "begin" : 194,
      "end" : 199,
      "text" : "thing",
      "whiteSpace" : false
    }, {
      "id" : "s3-t3",
      "begin" : 200,
      "end" : 201,
      "text" : "a",
      "whiteSpace" : false
    }, {
      "id" : "s3-t4",
      "begin" : 202,
      "end" : 205,
      "text" : "dog",
      "whiteSpace" : false
    }, {
      "id" : "s3-t5",
      "begin" : 206,
      "end" : 211,
      "text" : "would",
      "whiteSpace" : false
    }, {
      "id" : "s3-t6",
      "begin" : 212,
      "end" : 215,
      "text" : "eat",
      "whiteSpace" : false
    }, {
      "id" : "s3-t7",
      "begin" : 216,
      "end" : 218,
      "text" : "is",
      "whiteSpace" : false
    }, {
      "id" : "s3-t8",
      "begin" : 219,
      "end" : 220,
      "text" : "'",
      "whiteSpace" : false
    }, {
      "id" : "s3-t9",
      "begin" : 220,
      "end" : 223,
      "text" : "dog",
      "whiteSpace" : false
    }, {
      "id" : "s3-t10",
      "begin" : 224,
      "end" : 228,
      "text" : "food",
      "whiteSpace" : false
    }, {
      "id" : "s3-t11",
      "begin" : 228,
      "end" : 229,
      "text" : "'",
      "whiteSpace" : false
    }, {
      "id" : "s3-t12",
      "begin" : 229,
      "end" : 230,
      "text" : ".",
      "whiteSpace" : false
    } ]
  }, {
    "id" : "s4",
    "begin" : 231,
    "end" : 388,
    "text" : "Dogs' favorite food is 'human food', then whatever they can catch if they happen to be outdoor dogs: bird, field mouse, rabbit (raw), the occasional raccoon.",
    "tokens" : [ {
      "id" : "s4-t0",
      "begin" : 231,
      "end" : 235,
      "text" : "Dogs",
      "whiteSpace" : false
    }, {
      "id" : "s4-t1",
      "begin" : 235,
      "end" : 236,
      "text" : "'",
      "whiteSpace" : false
    }, {
      "id" : "s4-t2",
      "begin" : 237,
      "end" : 245,
      "text" : "favorite",
      "whiteSpace" : false
    }, {
      "id" : "s4-t3",
      "begin" : 246,
      "end" : 250,
      "text" : "food",
      "whiteSpace" : false
    }, {
      "id" : "s4-t4",
      "begin" : 251,
      "end" : 253,
      "text" : "is",
      "whiteSpace" : false
    }, {
      "id" : "s4-t5",
      "begin" : 254,
      "end" : 255,
      "text" : "'",
      "whiteSpace" : false
    }, {
      "id" : "s4-t6",
      "begin" : 255,
      "end" : 260,
      "text" : "human",
      "whiteSpace" : false
    }, {
      "id" : "s4-t7",
      "begin" : 261,
      "end" : 265,
      "text" : "food",
      "whiteSpace" : false
    }, {
      "id" : "s4-t8",
      "begin" : 265,
      "end" : 266,
      "text" : "'",
      "whiteSpace" : false
    }, {
      "id" : "s4-t9",
      "begin" : 266,
      "end" : 267,
      "text" : ",",
      "whiteSpace" : false
    }, {
      "id" : "s4-t10",
      "begin" : 268,
      "end" : 272,
      "text" : "then",
      "whiteSpace" : false
    }, {
      "id" : "s4-t11",
      "begin" : 273,
      "end" : 281,
      "text" : "whatever",
      "whiteSpace" : false
    }, {
      "id" : "s4-t12",
      "begin" : 282,
      "end" : 286,
      "text" : "they",
      "whiteSpace" : false
    }, {
      "id" : "s4-t13",
      "begin" : 287,
      "end" : 290,
      "text" : "can",
      "whiteSpace" : false
    }, {
      "id" : "s4-t14",
      "begin" : 291,
      "end" : 296,
      "text" : "catch",
      "whiteSpace" : false
    }, {
      "id" : "s4-t15",
      "begin" : 297,
      "end" : 299,
      "text" : "if",
      "whiteSpace" : false
    }, {
      "id" : "s4-t16",
      "begin" : 300,
      "end" : 304,
      "text" : "they",
      "whiteSpace" : false
    }, {
      "id" : "s4-t17",
      "begin" : 305,
      "end" : 311,
      "text" : "happen",
      "whiteSpace" : false
    }, {
      "id" : "s4-t18",
      "begin" : 312,
      "end" : 314,
      "text" : "to",
      "whiteSpace" : false
    }, {
      "id" : "s4-t19",
      "begin" : 315,
      "end" : 317,
      "text" : "be",
      "whiteSpace" : false
    }, {
      "id" : "s4-t20",
      "begin" : 318,
      "end" : 325,
      "text" : "outdoor",
      "whiteSpace" : false
    }, {
      "id" : "s4-t21",
      "begin" : 326,
      "end" : 330,
      "text" : "dogs",
      "whiteSpace" : false
    }, {
      "id" : "s4-t22",
      "begin" : 330,
      "end" : 331,
      "text" : ":",
      "whiteSpace" : false
    }, {
      "id" : "s4-t23",
      "begin" : 332,
      "end" : 336,
      "text" : "bird",
      "whiteSpace" : false
    }, {
      "id" : "s4-t24",
      "begin" : 336,
      "end" : 337,
      "text" : ",",
      "whiteSpace" : false
    }, {
      "id" : "s4-t25",
      "begin" : 338,
      "end" : 343,
      "text" : "field",
      "whiteSpace" : false
    }, {
      "id" : "s4-t26",
      "begin" : 344,
      "end" : 349,
      "text" : "mouse",
      "whiteSpace" : false
    }, {
      "id" : "s4-t27",
      "begin" : 349,
      "end" : 350,
      "text" : ",",
      "whiteSpace" : false
    }, {
      "id" : "s4-t28",
      "begin" : 351,
      "end" : 357,
      "text" : "rabbit",
      "whiteSpace" : false
    }, {
      "id" : "s4-t29",
      "begin" : 358,
      "end" : 359,
      "text" : "(",
      "whiteSpace" : false
    }, {
      "id" : "s4-t30",
      "begin" : 359,
      "end" : 362,
      "text" : "raw",
      "whiteSpace" : false
    }, {
      "id" : "s4-t31",
      "begin" : 362,
      "end" : 363,
      "text" : ")",
      "whiteSpace" : false
    }, {
      "id" : "s4-t32",
      "begin" : 363,
      "end" : 364,
      "text" : ",",
      "whiteSpace" : false
    }, {
      "id" : "s4-t33",
      "begin" : 365,
      "end" : 368,
      "text" : "the",
      "whiteSpace" : false
    }, {
      "id" : "s4-t34",
      "begin" : 369,
      "end" : 379,
      "text" : "occasional",
      "whiteSpace" : false
    }, {
      "id" : "s4-t35",
      "begin" : 380,
      "end" : 387,
      "text" : "raccoon",
      "whiteSpace" : false
    }, {
      "id" : "s4-t36",
      "begin" : 387,
      "end" : 388,
      "text" : ".",
      "whiteSpace" : false
    } ]
  }, {
    "id" : "s5",
    "begin" : 389,
    "end" : 418,
    "text" : "Our huskies are outdoor dogs.",
    "tokens" : [ {
      "id" : "s5-t0",
      "begin" : 389,
      "end" : 392,
      "text" : "Our",
      "whiteSpace" : false
    }, {
      "id" : "s5-t1",
      "begin" : 393,
      "end" : 400,
      "text" : "huskies",
      "whiteSpace" : false
    }, {
      "id" : "s5-t2",
      "begin" : 401,
      "end" : 404,
      "text" : "are",
      "whiteSpace" : false
    }, {
      "id" : "s5-t3",
      "begin" : 405,
      "end" : 412,
      "text" : "outdoor",
      "whiteSpace" : false
    }, {
      "id" : "s5-t4",
      "begin" : 413,
      "end" : 417,
      "text" : "dogs",
      "whiteSpace" : false
    }, {
      "id" : "s5-t5",
      "begin" : 417,
      "end" : 418,
      "text" : ".",
      "whiteSpace" : false
    } ]
  }, {
    "id" : "s6",
    "begin" : 419,
    "end" : 563,
    "text" : "They do accept dog food whenever none of the above is available and they seem to be as tolerant of the Beneful as they are of most other brands.",
    "tokens" : [ {
      "id" : "s6-t0",
      "begin" : 419,
      "end" : 423,
      "text" : "They",
      "whiteSpace" : false
    }, {
      "id" : "s6-t1",
      "begin" : 424,
      "end" : 426,
      "text" : "do",
      "whiteSpace" : false
    }, {
      "id" : "s6-t2",
      "begin" : 427,
      "end" : 433,
      "text" : "accept",
      "whiteSpace" : false
    }, {
      "id" : "s6-t3",
      "begin" : 434,
      "end" : 437,
      "text" : "dog",
      "whiteSpace" : false
    }, {
      "id" : "s6-t4",
      "begin" : 438,
      "end" : 442,
      "text" : "food",
      "whiteSpace" : false
    }, {
      "id" : "s6-t5",
      "begin" : 443,
      "end" : 451,
      "text" : "whenever",
      "whiteSpace" : false
    }, {
      "id" : "s6-t6",
      "begin" : 452,
      "end" : 456,
      "text" : "none",
      "whiteSpace" : false
    }, {
      "id" : "s6-t7",
      "begin" : 457,
      "end" : 459,
      "text" : "of",
      "whiteSpace" : false
    }, {
      "id" : "s6-t8",
      "begin" : 460,
      "end" : 463,
      "text" : "the",
      "whiteSpace" : false
    }, {
      "id" : "s6-t9",
      "begin" : 464,
      "end" : 469,
      "text" : "above",
      "whiteSpace" : false
    }, {
      "id" : "s6-t10",
      "begin" : 470,
      "end" : 472,
      "text" : "is",
      "whiteSpace" : false
    }, {
      "id" : "s6-t11",
      "begin" : 473,
      "end" : 482,
      "text" : "available",
      "whiteSpace" : false
    }, {
      "id" : "s6-t12",
      "begin" : 483,
      "end" : 486,
      "text" : "and",
      "whiteSpace" : false
    }, {
      "id" : "s6-t13",
      "begin" : 487,
      "end" : 491,
      "text" : "they",
      "whiteSpace" : false
    }, {
      "id" : "s6-t14",
      "begin" : 492,
      "end" : 496,
      "text" : "seem",
      "whiteSpace" : false
    }, {
      "id" : "s6-t15",
      "begin" : 497,
      "end" : 499,
      "text" : "to",
      "whiteSpace" : false
    }, {
      "id" : "s6-t16",
      "begin" : 500,
      "end" : 502,
      "text" : "be",
      "whiteSpace" : false
    }, {
      "id" : "s6-t17",
      "begin" : 503,
      "end" : 505,
      "text" : "as",
      "whiteSpace" : false
    }, {
      "id" : "s6-t18",
      "begin" : 506,
      "end" : 514,
      "text" : "tolerant",
      "whiteSpace" : false
    }, {
      "id" : "s6-t19",
      "begin" : 515,
      "end" : 517,
      "text" : "of",
      "whiteSpace" : false
    }, {
      "id" : "s6-t20",
      "begin" : 518,
      "end" : 521,
      "text" : "the",
      "whiteSpace" : false
    }, {
      "id" : "s6-t21",
      "begin" : 522,
      "end" : 529,
      "text" : "Beneful",
      "whiteSpace" : false
    }, {
      "id" : "s6-t22",
      "begin" : 530,
      "end" : 532,
      "text" : "as",
      "whiteSpace" : false
    }, {
      "id" : "s6-t23",
      "begin" : 533,
      "end" : 537,
      "text" : "they",
      "whiteSpace" : false
    }, {
      "id" : "s6-t24",
      "begin" : 538,
      "end" : 541,
      "text" : "are",
      "whiteSpace" : false
    }, {
      "id" : "s6-t25",
      "begin" : 542,
      "end" : 544,
      "text" : "of",
      "whiteSpace" : false
    }, {
      "id" : "s6-t26",
      "begin" : 545,
      "end" : 549,
      "text" : "most",
      "whiteSpace" : false
    }, {
      "id" : "s6-t27",
      "begin" : 550,
      "end" : 555,
      "text" : "other",
      "whiteSpace" : false
    }, {
      "id" : "s6-t28",
      "begin" : 556,
      "end" : 562,
      "text" : "brands",
      "whiteSpace" : false
    }, {
      "id" : "s6-t29",
      "begin" : 562,
      "end" : 563,
      "text" : ".",
      "whiteSpace" : false
    } ]
  }, {
    "id" : "s7",
    "begin" : 564,
    "end" : 735,
    "text" : "I am unaware of any dog food recipe, and we've fed them a couple dozen different ones, that they are looking forward to eating rather than eat them because they're hungry.",
    "tokens" : [ {
      "id" : "s7-t0",
      "begin" : 564,
      "end" : 565,
      "text" : "I",
      "whiteSpace" : false
    }, {
      "id" : "s7-t1",
      "begin" : 566,
      "end" : 568,
      "text" : "am",
      "whiteSpace" : false
    }, {
      "id" : "s7-t2",
      "begin" : 569,
      "end" : 576,
      "text" : "unaware",
      "whiteSpace" : false
    }, {
      "id" : "s7-t3",
      "begin" : 577,
      "end" : 579,
      "text" : "of",
      "whiteSpace" : false
    }, {
      "id" : "s7-t4",
      "begin" : 580,
      "end" : 583,
      "text" : "any",
      "whiteSpace" : false
    }, {
      "id" : "s7-t5",
      "begin" : 584,
      "end" : 587,
      "text" : "dog",
      "whiteSpace" : false
    }, {
      "id" : "s7-t6",
      "begin" : 588,
      "end" : 592,
      "text" : "food",
      "whiteSpace" : false
    }, {
      "id" : "s7-t7",
      "begin" : 593,
      "end" : 599,
      "text" : "recipe",
      "whiteSpace" : false
    }, {
      "id" : "s7-t8",
      "begin" : 599,
      "end" : 600,
      "text" : ",",
      "whiteSpace" : false
    }, {
      "id" : "s7-t9",
      "begin" : 601,
      "end" : 604,
      "text" : "and",
      "whiteSpace" : false
    }, {
      "id" : "s7-t10",
      "begin" : 605,
      "end" : 607,
      "text" : "we",
      "whiteSpace" : false
    }, {
      "id" : "s7-t11",
      "begin" : 607,
      "end" : 610,
      "text" : "'ve",
      "whiteSpace" : false
    }, {
      "id" : "s7-t12",
      "begin" : 611,
      "end" : 614,
      "text" : "fed",
      "whiteSpace" : false
    }, {
      "id" : "s7-t13",
      "begin" : 615,
      "end" : 619,
      "text" : "them",
      "whiteSpace" : false
    }, {
      "id" : "s7-t14",
      "begin" : 620,
      "end" : 621,
      "text" : "a",
      "whiteSpace" : false
    }, {
      "id" : "s7-t15",
      "begin" : 622,
      "end" : 628,
      "text" : "couple",
      "whiteSpace" : false
    }, {
      "id" : "s7-t16",
      "begin" : 629,
      "end" : 634,
      "text" : "dozen",
      "whiteSpace" : false
    }, {
      "id" : "s7-t17",
      "begin" : 635,
      "end" : 644,
      "text" : "different",
      "whiteSpace" : false
    }, {
      "id" : "s7-t18",
      "begin" : 645,
      "end" : 649,
      "text" : "ones",
      "whiteSpace" : false
    }, {
      "id" : "s7-t19",
      "begin" : 649,
      "end" : 650,
      "text" : ",",
      "whiteSpace" : false
    }, {
      "id" : "s7-t20",
      "begin" : 651,
      "end" : 655,
      "text" : "that",
      "whiteSpace" : false
    }, {
      "id" : "s7-t21",
      "begin" : 656,
      "end" : 660,
      "text" : "they",
      "whiteSpace" : false
    }, {
      "id" : "s7-t22",
      "begin" : 661,
      "end" : 664,
      "text" : "are",
      "whiteSpace" : false
    }, {
      "id" : "s7-t23",
      "begin" : 665,
      "end" : 672,
      "text" : "looking",
      "whiteSpace" : false
    }, {
      "id" : "s7-t24",
      "begin" : 673,
      "end" : 680,
      "text" : "forward",
      "whiteSpace" : false
    }, {
      "id" : "s7-t25",
      "begin" : 681,
      "end" : 683,
      "text" : "to",
      "whiteSpace" : false
    }, {
      "id" : "s7-t26",
      "begin" : 684,
      "end" : 690,
      "text" : "eating",
      "whiteSpace" : false
    }, {
      "id" : "s7-t27",
      "begin" : 691,
      "end" : 697,
      "text" : "rather",
      "whiteSpace" : false
    }, {
      "id" : "s7-t28",
      "begin" : 698,
      "end" : 702,
      "text" : "than",
      "whiteSpace" : false
    }, {
      "id" : "s7-t29",
      "begin" : 703,
      "end" : 706,
      "text" : "eat",
      "whiteSpace" : false
    }, {
      "id" : "s7-t30",
      "begin" : 707,
      "end" : 711,
      "text" : "them",
      "whiteSpace" : false
    }, {
      "id" : "s7-t31",
      "begin" : 712,
      "end" : 719,
      "text" : "because",
      "whiteSpace" : false
    }, {
      "id" : "s7-t32",
      "begin" : 720,
      "end" : 724,
      "text" : "they",
      "whiteSpace" : false
    }, {
      "id" : "s7-t33",
      "begin" : 724,
      "end" : 727,
      "text" : "'re",
      "whiteSpace" : false
    }, {
      "id" : "s7-t34",
      "begin" : 728,
      "end" : 734,
      "text" : "hungry",
      "whiteSpace" : false
    }, {
      "id" : "s7-t35",
      "begin" : 734,
      "end" : 735,
      "text" : ".",
      "whiteSpace" : false
    } ]
  }, {
    "id" : "s8",
    "begin" : 735,
    "end" : 857,
    "text" : "<br /><br />There is a long list of ingredients that make up the Beneful mix and it's not unlike most other dry dog foods.",
    "tokens" : [ {
      "id" : "s8-t0",
      "begin" : 735,
      "end" : 738,
      "text" : "<br",
      "whiteSpace" : false
    }, {
      "id" : "s8-t1",
      "begin" : 739,
      "end" : 741,
      "text" : "/>",
      "whiteSpace" : false
    }, {
      "id" : "s8-t2",
      "begin" : 741,
      "end" : 744,
      "text" : "<br",
      "whiteSpace" : false
    }, {
      "id" : "s8-t3",
      "begin" : 745,
      "end" : 747,
      "text" : "/>",
      "whiteSpace" : false
    }, {
      "id" : "s8-t4",
      "begin" : 747,
      "end" : 752,
      "text" : "There",
      "whiteSpace" : false
    }, {
      "id" : "s8-t5",
      "begin" : 753,
      "end" : 755,
      "text" : "is",
      "whiteSpace" : false
    }, {
      "id" : "s8-t6",
      "begin" : 756,
      "end" : 757,
      "text" : "a",
      "whiteSpace" : false
    }, {
      "id" : "s8-t7",
      "begin" : 758,
      "end" : 762,
      "text" : "long",
      "whiteSpace" : false
    }, {
      "id" : "s8-t8",
      "begin" : 763,
      "end" : 767,
      "text" : "list",
      "whiteSpace" : false
    }, {
      "id" : "s8-t9",
      "begin" : 768,
      "end" : 770,
      "text" : "of",
      "whiteSpace" : false
    }, {
      "id" : "s8-t10",
      "begin" : 771,
      "end" : 782,
      "text" : "ingredients",
      "whiteSpace" : false
    }, {
      "id" : "s8-t11",
      "begin" : 783,
      "end" : 787,
      "text" : "that",
      "whiteSpace" : false
    }, {
      "id" : "s8-t12",
      "begin" : 788,
      "end" : 792,
      "text" : "make",
      "whiteSpace" : false
    }, {
      "id" : "s8-t13",
      "begin" : 793,
      "end" : 795,
      "text" : "up",
      "whiteSpace" : false
    }, {
      "id" : "s8-t14",
      "begin" : 796,
      "end" : 799,
      "text" : "the",
      "whiteSpace" : false
    }, {
      "id" : "s8-t15",
      "begin" : 800,
      "end" : 807,
      "text" : "Beneful",
      "whiteSpace" : false
    }, {
      "id" : "s8-t16",
      "begin" : 808,
      "end" : 811,
      "text" : "mix",
      "whiteSpace" : false
    }, {
      "id" : "s8-t17",
      "begin" : 812,
      "end" : 815,
      "text" : "and",
      "whiteSpace" : false
    }, {
      "id" : "s8-t18",
      "begin" : 816,
      "end" : 818,
      "text" : "it",
      "whiteSpace" : false
    }, {
      "id" : "s8-t19",
      "begin" : 818,
      "end" : 820,
      "text" : "'s",
      "whiteSpace" : false
    }, {
      "id" : "s8-t20",
      "begin" : 821,
      "end" : 824,
      "text" : "not",
      "whiteSpace" : false
    }, {
      "id" : "s8-t21",
      "begin" : 825,
      "end" : 831,
      "text" : "unlike",
      "whiteSpace" : false
    }, {
      "id" : "s8-t22",
      "begin" : 832,
      "end" : 836,
      "text" : "most",
      "whiteSpace" : false
    }, {
      "id" : "s8-t23",
      "begin" : 837,
      "end" : 842,
      "text" : "other",
      "whiteSpace" : false
    }, {
      "id" : "s8-t24",
      "begin" : 843,
      "end" : 846,
      "text" : "dry",
      "whiteSpace" : false
    }, {
      "id" : "s8-t25",
      "begin" : 847,
      "end" : 850,
      "text" : "dog",
      "whiteSpace" : false
    }, {
      "id" : "s8-t26",
      "begin" : 851,
      "end" : 856,
      "text" : "foods",
      "whiteSpace" : false
    }, {
      "id" : "s8-t27",
      "begin" : 856,
      "end" : 857,
      "text" : ".",
      "whiteSpace" : false
    } ]
  }, {
    "id" : "s9",
    "begin" : 858,
    "end" : 1000,
    "text" : "It contains all kinds of veggies - huskies are quite wolf-like and I suspect veggies are a no-no for their wolf cousins - but they don't mind.",
    "tokens" : [ {
      "id" : "s9-t0",
      "begin" : 858,
      "end" : 860,
      "text" : "It",
      "whiteSpace" : false
    }, {
      "id" : "s9-t1",
      "begin" : 861,
      "end" : 869,
      "text" : "contains",
      "whiteSpace" : false
    }, {
      "id" : "s9-t2",
      "begin" : 870,
      "end" : 873,
      "text" : "all",
      "whiteSpace" : false
    }, {
      "id" : "s9-t3",
      "begin" : 874,
      "end" : 879,
      "text" : "kinds",
      "whiteSpace" : false
    }, {
      "id" : "s9-t4",
      "begin" : 880,
      "end" : 882,
      "text" : "of",
      "whiteSpace" : false
    }, {
      "id" : "s9-t5",
      "begin" : 883,
      "end" : 890,
      "text" : "veggies",
      "whiteSpace" : false
    }, {
      "id" : "s9-t6",
      "begin" : 891,
      "end" : 892,
      "text" : "-",
      "whiteSpace" : false
    }, {
      "id" : "s9-t7",
      "begin" : 893,
      "end" : 900,
      "text" : "huskies",
      "whiteSpace" : false
    }, {
      "id" : "s9-t8",
      "begin" : 901,
      "end" : 904,
      "text" : "are",
      "whiteSpace" : false
    }, {
      "id" : "s9-t9",
      "begin" : 905,
      "end" : 910,
      "text" : "quite",
      "whiteSpace" : false
    }, {
      "id" : "s9-t10",
      "begin" : 911,
      "end" : 920,
      "text" : "wolf-like",
      "whiteSpace" : false
    }, {
      "id" : "s9-t11",
      "begin" : 921,
      "end" : 924,
      "text" : "and",
      "whiteSpace" : false
    }, {
      "id" : "s9-t12",
      "begin" : 925,
      "end" : 926,
      "text" : "I",
      "whiteSpace" : false
    }, {
      "id" : "s9-t13",
      "begin" : 927,
      "end" : 934,
      "text" : "suspect",
      "whiteSpace" : false
    }, {
      "id" : "s9-t14",
      "begin" : 935,
      "end" : 942,
      "text" : "veggies",
      "whiteSpace" : false
    }, {
      "id" : "s9-t15",
      "begin" : 943,
      "end" : 946,
      "text" : "are",
      "whiteSpace" : false
    }, {
      "id" : "s9-t16",
      "begin" : 947,
      "end" : 948,
      "text" : "a",
      "whiteSpace" : false
    }, {
      "id" : "s9-t17",
      "begin" : 949,
      "end" : 954,
      "text" : "no-no",
      "whiteSpace" : false
    }, {
      "id" : "s9-t18",
      "begin" : 955,
      "end" : 958,
      "text" : "for",
      "whiteSpace" : false
    }, {
      "id" : "s9-t19",
      "begin" : 959,
      "end" : 964,
      "text" : "their",
      "whiteSpace" : false
    }, {
      "id" : "s9-t20",
      "begin" : 965,
      "end" : 969,
      "text" : "wolf",
      "whiteSpace" : false
    }, {
      "id" : "s9-t21",
      "begin" : 970,
      "end" : 977,
      "text" : "cousins",
      "whiteSpace" : false
    }, {
      "id" : "s9-t22",
      "begin" : 978,
      "end" : 979,
      "text" : "-",
      "whiteSpace" : false
    }, {
      "id" : "s9-t23",
      "begin" : 980,
      "end" : 983,
      "text" : "but",
      "whiteSpace" : false
    }, {
      "id" : "s9-t24",
      "begin" : 984,
      "end" : 988,
      "text" : "they",
      "whiteSpace" : false
    }, {
      "id" : "s9-t25",
      "begin" : 989,
      "end" : 991,
      "text" : "do",
      "whiteSpace" : false
    }, {
      "id" : "s9-t26",
      "begin" : 991,
      "end" : 994,
      "text" : "n't",
      "whiteSpace" : false
    }, {
      "id" : "s9-t27",
      "begin" : 995,
      "end" : 999,
      "text" : "mind",
      "whiteSpace" : false
    }, {
      "id" : "s9-t28",
      "begin" : 999,
      "end" : 1000,
      "text" : ".",
      "whiteSpace" : false
    } ]
  }, {
    "id" : "s10",
    "begin" : 1001,
    "end" : 1100,
    "text" : "I wish I could say that, thanks to the magic Beneful recipe our dogs are happy, strong and healthy.",
    "tokens" : [ {
      "id" : "s10-t0",
      "begin" : 1001,
      "end" : 1002,
      "text" : "I",
      "whiteSpace" : false
    }, {
      "id" : "s10-t1",
      "begin" : 1003,
      "end" : 1007,
      "text" : "wish",
      "whiteSpace" : false
    }, {
      "id" : "s10-t2",
      "begin" : 1008,
      "end" : 1009,
      "text" : "I",
      "whiteSpace" : false
    }, {
      "id" : "s10-t3",
      "begin" : 1010,
      "end" : 1015,
      "text" : "could",
      "whiteSpace" : false
    }, {
      "id" : "s10-t4",
      "begin" : 1016,
      "end" : 1019,
      "text" : "say",
      "whiteSpace" : false
    }, {
      "id" : "s10-t5",
      "begin" : 1020,
      "end" : 1024,
      "text" : "that",
      "whiteSpace" : false
    }, {
      "id" : "s10-t6",
      "begin" : 1024,
      "end" : 1025,
      "text" : ",",
      "whiteSpace" : false
    }, {
      "id" : "s10-t7",
      "begin" : 1026,
      "end" : 1032,
      "text" : "thanks",
      "whiteSpace" : false
    }, {
      "id" : "s10-t8",
      "begin" : 1033,
      "end" : 1035,
      "text" : "to",
      "whiteSpace" : false
    }, {
      "id" : "s10-t9",
      "begin" : 1036,
      "end" : 1039,
      "text" : "the",
      "whiteSpace" : false
    }, {
      "id" : "s10-t10",
      "begin" : 1040,
      "end" : 1045,
      "text" : "magic",
      "whiteSpace" : false
    }, {
      "id" : "s10-t11",
      "begin" : 1046,
      "end" : 1053,
      "text" : "Beneful",
      "whiteSpace" : false
    }, {
      "id" : "s10-t12",
      "begin" : 1054,
      "end" : 1060,
      "text" : "recipe",
      "whiteSpace" : false
    }, {
      "id" : "s10-t13",
      "begin" : 1061,
      "end" : 1064,
      "text" : "our",
      "whiteSpace" : false
    }, {
      "id" : "s10-t14",
      "begin" : 1065,
      "end" : 1069,
      "text" : "dogs",
      "whiteSpace" : false
    }, {
      "id" : "s10-t15",
      "begin" : 1070,
      "end" : 1073,
      "text" : "are",
      "whiteSpace" : false
    }, {
      "id" : "s10-t16",
      "begin" : 1074,
      "end" : 1079,
      "text" : "happy",
      "whiteSpace" : false
    }, {
      "id" : "s10-t17",
      "begin" : 1079,
      "end" : 1080,
      "text" : ",",
      "whiteSpace" : false
    }, {
      "id" : "s10-t18",
      "begin" : 1081,
      "end" : 1087,
      "text" : "strong",
      "whiteSpace" : false
    }, {
      "id" : "s10-t19",
      "begin" : 1088,
      "end" : 1091,
      "text" : "and",
      "whiteSpace" : false
    }, {
      "id" : "s10-t20",
      "begin" : 1092,
      "end" : 1099,
      "text" : "healthy",
      "whiteSpace" : false
    }, {
      "id" : "s10-t21",
      "begin" : 1099,
      "end" : 1100,
      "text" : ".",
      "whiteSpace" : false
    } ]
  }, {
    "id" : "s11",
    "begin" : 1101,
    "end" : 1250,
    "text" : "They are so but they are probably so because they live outdoors which is where wolf-like dogs love to live and possibly because their diet is varied.",
    "tokens" : [ {
      "id" : "s11-t0",
      "begin" : 1101,
      "end" : 1105,
      "text" : "They",
      "whiteSpace" : false
    }, {
      "id" : "s11-t1",
      "begin" : 1106,
      "end" : 1109,
      "text" : "are",
      "whiteSpace" : false
    }, {
      "id" : "s11-t2",
      "begin" : 1110,
      "end" : 1112,
      "text" : "so",
      "whiteSpace" : false
    }, {
      "id" : "s11-t3",
      "begin" : 1113,
      "end" : 1116,
      "text" : "but",
      "whiteSpace" : false
    }, {
      "id" : "s11-t4",
      "begin" : 1117,
      "end" : 1121,
      "text" : "they",
      "whiteSpace" : false
    }, {
      "id" : "s11-t5",
      "begin" : 1122,
      "end" : 1125,
      "text" : "are",
      "whiteSpace" : false
    }, {
      "id" : "s11-t6",
      "begin" : 1126,
      "end" : 1134,
      "text" : "probably",
      "whiteSpace" : false
    }, {
      "id" : "s11-t7",
      "begin" : 1135,
      "end" : 1137,
      "text" : "so",
      "whiteSpace" : false
    }, {
      "id" : "s11-t8",
      "begin" : 1138,
      "end" : 1145,
      "text" : "because",
      "whiteSpace" : false
    }, {
      "id" : "s11-t9",
      "begin" : 1146,
      "end" : 1150,
      "text" : "they",
      "whiteSpace" : false
    }, {
      "id" : "s11-t10",
      "begin" : 1151,
      "end" : 1155,
      "text" : "live",
      "whiteSpace" : false
    }, {
      "id" : "s11-t11",
      "begin" : 1156,
      "end" : 1164,
      "text" : "outdoors",
      "whiteSpace" : false
    }, {
      "id" : "s11-t12",
      "begin" : 1165,
      "end" : 1170,
      "text" : "which",
      "whiteSpace" : false
    }, {
      "id" : "s11-t13",
      "begin" : 1171,
      "end" : 1173,
      "text" : "is",
      "whiteSpace" : false
    }, {
      "id" : "s11-t14",
      "begin" : 1174,
      "end" : 1179,
      "text" : "where",
      "whiteSpace" : false
    }, {
      "id" : "s11-t15",
      "begin" : 1180,
      "end" : 1189,
      "text" : "wolf-like",
      "whiteSpace" : false
    }, {
      "id" : "s11-t16",
      "begin" : 1190,
      "end" : 1194,
      "text" : "dogs",
      "whiteSpace" : false
    }, {
      "id" : "s11-t17",
      "begin" : 1195,
      "end" : 1199,
      "text" : "love",
      "whiteSpace" : false
    }, {
      "id" : "s11-t18",
      "begin" : 1200,
      "end" : 1202,
      "text" : "to",
      "whiteSpace" : false
    }, {
      "id" : "s11-t19",
      "begin" : 1203,
      "end" : 1207,
      "text" : "live",
      "whiteSpace" : false
    }, {
      "id" : "s11-t20",
      "begin" : 1208,
      "end" : 1211,
      "text" : "and",
      "whiteSpace" : false
    }, {
      "id" : "s11-t21",
      "begin" : 1212,
      "end" : 1220,
      "text" : "possibly",
      "whiteSpace" : false
    }, {
      "id" : "s11-t22",
      "begin" : 1221,
      "end" : 1228,
      "text" : "because",
      "whiteSpace" : false
    }, {
      "id" : "s11-t23",
      "begin" : 1229,
      "end" : 1234,
      "text" : "their",
      "whiteSpace" : false
    }, {
      "id" : "s11-t24",
      "begin" : 1235,
      "end" : 1239,
      "text" : "diet",
      "whiteSpace" : false
    }, {
      "id" : "s11-t25",
      "begin" : 1240,
      "end" : 1242,
      "text" : "is",
      "whiteSpace" : false
    }, {
      "id" : "s11-t26",
      "begin" : 1243,
      "end" : 1249,
      "text" : "varied",
      "whiteSpace" : false
    }, {
      "id" : "s11-t27",
      "begin" : 1249,
      "end" : 1250,
      "text" : ".",
      "whiteSpace" : false
    } ]
  }, {
    "id" : "s12",
    "begin" : 1251,
    "end" : 1386,
    "text" : "They eat Beneful every now and then and they're alright with it but I don't remember one instance where they asked for Beneful by name.",
    "tokens" : [ {
      "id" : "s12-t0",
      "begin" : 1251,
      "end" : 1255,
      "text" : "They",
      "whiteSpace" : false
    }, {
      "id" : "s12-t1",
      "begin" : 1256,
      "end" : 1259,
      "text" : "eat",
      "whiteSpace" : false
    }, {
      "id" : "s12-t2",
      "begin" : 1260,
      "end" : 1267,
      "text" : "Beneful",
      "whiteSpace" : false
    }, {
      "id" : "s12-t3",
      "begin" : 1268,
      "end" : 1273,
      "text" : "every",
      "whiteSpace" : false
    }, {
      "id" : "s12-t4",
      "begin" : 1274,
      "end" : 1277,
      "text" : "now",
      "whiteSpace" : false
    }, {
      "id" : "s12-t5",
      "begin" : 1278,
      "end" : 1281,
      "text" : "and",
      "whiteSpace" : false
    }, {
      "id" : "s12-t6",
      "begin" : 1282,
      "end" : 1286,
      "text" : "then",
      "whiteSpace" : false
    }, {
      "id" : "s12-t7",
      "begin" : 1287,
      "end" : 1290,
      "text" : "and",
      "whiteSpace" : false
    }, {
      "id" : "s12-t8",
      "begin" : 1291,
      "end" : 1295,
      "text" : "they",
      "whiteSpace" : false
    }, {
      "id" : "s12-t9",
      "begin" : 1295,
      "end" : 1298,
      "text" : "'re",
      "whiteSpace" : false
    }, {
      "id" : "s12-t10",
      "begin" : 1299,
      "end" : 1306,
      "text" : "alright",
      "whiteSpace" : false
    }, {
      "id" : "s12-t11",
      "begin" : 1307,
      "end" : 1311,
      "text" : "with",
      "whiteSpace" : false
    }, {
      "id" : "s12-t12",
      "begin" : 1312,
      "end" : 1314,
      "text" : "it",
      "whiteSpace" : false
    }, {
      "id" : "s12-t13",
      "begin" : 1315,
      "end" : 1318,
      "text" : "but",
      "whiteSpace" : false
    }, {
      "id" : "s12-t14",
      "begin" : 1319,
      "end" : 1320,
      "text" : "I",
      "whiteSpace" : false
    }, {
      "id" : "s12-t15",
      "begin" : 1321,
      "end" : 1323,
      "text" : "do",
      "whiteSpace" : false
    }, {
      "id" : "s12-t16",
      "begin" : 1323,
      "end" : 1326,
      "text" : "n't",
      "whiteSpace" : false
    }, {
      "id" : "s12-t17",
      "begin" : 1327,
      "end" : 1335,
      "text" : "remember",
      "whiteSpace" : false
    }, {
      "id" : "s12-t18",
      "begin" : 1336,
      "end" : 1339,
      "text" : "one",
      "whiteSpace" : false
    }, {
      "id" : "s12-t19",
      "begin" : 1340,
      "end" : 1348,
      "text" : "instance",
      "whiteSpace" : false
    }, {
      "id" : "s12-t20",
      "begin" : 1349,
      "end" : 1354,
      "text" : "where",
      "whiteSpace" : false
    }, {
      "id" : "s12-t21",
      "begin" : 1355,
      "end" : 1359,
      "text" : "they",
      "whiteSpace" : false
    }, {
      "id" : "s12-t22",
      "begin" : 1360,
      "end" : 1365,
      "text" : "asked",
      "whiteSpace" : false
    }, {
      "id" : "s12-t23",
      "begin" : 1366,
      "end" : 1369,
      "text" : "for",
      "whiteSpace" : false
    }, {
      "id" : "s12-t24",
      "begin" : 1370,
      "end" : 1377,
      "text" : "Beneful",
      "whiteSpace" : false
    }, {
      "id" : "s12-t25",
      "begin" : 1378,
      "end" : 1380,
      "text" : "by",
      "whiteSpace" : false
    }, {
      "id" : "s12-t26",
      "begin" : 1381,
      "end" : 1385,
      "text" : "name",
      "whiteSpace" : false
    }, {
      "id" : "s12-t27",
      "begin" : 1385,
      "end" : 1386,
      "text" : ".",
      "whiteSpace" : false
    } ]
  } ],
  "mentions" : [ {
    "id" : "s0-m1",
    "properties" : {
      "SIRE_MENTION_ROLE" : "Brand",
      "SIRE_ENTITY_SUBTYPE" : "NONE",
      "SIRE_MENTION_TYPE" : "NONE",
      "SIRE_MENTION_CLASS" : "SPC"
    },
    "type" : "Brand",
    "begin" : 0,
    "end" : 7,
    "inCoref" : true
  }, {
    "id" : "s0-m2",
    "properties" : {
      "SIRE_MENTION_ROLE" : "Product",
      "SIRE_ENTITY_SUBTYPE" : "NONE",
      "SIRE_MENTION_TYPE" : "NONE",
      "SIRE_MENTION_CLASS" : "SPC"
    },
    "type" : "Product",
    "begin" : 20,
    "end" : 28,
    "inCoref" : false
  }, {
    "id" : "s0-m4",
    "properties" : {
      "SIRE_MENTION_ROLE" : "Attribute",
      "SIRE_ENTITY_SUBTYPE" : "NONE",
      "SIRE_MENTION_TYPE" : "NONE",
      "SIRE_MENTION_CLASS" : "SPC"
    },
    "type" : "Attribute",
    "begin" : 39,
    "end" : 42,
    "inCoref" : false
  }, {
    "id" : "s0-m3",
    "properties" : {
      "SIRE_MENTION_ROLE" : "Product",
      "SIRE_ENTITY_SUBTYPE" : "NONE",
      "SIRE_MENTION_TYPE" : "NONE",
      "SIRE_MENTION_CLASS" : "SPC"
    },
    "type" : "Product",
    "begin" : 43,
    "end" : 52,
    "inCoref" : false
  }, {
    "id" : "s1-m2",
    "properties" : {
      "SIRE_MENTION_ROLE" : "Brand",
      "SIRE_ENTITY_SUBTYPE" : "NONE",
      "SIRE_MENTION_TYPE" : "NONE",
      "SIRE_MENTION_CLASS" : "SPC"
    },
    "type" : "Brand",
    "begin" : 57,
    "end" : 59,
    "inCoref" : true
  }, {
    "id" : "s1-m1",
    "properties" : {
      "SIRE_MENTION_ROLE" : "Brand",
      "SIRE_ENTITY_SUBTYPE" : "NONE",
      "SIRE_MENTION_TYPE" : "NONE",
      "SIRE_MENTION_CLASS" : "SPC"
    },
    "type" : "Brand",
    "begin" : 140,
    "end" : 142,
    "inCoref" : true
  }, {
    "id" : "s3-m1",
    "properties" : {
      "SIRE_MENTION_ROLE" : "Product",
      "SIRE_ENTITY_SUBTYPE" : "NONE",
      "SIRE_MENTION_TYPE" : "NONE",
      "SIRE_MENTION_CLASS" : "SPC"
    },
    "type" : "Product",
    "begin" : 220,
    "end" : 228,
    "inCoref" : true
  }, {
    "id" : "s6-m1",
    "properties" : {
      "SIRE_MENTION_ROLE" : "Product",
      "SIRE_ENTITY_SUBTYPE" : "NONE",
      "SIRE_MENTION_TYPE" : "NONE",
      "SIRE_MENTION_CLASS" : "SPC"
    },
    "type" : "Product",
    "begin" : 434,
    "end" : 442,
    "inCoref" : true
  }, {
    "id" : "s6-m2",
    "properties" : {
      "SIRE_MENTION_ROLE" : "Brand",
      "SIRE_ENTITY_SUBTYPE" : "NONE",
      "SIRE_MENTION_TYPE" : "NONE",
      "SIRE_MENTION_CLASS" : "SPC"
    },
    "type" : "Brand",
    "begin" : 522,
    "end" : 529,
    "inCoref" : true
  }, {
    "id" : "s7-m1",
    "properties" : {
      "SIRE_MENTION_ROLE" : "Product",
      "SIRE_ENTITY_SUBTYPE" : "NONE",
      "SIRE_MENTION_TYPE" : "NONE",
      "SIRE_MENTION_CLASS" : "SPC"
    },
    "type" : "Product",
    "begin" : 584,
    "end" : 592,
    "inCoref" : true
  }, {
    "id" : "s8-m1",
    "properties" : {
      "SIRE_MENTION_ROLE" : "Brand",
      "SIRE_ENTITY_SUBTYPE" : "NONE",
      "SIRE_MENTION_TYPE" : "NONE",
      "SIRE_MENTION_CLASS" : "SPC"
    },
    "type" : "Brand",
    "begin" : 800,
    "end" : 807,
    "inCoref" : true
  }, {
    "id" : "s8-m3",
    "properties" : {
      "SIRE_MENTION_ROLE" : "Attribute",
      "SIRE_ENTITY_SUBTYPE" : "NONE",
      "SIRE_MENTION_TYPE" : "NONE",
      "SIRE_MENTION_CLASS" : "SPC"
    },
    "type" : "Attribute",
    "begin" : 843,
    "end" : 846,
    "inCoref" : false
  }, {
    "id" : "s8-m2",
    "properties" : {
      "SIRE_MENTION_ROLE" : "Product",
      "SIRE_ENTITY_SUBTYPE" : "NONE",
      "SIRE_MENTION_TYPE" : "NONE",
      "SIRE_MENTION_CLASS" : "SPC"
    },
    "type" : "Product",
    "begin" : 847,
    "end" : 856,
    "inCoref" : true
  }, {
    "id" : "s9-m1",
    "properties" : {
      "SIRE_MENTION_ROLE" : "Product",
      "SIRE_ENTITY_SUBTYPE" : "NONE",
      "SIRE_MENTION_TYPE" : "NONE",
      "SIRE_MENTION_CLASS" : "SPC"
    },
    "type" : "Product",
    "begin" : 858,
    "end" : 860,
    "inCoref" : false
  }, {
    "id" : "s10-m1",
    "properties" : {
      "SIRE_MENTION_ROLE" : "Brand",
      "SIRE_ENTITY_SUBTYPE" : "NONE",
      "SIRE_MENTION_TYPE" : "NONE",
      "SIRE_MENTION_CLASS" : "SPC"
    },
    "type" : "Brand",
    "begin" : 1046,
    "end" : 1053,
    "inCoref" : true
  }, {
    "id" : "s12-m2",
    "properties" : {
      "SIRE_MENTION_ROLE" : "Product",
      "SIRE_ENTITY_SUBTYPE" : "NONE",
      "SIRE_MENTION_TYPE" : "NONE",
      "SIRE_MENTION_CLASS" : "SPC"
    },
    "type" : "Brand",
    "begin" : 1260,
    "end" : 1267,
    "inCoref" : true
  }, {
    "id" : "s12-m3",
    "properties" : {
      "SIRE_MENTION_ROLE" : "Brand",
      "SIRE_ENTITY_SUBTYPE" : "NONE",
      "SIRE_MENTION_TYPE" : "NONE",
      "SIRE_MENTION_CLASS" : "SPC"
    },
    "type" : "Brand",
    "begin" : 1312,
    "end" : 1314,
    "inCoref" : true
  }, {
    "id" : "s12-m1",
    "properties" : {
      "SIRE_MENTION_ROLE" : "Product",
      "SIRE_ENTITY_SUBTYPE" : "NONE",
      "SIRE_MENTION_TYPE" : "NONE",
      "SIRE_MENTION_CLASS" : "SPC"
    },
    "type" : "Brand",
    "begin" : 1370,
    "end" : 1377,
    "inCoref" : true
  } ],
  "relations" : [ {
    "id" : "s0-r1",
    "properties" : { },
    "type" : "propertyOf",
    "args" : [ "s0-m4", "s0-m3" ]
  }, {
    "id" : "s0-r2",
    "properties" : { },
    "type" : "brandOf",
    "args" : [ "s0-m1", "s0-m2" ]
  }, {
    "id" : "s8-r1",
    "properties" : { },
    "type" : "propertyOf",
    "args" : [ "s8-m3", "s8-m2" ]
  } ],
  "corefs" : [ {
    "id" : "c1",
    "properties" : { },
    "mentions" : [ "s0-m1", "s1-m2", "s1-m1", "s6-m2", "s8-m1", "s10-m1", "s12-m2", "s12-m1", "s12-m3" ]
  }, {
    "id" : "c2",
    "properties" : { },
    "mentions" : [ "s3-m1", "s6-m1", "s7-m1", "s8-m2" ]
  } ],
  "typeResolved" : true,
  "userResolved" : false
}