{
  "id" : "bc2e7dc0-32ab-11e8-9c9d-6505f4419106-30",
  "name" : "review_0493.json",
  "createdDate" : 0,
  "version" : 3,
  "text" : "Subtle vanilla flavor if you don't like your coffee too heavily flavored. My husband, who usually doesn't care for \"regular\" Starbucks (unlike me) did like this coffee. I actually switched his out (Duncan Donuts) and he noticed it was different but said he really enjoyed it. As for me, I really prefer this to the VIA style with the sugar added, this is much more robust and stands well in an expresso. Nice product, I may give it as a gift for my coffee buddies!",
  "docLength" : 0,
  "language" : "EN",
  "status" : "SUBMITTED",
  "modifiedDate" : 1522257381281,
  "documentSet" : [ ],
  "preannotation" : [ ],
  "sentences" : [ {
    "id" : "s0",
    "begin" : 0,
    "end" : 73,
    "text" : "Subtle vanilla flavor if you don't like your coffee too heavily flavored.",
    "tokens" : [ {
      "id" : "s0-t0",
      "begin" : 0,
      "end" : 6,
      "text" : "Subtle",
      "whiteSpace" : false
    }, {
      "id" : "s0-t1",
      "begin" : 7,
      "end" : 14,
      "text" : "vanilla",
      "whiteSpace" : false
    }, {
      "id" : "s0-t2",
      "begin" : 15,
      "end" : 21,
      "text" : "flavor",
      "whiteSpace" : false
    }, {
      "id" : "s0-t3",
      "begin" : 22,
      "end" : 24,
      "text" : "if",
      "whiteSpace" : false
    }, {
      "id" : "s0-t4",
      "begin" : 25,
      "end" : 28,
      "text" : "you",
      "whiteSpace" : false
    }, {
      "id" : "s0-t5",
      "begin" : 29,
      "end" : 31,
      "text" : "do",
      "whiteSpace" : false
    }, {
      "id" : "s0-t6",
      "begin" : 31,
      "end" : 34,
      "text" : "n't",
      "whiteSpace" : false
    }, {
      "id" : "s0-t7",
      "begin" : 35,
      "end" : 39,
      "text" : "like",
      "whiteSpace" : false
    }, {
      "id" : "s0-t8",
      "begin" : 40,
      "end" : 44,
      "text" : "your",
      "whiteSpace" : false
    }, {
      "id" : "s0-t9",
      "begin" : 45,
      "end" : 51,
      "text" : "coffee",
      "whiteSpace" : false
    }, {
      "id" : "s0-t10",
      "begin" : 52,
      "end" : 55,
      "text" : "too",
      "whiteSpace" : false
    }, {
      "id" : "s0-t11",
      "begin" : 56,
      "end" : 63,
      "text" : "heavily",
      "whiteSpace" : false
    }, {
      "id" : "s0-t12",
      "begin" : 64,
      "end" : 72,
      "text" : "flavored",
      "whiteSpace" : false
    }, {
      "id" : "s0-t13",
      "begin" : 72,
      "end" : 73,
      "text" : ".",
      "whiteSpace" : false
    } ]
  }, {
    "id" : "s1",
    "begin" : 74,
    "end" : 168,
    "text" : "My husband, who usually doesn't care for \"regular\" Starbucks (unlike me) did like this coffee.",
    "tokens" : [ {
      "id" : "s1-t0",
      "begin" : 74,
      "end" : 76,
      "text" : "My",
      "whiteSpace" : false
    }, {
      "id" : "s1-t1",
      "begin" : 77,
      "end" : 84,
      "text" : "husband",
      "whiteSpace" : false
    }, {
      "id" : "s1-t2",
      "begin" : 84,
      "end" : 85,
      "text" : ",",
      "whiteSpace" : false
    }, {
      "id" : "s1-t3",
      "begin" : 86,
      "end" : 89,
      "text" : "who",
      "whiteSpace" : false
    }, {
      "id" : "s1-t4",
      "begin" : 90,
      "end" : 97,
      "text" : "usually",
      "whiteSpace" : false
    }, {
      "id" : "s1-t5",
      "begin" : 98,
      "end" : 102,
      "text" : "does",
      "whiteSpace" : false
    }, {
      "id" : "s1-t6",
      "begin" : 102,
      "end" : 105,
      "text" : "n't",
      "whiteSpace" : false
    }, {
      "id" : "s1-t7",
      "begin" : 106,
      "end" : 110,
      "text" : "care",
      "whiteSpace" : false
    }, {
      "id" : "s1-t8",
      "begin" : 111,
      "end" : 114,
      "text" : "for",
      "whiteSpace" : false
    }, {
      "id" : "s1-t9",
      "begin" : 115,
      "end" : 116,
      "text" : "\"",
      "whiteSpace" : false
    }, {
      "id" : "s1-t10",
      "begin" : 116,
      "end" : 123,
      "text" : "regular",
      "whiteSpace" : false
    }, {
      "id" : "s1-t11",
      "begin" : 123,
      "end" : 124,
      "text" : "\"",
      "whiteSpace" : false
    }, {
      "id" : "s1-t12",
      "begin" : 125,
      "end" : 134,
      "text" : "Starbucks",
      "whiteSpace" : false
    }, {
      "id" : "s1-t13",
      "begin" : 135,
      "end" : 136,
      "text" : "(",
      "whiteSpace" : false
    }, {
      "id" : "s1-t14",
      "begin" : 136,
      "end" : 142,
      "text" : "unlike",
      "whiteSpace" : false
    }, {
      "id" : "s1-t15",
      "begin" : 143,
      "end" : 145,
      "text" : "me",
      "whiteSpace" : false
    }, {
      "id" : "s1-t16",
      "begin" : 145,
      "end" : 146,
      "text" : ")",
      "whiteSpace" : false
    }, {
      "id" : "s1-t17",
      "begin" : 147,
      "end" : 150,
      "text" : "did",
      "whiteSpace" : false
    }, {
      "id" : "s1-t18",
      "begin" : 151,
      "end" : 155,
      "text" : "like",
      "whiteSpace" : false
    }, {
      "id" : "s1-t19",
      "begin" : 156,
      "end" : 160,
      "text" : "this",
      "whiteSpace" : false
    }, {
      "id" : "s1-t20",
      "begin" : 161,
      "end" : 167,
      "text" : "coffee",
      "whiteSpace" : false
    }, {
      "id" : "s1-t21",
      "begin" : 167,
      "end" : 168,
      "text" : ".",
      "whiteSpace" : false
    } ]
  }, {
    "id" : "s2",
    "begin" : 169,
    "end" : 275,
    "text" : "I actually switched his out (Duncan Donuts) and he noticed it was different but said he really enjoyed it.",
    "tokens" : [ {
      "id" : "s2-t0",
      "begin" : 169,
      "end" : 170,
      "text" : "I",
      "whiteSpace" : false
    }, {
      "id" : "s2-t1",
      "begin" : 171,
      "end" : 179,
      "text" : "actually",
      "whiteSpace" : false
    }, {
      "id" : "s2-t2",
      "begin" : 180,
      "end" : 188,
      "text" : "switched",
      "whiteSpace" : false
    }, {
      "id" : "s2-t3",
      "begin" : 189,
      "end" : 192,
      "text" : "his",
      "whiteSpace" : false
    }, {
      "id" : "s2-t4",
      "begin" : 193,
      "end" : 196,
      "text" : "out",
      "whiteSpace" : false
    }, {
      "id" : "s2-t5",
      "begin" : 197,
      "end" : 198,
      "text" : "(",
      "whiteSpace" : false
    }, {
      "id" : "s2-t6",
      "begin" : 198,
      "end" : 204,
      "text" : "Duncan",
      "whiteSpace" : false
    }, {
      "id" : "s2-t7",
      "begin" : 205,
      "end" : 211,
      "text" : "Donuts",
      "whiteSpace" : false
    }, {
      "id" : "s2-t8",
      "begin" : 211,
      "end" : 212,
      "text" : ")",
      "whiteSpace" : false
    }, {
      "id" : "s2-t9",
      "begin" : 213,
      "end" : 216,
      "text" : "and",
      "whiteSpace" : false
    }, {
      "id" : "s2-t10",
      "begin" : 217,
      "end" : 219,
      "text" : "he",
      "whiteSpace" : false
    }, {
      "id" : "s2-t11",
      "begin" : 220,
      "end" : 227,
      "text" : "noticed",
      "whiteSpace" : false
    }, {
      "id" : "s2-t12",
      "begin" : 228,
      "end" : 230,
      "text" : "it",
      "whiteSpace" : false
    }, {
      "id" : "s2-t13",
      "begin" : 231,
      "end" : 234,
      "text" : "was",
      "whiteSpace" : false
    }, {
      "id" : "s2-t14",
      "begin" : 235,
      "end" : 244,
      "text" : "different",
      "whiteSpace" : false
    }, {
      "id" : "s2-t15",
      "begin" : 245,
      "end" : 248,
      "text" : "but",
      "whiteSpace" : false
    }, {
      "id" : "s2-t16",
      "begin" : 249,
      "end" : 253,
      "text" : "said",
      "whiteSpace" : false
    }, {
      "id" : "s2-t17",
      "begin" : 254,
      "end" : 256,
      "text" : "he",
      "whiteSpace" : false
    }, {
      "id" : "s2-t18",
      "begin" : 257,
      "end" : 263,
      "text" : "really",
      "whiteSpace" : false
    }, {
      "id" : "s2-t19",
      "begin" : 264,
      "end" : 271,
      "text" : "enjoyed",
      "whiteSpace" : false
    }, {
      "id" : "s2-t20",
      "begin" : 272,
      "end" : 274,
      "text" : "it",
      "whiteSpace" : false
    }, {
      "id" : "s2-t21",
      "begin" : 274,
      "end" : 275,
      "text" : ".",
      "whiteSpace" : false
    } ]
  }, {
    "id" : "s3",
    "begin" : 276,
    "end" : 403,
    "text" : "As for me, I really prefer this to the VIA style with the sugar added, this is much more robust and stands well in an expresso.",
    "tokens" : [ {
      "id" : "s3-t0",
      "begin" : 276,
      "end" : 278,
      "text" : "As",
      "whiteSpace" : false
    }, {
      "id" : "s3-t1",
      "begin" : 279,
      "end" : 282,
      "text" : "for",
      "whiteSpace" : false
    }, {
      "id" : "s3-t2",
      "begin" : 283,
      "end" : 285,
      "text" : "me",
      "whiteSpace" : false
    }, {
      "id" : "s3-t3",
      "begin" : 285,
      "end" : 286,
      "text" : ",",
      "whiteSpace" : false
    }, {
      "id" : "s3-t4",
      "begin" : 287,
      "end" : 288,
      "text" : "I",
      "whiteSpace" : false
    }, {
      "id" : "s3-t5",
      "begin" : 289,
      "end" : 295,
      "text" : "really",
      "whiteSpace" : false
    }, {
      "id" : "s3-t6",
      "begin" : 296,
      "end" : 302,
      "text" : "prefer",
      "whiteSpace" : false
    }, {
      "id" : "s3-t7",
      "begin" : 303,
      "end" : 307,
      "text" : "this",
      "whiteSpace" : false
    }, {
      "id" : "s3-t8",
      "begin" : 308,
      "end" : 310,
      "text" : "to",
      "whiteSpace" : false
    }, {
      "id" : "s3-t9",
      "begin" : 311,
      "end" : 314,
      "text" : "the",
      "whiteSpace" : false
    }, {
      "id" : "s3-t10",
      "begin" : 315,
      "end" : 318,
      "text" : "VIA",
      "whiteSpace" : false
    }, {
      "id" : "s3-t11",
      "begin" : 319,
      "end" : 324,
      "text" : "style",
      "whiteSpace" : false
    }, {
      "id" : "s3-t12",
      "begin" : 325,
      "end" : 329,
      "text" : "with",
      "whiteSpace" : false
    }, {
      "id" : "s3-t13",
      "begin" : 330,
      "end" : 333,
      "text" : "the",
      "whiteSpace" : false
    }, {
      "id" : "s3-t14",
      "begin" : 334,
      "end" : 339,
      "text" : "sugar",
      "whiteSpace" : false
    }, {
      "id" : "s3-t15",
      "begin" : 340,
      "end" : 345,
      "text" : "added",
      "whiteSpace" : false
    }, {
      "id" : "s3-t16",
      "begin" : 345,
      "end" : 346,
      "text" : ",",
      "whiteSpace" : false
    }, {
      "id" : "s3-t17",
      "begin" : 347,
      "end" : 351,
      "text" : "this",
      "whiteSpace" : false
    }, {
      "id" : "s3-t18",
      "begin" : 352,
      "end" : 354,
      "text" : "is",
      "whiteSpace" : false
    }, {
      "id" : "s3-t19",
      "begin" : 355,
      "end" : 359,
      "text" : "much",
      "whiteSpace" : false
    }, {
      "id" : "s3-t20",
      "begin" : 360,
      "end" : 364,
      "text" : "more",
      "whiteSpace" : false
    }, {
      "id" : "s3-t21",
      "begin" : 365,
      "end" : 371,
      "text" : "robust",
      "whiteSpace" : false
    }, {
      "id" : "s3-t22",
      "begin" : 372,
      "end" : 375,
      "text" : "and",
      "whiteSpace" : false
    }, {
      "id" : "s3-t23",
      "begin" : 376,
      "end" : 382,
      "text" : "stands",
      "whiteSpace" : false
    }, {
      "id" : "s3-t24",
      "begin" : 383,
      "end" : 387,
      "text" : "well",
      "whiteSpace" : false
    }, {
      "id" : "s3-t25",
      "begin" : 388,
      "end" : 390,
      "text" : "in",
      "whiteSpace" : false
    }, {
      "id" : "s3-t26",
      "begin" : 391,
      "end" : 393,
      "text" : "an",
      "whiteSpace" : false
    }, {
      "id" : "s3-t27",
      "begin" : 394,
      "end" : 402,
      "text" : "expresso",
      "whiteSpace" : false
    }, {
      "id" : "s3-t28",
      "begin" : 402,
      "end" : 403,
      "text" : ".",
      "whiteSpace" : false
    } ]
  }, {
    "id" : "s4",
    "begin" : 404,
    "end" : 464,
    "text" : "Nice product, I may give it as a gift for my coffee buddies!",
    "tokens" : [ {
      "id" : "s4-t0",
      "begin" : 404,
      "end" : 408,
      "text" : "Nice",
      "whiteSpace" : false
    }, {
      "id" : "s4-t1",
      "begin" : 409,
      "end" : 416,
      "text" : "product",
      "whiteSpace" : false
    }, {
      "id" : "s4-t2",
      "begin" : 416,
      "end" : 417,
      "text" : ",",
      "whiteSpace" : false
    }, {
      "id" : "s4-t3",
      "begin" : 418,
      "end" : 419,
      "text" : "I",
      "whiteSpace" : false
    }, {
      "id" : "s4-t4",
      "begin" : 420,
      "end" : 423,
      "text" : "may",
      "whiteSpace" : false
    }, {
      "id" : "s4-t5",
      "begin" : 424,
      "end" : 428,
      "text" : "give",
      "whiteSpace" : false
    }, {
      "id" : "s4-t6",
      "begin" : 429,
      "end" : 431,
      "text" : "it",
      "whiteSpace" : false
    }, {
      "id" : "s4-t7",
      "begin" : 432,
      "end" : 434,
      "text" : "as",
      "whiteSpace" : false
    }, {
      "id" : "s4-t8",
      "begin" : 435,
      "end" : 436,
      "text" : "a",
      "whiteSpace" : false
    }, {
      "id" : "s4-t9",
      "begin" : 437,
      "end" : 441,
      "text" : "gift",
      "whiteSpace" : false
    }, {
      "id" : "s4-t10",
      "begin" : 442,
      "end" : 445,
      "text" : "for",
      "whiteSpace" : false
    }, {
      "id" : "s4-t11",
      "begin" : 446,
      "end" : 448,
      "text" : "my",
      "whiteSpace" : false
    }, {
      "id" : "s4-t12",
      "begin" : 449,
      "end" : 455,
      "text" : "coffee",
      "whiteSpace" : false
    }, {
      "id" : "s4-t13",
      "begin" : 456,
      "end" : 463,
      "text" : "buddies",
      "whiteSpace" : false
    }, {
      "id" : "s4-t14",
      "begin" : 463,
      "end" : 464,
      "text" : "!",
      "whiteSpace" : false
    } ]
  } ],
  "mentions" : [ {
    "id" : "m9",
    "properties" : {
      "SIRE_MENTION_ROLE" : "Product",
      "SIRE_ENTITY_SUBTYPE" : "NONE",
      "SIRE_MENTION_TYPE" : "NONE",
      "SIRE_MENTION_CLASS" : "SPC"
    },
    "type" : "Product",
    "begin" : 45,
    "end" : 51,
    "inCoref" : true
  }, {
    "id" : "m14",
    "originUser" : "anamani_think@yahoo.com",
    "properties" : {
      "SIRE_MENTION_ROLE" : "Attribute",
      "SIRE_ENTITY_SUBTYPE" : "NONE",
      "SIRE_MENTION_TYPE" : "NONE",
      "SIRE_MENTION_CLASS" : "SPC"
    },
    "type" : "Attribute",
    "begin" : 64,
    "end" : 72,
    "inCoref" : false
  }, {
    "id" : "m15",
    "properties" : {
      "SIRE_MENTION_ROLE" : "Attribute",
      "SIRE_ENTITY_SUBTYPE" : "NONE",
      "SIRE_MENTION_TYPE" : "NONE",
      "SIRE_MENTION_CLASS" : "SPC"
    },
    "type" : "Attribute",
    "begin" : 116,
    "end" : 123,
    "inCoref" : false
  }, {
    "id" : "m17",
    "originUser" : "anamani_think@yahoo.com",
    "properties" : {
      "SIRE_MENTION_ROLE" : "Product",
      "SIRE_ENTITY_SUBTYPE" : "NONE",
      "SIRE_MENTION_TYPE" : "NONE",
      "SIRE_MENTION_CLASS" : "SPC"
    },
    "type" : "Brand",
    "begin" : 125,
    "end" : 134,
    "inCoref" : false
  }, {
    "id" : "m18",
    "properties" : {
      "SIRE_MENTION_ROLE" : "Product",
      "SIRE_ENTITY_SUBTYPE" : "NONE",
      "SIRE_MENTION_TYPE" : "NONE",
      "SIRE_MENTION_CLASS" : "SPC"
    },
    "type" : "Product",
    "begin" : 161,
    "end" : 167,
    "inCoref" : true
  }, {
    "id" : "m19",
    "originUser" : "anamani_think@yahoo.com",
    "properties" : {
      "SIRE_MENTION_ROLE" : "Brand",
      "SIRE_ENTITY_SUBTYPE" : "NONE",
      "SIRE_MENTION_TYPE" : "NONE",
      "SIRE_MENTION_CLASS" : "SPC"
    },
    "type" : "Brand",
    "begin" : 198,
    "end" : 211,
    "inCoref" : false
  }, {
    "id" : "m20",
    "properties" : {
      "SIRE_MENTION_ROLE" : "Product",
      "SIRE_ENTITY_SUBTYPE" : "NONE",
      "SIRE_MENTION_TYPE" : "NONE",
      "SIRE_MENTION_CLASS" : "SPC"
    },
    "type" : "Product",
    "begin" : 228,
    "end" : 230,
    "inCoref" : true
  }, {
    "id" : "m21",
    "properties" : {
      "SIRE_MENTION_ROLE" : "Product",
      "SIRE_ENTITY_SUBTYPE" : "NONE",
      "SIRE_MENTION_TYPE" : "NONE",
      "SIRE_MENTION_CLASS" : "SPC"
    },
    "type" : "Product",
    "begin" : 272,
    "end" : 274,
    "inCoref" : true
  }, {
    "id" : "m28",
    "properties" : {
      "SIRE_MENTION_ROLE" : "Product",
      "SIRE_ENTITY_SUBTYPE" : "NONE",
      "SIRE_MENTION_TYPE" : "NONE",
      "SIRE_MENTION_CLASS" : "SPC"
    },
    "type" : "Product",
    "begin" : 303,
    "end" : 307,
    "inCoref" : true
  }, {
    "id" : "m29",
    "properties" : {
      "SIRE_MENTION_ROLE" : "Attribute",
      "SIRE_ENTITY_SUBTYPE" : "NONE",
      "SIRE_MENTION_TYPE" : "NONE",
      "SIRE_MENTION_CLASS" : "SPC"
    },
    "type" : "Attribute",
    "begin" : 315,
    "end" : 324,
    "inCoref" : false
  }, {
    "id" : "m30",
    "originUser" : "anamani_think@yahoo.com",
    "properties" : {
      "SIRE_MENTION_ROLE" : "Product",
      "SIRE_ENTITY_SUBTYPE" : "NONE",
      "SIRE_MENTION_TYPE" : "NONE",
      "SIRE_MENTION_CLASS" : "SPC"
    },
    "type" : "Product",
    "begin" : 347,
    "end" : 351,
    "inCoref" : true
  }, {
    "id" : "m24",
    "properties" : {
      "SIRE_MENTION_ROLE" : "Product",
      "SIRE_ENTITY_SUBTYPE" : "NONE",
      "SIRE_MENTION_TYPE" : "NONE",
      "SIRE_MENTION_CLASS" : "SPC"
    },
    "type" : "Product",
    "begin" : 409,
    "end" : 416,
    "inCoref" : true
  }, {
    "id" : "m25",
    "properties" : {
      "SIRE_MENTION_ROLE" : "Product",
      "SIRE_ENTITY_SUBTYPE" : "NONE",
      "SIRE_MENTION_TYPE" : "NONE",
      "SIRE_MENTION_CLASS" : "SPC"
    },
    "type" : "Product",
    "begin" : 429,
    "end" : 431,
    "inCoref" : true
  }, {
    "id" : "m31",
    "properties" : {
      "SIRE_MENTION_ROLE" : "Product",
      "SIRE_ENTITY_SUBTYPE" : "NONE",
      "SIRE_MENTION_TYPE" : "NONE",
      "SIRE_MENTION_CLASS" : "SPC"
    },
    "type" : "Product",
    "begin" : 449,
    "end" : 455,
    "inCoref" : true
  } ],
  "relations" : [ {
    "id" : "s0-r1",
    "properties" : { },
    "type" : "propertyOf",
    "args" : [ "m14", "m9" ]
  }, {
    "id" : "s1-r2",
    "properties" : { },
    "type" : "propertyOf",
    "args" : [ "m15", "m17" ]
  } ],
  "corefs" : [ {
    "id" : "c1",
    "originUser" : "anamani_think@yahoo.com",
    "properties" : { },
    "mentions" : [ "m18", "m20", "m21", "m25", "m24", "m28", "m30" ]
  }, {
    "id" : "c2",
    "properties" : { },
    "mentions" : [ "m9", "m31" ]
  } ],
  "typeResolved" : true,
  "userResolved" : false
}