{
  "id" : "bc2e7dc0-32ab-11e8-9c9d-6505f4419106-40",
  "name" : "review_0668.json",
  "createdDate" : 0,
  "version" : 3,
  "text" : "I love Nutiva Organic Coconut Oil! I use it to make my popcorn. I use 3 tblsp. of oil and 1/2 cup of popcorn. Pop those together for a healthier choice snack! LOVE it!!",
  "docLength" : 0,
  "language" : "EN",
  "status" : "SUBMITTED",
  "modifiedDate" : 1522296615991,
  "documentSet" : [ ],
  "preannotation" : [ ],
  "sentences" : [ {
    "id" : "s0",
    "begin" : 0,
    "end" : 34,
    "text" : "I love Nutiva Organic Coconut Oil!",
    "tokens" : [ {
      "id" : "s0-t0",
      "begin" : 0,
      "end" : 1,
      "text" : "I",
      "whiteSpace" : false
    }, {
      "id" : "s0-t1",
      "begin" : 2,
      "end" : 6,
      "text" : "love",
      "whiteSpace" : false
    }, {
      "id" : "s0-t2",
      "begin" : 7,
      "end" : 13,
      "text" : "Nutiva",
      "whiteSpace" : false
    }, {
      "id" : "s0-t3",
      "begin" : 14,
      "end" : 21,
      "text" : "Organic",
      "whiteSpace" : false
    }, {
      "id" : "s0-t4",
      "begin" : 22,
      "end" : 29,
      "text" : "Coconut",
      "whiteSpace" : false
    }, {
      "id" : "s0-t5",
      "begin" : 30,
      "end" : 33,
      "text" : "Oil",
      "whiteSpace" : false
    }, {
      "id" : "s0-t6",
      "begin" : 33,
      "end" : 34,
      "text" : "!",
      "whiteSpace" : false
    } ]
  }, {
    "id" : "s1",
    "begin" : 35,
    "end" : 63,
    "text" : "I use it to make my popcorn.",
    "tokens" : [ {
      "id" : "s1-t0",
      "begin" : 35,
      "end" : 36,
      "text" : "I",
      "whiteSpace" : false
    }, {
      "id" : "s1-t1",
      "begin" : 37,
      "end" : 40,
      "text" : "use",
      "whiteSpace" : false
    }, {
      "id" : "s1-t2",
      "begin" : 41,
      "end" : 43,
      "text" : "it",
      "whiteSpace" : false
    }, {
      "id" : "s1-t3",
      "begin" : 44,
      "end" : 46,
      "text" : "to",
      "whiteSpace" : false
    }, {
      "id" : "s1-t4",
      "begin" : 47,
      "end" : 51,
      "text" : "make",
      "whiteSpace" : false
    }, {
      "id" : "s1-t5",
      "begin" : 52,
      "end" : 54,
      "text" : "my",
      "whiteSpace" : false
    }, {
      "id" : "s1-t6",
      "begin" : 55,
      "end" : 62,
      "text" : "popcorn",
      "whiteSpace" : false
    }, {
      "id" : "s1-t7",
      "begin" : 62,
      "end" : 63,
      "text" : ".",
      "whiteSpace" : false
    } ]
  }, {
    "id" : "s2",
    "begin" : 64,
    "end" : 78,
    "text" : "I use 3 tblsp.",
    "tokens" : [ {
      "id" : "s2-t0",
      "begin" : 64,
      "end" : 65,
      "text" : "I",
      "whiteSpace" : false
    }, {
      "id" : "s2-t1",
      "begin" : 66,
      "end" : 69,
      "text" : "use",
      "whiteSpace" : false
    }, {
      "id" : "s2-t2",
      "begin" : 70,
      "end" : 71,
      "text" : "3",
      "whiteSpace" : false
    }, {
      "id" : "s2-t3",
      "begin" : 72,
      "end" : 77,
      "text" : "tblsp",
      "whiteSpace" : false
    }, {
      "id" : "s2-t4",
      "begin" : 77,
      "end" : 78,
      "text" : ".",
      "whiteSpace" : false
    } ]
  }, {
    "id" : "s3",
    "begin" : 79,
    "end" : 109,
    "text" : "of oil and 1/2 cup of popcorn.",
    "tokens" : [ {
      "id" : "s3-t0",
      "begin" : 79,
      "end" : 81,
      "text" : "of",
      "whiteSpace" : false
    }, {
      "id" : "s3-t1",
      "begin" : 82,
      "end" : 85,
      "text" : "oil",
      "whiteSpace" : false
    }, {
      "id" : "s3-t2",
      "begin" : 86,
      "end" : 89,
      "text" : "and",
      "whiteSpace" : false
    }, {
      "id" : "s3-t3",
      "begin" : 90,
      "end" : 93,
      "text" : "1/2",
      "whiteSpace" : false
    }, {
      "id" : "s3-t4",
      "begin" : 94,
      "end" : 97,
      "text" : "cup",
      "whiteSpace" : false
    }, {
      "id" : "s3-t5",
      "begin" : 98,
      "end" : 100,
      "text" : "of",
      "whiteSpace" : false
    }, {
      "id" : "s3-t6",
      "begin" : 101,
      "end" : 108,
      "text" : "popcorn",
      "whiteSpace" : false
    }, {
      "id" : "s3-t7",
      "begin" : 108,
      "end" : 109,
      "text" : ".",
      "whiteSpace" : false
    } ]
  }, {
    "id" : "s4",
    "begin" : 110,
    "end" : 158,
    "text" : "Pop those together for a healthier choice snack!",
    "tokens" : [ {
      "id" : "s4-t0",
      "begin" : 110,
      "end" : 113,
      "text" : "Pop",
      "whiteSpace" : false
    }, {
      "id" : "s4-t1",
      "begin" : 114,
      "end" : 119,
      "text" : "those",
      "whiteSpace" : false
    }, {
      "id" : "s4-t2",
      "begin" : 120,
      "end" : 128,
      "text" : "together",
      "whiteSpace" : false
    }, {
      "id" : "s4-t3",
      "begin" : 129,
      "end" : 132,
      "text" : "for",
      "whiteSpace" : false
    }, {
      "id" : "s4-t4",
      "begin" : 133,
      "end" : 134,
      "text" : "a",
      "whiteSpace" : false
    }, {
      "id" : "s4-t5",
      "begin" : 135,
      "end" : 144,
      "text" : "healthier",
      "whiteSpace" : false
    }, {
      "id" : "s4-t6",
      "begin" : 145,
      "end" : 151,
      "text" : "choice",
      "whiteSpace" : false
    }, {
      "id" : "s4-t7",
      "begin" : 152,
      "end" : 157,
      "text" : "snack",
      "whiteSpace" : false
    }, {
      "id" : "s4-t8",
      "begin" : 157,
      "end" : 158,
      "text" : "!",
      "whiteSpace" : false
    } ]
  }, {
    "id" : "s5",
    "begin" : 159,
    "end" : 168,
    "text" : "LOVE it!!",
    "tokens" : [ {
      "id" : "s5-t0",
      "begin" : 159,
      "end" : 163,
      "text" : "LOVE",
      "whiteSpace" : false
    }, {
      "id" : "s5-t1",
      "begin" : 164,
      "end" : 166,
      "text" : "it",
      "whiteSpace" : false
    }, {
      "id" : "s5-t2",
      "begin" : 166,
      "end" : 167,
      "text" : "!",
      "whiteSpace" : false
    }, {
      "id" : "s5-t3",
      "begin" : 167,
      "end" : 168,
      "text" : "!",
      "whiteSpace" : false
    } ]
  } ],
  "mentions" : [ {
    "id" : "s0-m2",
    "properties" : {
      "SIRE_MENTION_ROLE" : "Brand",
      "SIRE_ENTITY_SUBTYPE" : "NONE",
      "SIRE_MENTION_TYPE" : "NONE",
      "SIRE_MENTION_CLASS" : "SPC"
    },
    "type" : "Brand",
    "begin" : 7,
    "end" : 13,
    "inCoref" : false
  }, {
    "id" : "s0-m3",
    "properties" : {
      "SIRE_MENTION_ROLE" : "Attribute",
      "SIRE_ENTITY_SUBTYPE" : "NONE",
      "SIRE_MENTION_TYPE" : "NONE",
      "SIRE_MENTION_CLASS" : "SPC"
    },
    "type" : "Attribute",
    "begin" : 14,
    "end" : 21,
    "inCoref" : false
  }, {
    "id" : "s0-m1",
    "properties" : {
      "SIRE_MENTION_ROLE" : "Product",
      "SIRE_ENTITY_SUBTYPE" : "NONE",
      "SIRE_MENTION_TYPE" : "NONE",
      "SIRE_MENTION_CLASS" : "SPC"
    },
    "type" : "Product",
    "begin" : 22,
    "end" : 33,
    "inCoref" : true
  }, {
    "id" : "s3-m1",
    "properties" : {
      "SIRE_MENTION_ROLE" : "Product",
      "SIRE_ENTITY_SUBTYPE" : "NONE",
      "SIRE_MENTION_TYPE" : "NONE",
      "SIRE_MENTION_CLASS" : "SPC"
    },
    "type" : "Product",
    "begin" : 82,
    "end" : 85,
    "inCoref" : true
  } ],
  "relations" : [ {
    "id" : "s0-r1",
    "properties" : { },
    "type" : "propertyOf",
    "args" : [ "s0-m3", "s0-m1" ]
  }, {
    "id" : "s0-r2",
    "properties" : { },
    "type" : "brandOf",
    "args" : [ "s0-m2", "s0-m1" ]
  } ],
  "corefs" : [ {
    "id" : "c1",
    "properties" : { },
    "mentions" : [ "s0-m1", "s3-m1" ]
  } ],
  "typeResolved" : true,
  "userResolved" : false
}