{
  "id" : "bc2e7dc0-32ab-11e8-9c9d-6505f4419106-107",
  "name" : "review_1748.json",
  "createdDate" : 0,
  "version" : 3,
  "text" : "I love this coffee. It is wonderful, smoothe and just tastes great! I first tried it locally and loved it. Then, my store no longer planned to carry it so I bought all they had. When I found it on Amazon it was delightful. This is my coffee treat and the rest of the time it is hazelnut coffee, not capuccino.",
  "docLength" : 0,
  "language" : "EN",
  "status" : "SUBMITTED",
  "modifiedDate" : 1522304037749,
  "documentSet" : [ ],
  "preannotation" : [ ],
  "sentences" : [ {
    "id" : "s0",
    "begin" : 0,
    "end" : 19,
    "text" : "I love this coffee.",
    "tokens" : [ {
      "id" : "s0-t0",
      "begin" : 0,
      "end" : 1,
      "text" : "I",
      "whiteSpace" : false
    }, {
      "id" : "s0-t1",
      "begin" : 2,
      "end" : 6,
      "text" : "love",
      "whiteSpace" : false
    }, {
      "id" : "s0-t2",
      "begin" : 7,
      "end" : 11,
      "text" : "this",
      "whiteSpace" : false
    }, {
      "id" : "s0-t3",
      "begin" : 12,
      "end" : 18,
      "text" : "coffee",
      "whiteSpace" : false
    }, {
      "id" : "s0-t4",
      "begin" : 18,
      "end" : 19,
      "text" : ".",
      "whiteSpace" : false
    } ]
  }, {
    "id" : "s1",
    "begin" : 20,
    "end" : 67,
    "text" : "It is wonderful, smoothe and just tastes great!",
    "tokens" : [ {
      "id" : "s1-t0",
      "begin" : 20,
      "end" : 22,
      "text" : "It",
      "whiteSpace" : false
    }, {
      "id" : "s1-t1",
      "begin" : 23,
      "end" : 25,
      "text" : "is",
      "whiteSpace" : false
    }, {
      "id" : "s1-t2",
      "begin" : 26,
      "end" : 35,
      "text" : "wonderful",
      "whiteSpace" : false
    }, {
      "id" : "s1-t3",
      "begin" : 35,
      "end" : 36,
      "text" : ",",
      "whiteSpace" : false
    }, {
      "id" : "s1-t4",
      "begin" : 37,
      "end" : 44,
      "text" : "smoothe",
      "whiteSpace" : false
    }, {
      "id" : "s1-t5",
      "begin" : 45,
      "end" : 48,
      "text" : "and",
      "whiteSpace" : false
    }, {
      "id" : "s1-t6",
      "begin" : 49,
      "end" : 53,
      "text" : "just",
      "whiteSpace" : false
    }, {
      "id" : "s1-t7",
      "begin" : 54,
      "end" : 60,
      "text" : "tastes",
      "whiteSpace" : false
    }, {
      "id" : "s1-t8",
      "begin" : 61,
      "end" : 66,
      "text" : "great",
      "whiteSpace" : false
    }, {
      "id" : "s1-t9",
      "begin" : 66,
      "end" : 67,
      "text" : "!",
      "whiteSpace" : false
    } ]
  }, {
    "id" : "s2",
    "begin" : 68,
    "end" : 106,
    "text" : "I first tried it locally and loved it.",
    "tokens" : [ {
      "id" : "s2-t0",
      "begin" : 68,
      "end" : 69,
      "text" : "I",
      "whiteSpace" : false
    }, {
      "id" : "s2-t1",
      "begin" : 70,
      "end" : 75,
      "text" : "first",
      "whiteSpace" : false
    }, {
      "id" : "s2-t2",
      "begin" : 76,
      "end" : 81,
      "text" : "tried",
      "whiteSpace" : false
    }, {
      "id" : "s2-t3",
      "begin" : 82,
      "end" : 84,
      "text" : "it",
      "whiteSpace" : false
    }, {
      "id" : "s2-t4",
      "begin" : 85,
      "end" : 92,
      "text" : "locally",
      "whiteSpace" : false
    }, {
      "id" : "s2-t5",
      "begin" : 93,
      "end" : 96,
      "text" : "and",
      "whiteSpace" : false
    }, {
      "id" : "s2-t6",
      "begin" : 97,
      "end" : 102,
      "text" : "loved",
      "whiteSpace" : false
    }, {
      "id" : "s2-t7",
      "begin" : 103,
      "end" : 105,
      "text" : "it",
      "whiteSpace" : false
    }, {
      "id" : "s2-t8",
      "begin" : 105,
      "end" : 106,
      "text" : ".",
      "whiteSpace" : false
    } ]
  }, {
    "id" : "s3",
    "begin" : 107,
    "end" : 177,
    "text" : "Then, my store no longer planned to carry it so I bought all they had.",
    "tokens" : [ {
      "id" : "s3-t0",
      "begin" : 107,
      "end" : 111,
      "text" : "Then",
      "whiteSpace" : false
    }, {
      "id" : "s3-t1",
      "begin" : 111,
      "end" : 112,
      "text" : ",",
      "whiteSpace" : false
    }, {
      "id" : "s3-t2",
      "begin" : 113,
      "end" : 115,
      "text" : "my",
      "whiteSpace" : false
    }, {
      "id" : "s3-t3",
      "begin" : 116,
      "end" : 121,
      "text" : "store",
      "whiteSpace" : false
    }, {
      "id" : "s3-t4",
      "begin" : 122,
      "end" : 124,
      "text" : "no",
      "whiteSpace" : false
    }, {
      "id" : "s3-t5",
      "begin" : 125,
      "end" : 131,
      "text" : "longer",
      "whiteSpace" : false
    }, {
      "id" : "s3-t6",
      "begin" : 132,
      "end" : 139,
      "text" : "planned",
      "whiteSpace" : false
    }, {
      "id" : "s3-t7",
      "begin" : 140,
      "end" : 142,
      "text" : "to",
      "whiteSpace" : false
    }, {
      "id" : "s3-t8",
      "begin" : 143,
      "end" : 148,
      "text" : "carry",
      "whiteSpace" : false
    }, {
      "id" : "s3-t9",
      "begin" : 149,
      "end" : 151,
      "text" : "it",
      "whiteSpace" : false
    }, {
      "id" : "s3-t10",
      "begin" : 152,
      "end" : 154,
      "text" : "so",
      "whiteSpace" : false
    }, {
      "id" : "s3-t11",
      "begin" : 155,
      "end" : 156,
      "text" : "I",
      "whiteSpace" : false
    }, {
      "id" : "s3-t12",
      "begin" : 157,
      "end" : 163,
      "text" : "bought",
      "whiteSpace" : false
    }, {
      "id" : "s3-t13",
      "begin" : 164,
      "end" : 167,
      "text" : "all",
      "whiteSpace" : false
    }, {
      "id" : "s3-t14",
      "begin" : 168,
      "end" : 172,
      "text" : "they",
      "whiteSpace" : false
    }, {
      "id" : "s3-t15",
      "begin" : 173,
      "end" : 176,
      "text" : "had",
      "whiteSpace" : false
    }, {
      "id" : "s3-t16",
      "begin" : 176,
      "end" : 177,
      "text" : ".",
      "whiteSpace" : false
    } ]
  }, {
    "id" : "s4",
    "begin" : 178,
    "end" : 222,
    "text" : "When I found it on Amazon it was delightful.",
    "tokens" : [ {
      "id" : "s4-t0",
      "begin" : 178,
      "end" : 182,
      "text" : "When",
      "whiteSpace" : false
    }, {
      "id" : "s4-t1",
      "begin" : 183,
      "end" : 184,
      "text" : "I",
      "whiteSpace" : false
    }, {
      "id" : "s4-t2",
      "begin" : 185,
      "end" : 190,
      "text" : "found",
      "whiteSpace" : false
    }, {
      "id" : "s4-t3",
      "begin" : 191,
      "end" : 193,
      "text" : "it",
      "whiteSpace" : false
    }, {
      "id" : "s4-t4",
      "begin" : 194,
      "end" : 196,
      "text" : "on",
      "whiteSpace" : false
    }, {
      "id" : "s4-t5",
      "begin" : 197,
      "end" : 203,
      "text" : "Amazon",
      "whiteSpace" : false
    }, {
      "id" : "s4-t6",
      "begin" : 204,
      "end" : 206,
      "text" : "it",
      "whiteSpace" : false
    }, {
      "id" : "s4-t7",
      "begin" : 207,
      "end" : 210,
      "text" : "was",
      "whiteSpace" : false
    }, {
      "id" : "s4-t8",
      "begin" : 211,
      "end" : 221,
      "text" : "delightful",
      "whiteSpace" : false
    }, {
      "id" : "s4-t9",
      "begin" : 221,
      "end" : 222,
      "text" : ".",
      "whiteSpace" : false
    } ]
  }, {
    "id" : "s5",
    "begin" : 223,
    "end" : 309,
    "text" : "This is my coffee treat and the rest of the time it is hazelnut coffee, not capuccino.",
    "tokens" : [ {
      "id" : "s5-t0",
      "begin" : 223,
      "end" : 227,
      "text" : "This",
      "whiteSpace" : false
    }, {
      "id" : "s5-t1",
      "begin" : 228,
      "end" : 230,
      "text" : "is",
      "whiteSpace" : false
    }, {
      "id" : "s5-t2",
      "begin" : 231,
      "end" : 233,
      "text" : "my",
      "whiteSpace" : false
    }, {
      "id" : "s5-t3",
      "begin" : 234,
      "end" : 240,
      "text" : "coffee",
      "whiteSpace" : false
    }, {
      "id" : "s5-t4",
      "begin" : 241,
      "end" : 246,
      "text" : "treat",
      "whiteSpace" : false
    }, {
      "id" : "s5-t5",
      "begin" : 247,
      "end" : 250,
      "text" : "and",
      "whiteSpace" : false
    }, {
      "id" : "s5-t6",
      "begin" : 251,
      "end" : 254,
      "text" : "the",
      "whiteSpace" : false
    }, {
      "id" : "s5-t7",
      "begin" : 255,
      "end" : 259,
      "text" : "rest",
      "whiteSpace" : false
    }, {
      "id" : "s5-t8",
      "begin" : 260,
      "end" : 262,
      "text" : "of",
      "whiteSpace" : false
    }, {
      "id" : "s5-t9",
      "begin" : 263,
      "end" : 266,
      "text" : "the",
      "whiteSpace" : false
    }, {
      "id" : "s5-t10",
      "begin" : 267,
      "end" : 271,
      "text" : "time",
      "whiteSpace" : false
    }, {
      "id" : "s5-t11",
      "begin" : 272,
      "end" : 274,
      "text" : "it",
      "whiteSpace" : false
    }, {
      "id" : "s5-t12",
      "begin" : 275,
      "end" : 277,
      "text" : "is",
      "whiteSpace" : false
    }, {
      "id" : "s5-t13",
      "begin" : 278,
      "end" : 286,
      "text" : "hazelnut",
      "whiteSpace" : false
    }, {
      "id" : "s5-t14",
      "begin" : 287,
      "end" : 293,
      "text" : "coffee",
      "whiteSpace" : false
    }, {
      "id" : "s5-t15",
      "begin" : 293,
      "end" : 294,
      "text" : ",",
      "whiteSpace" : false
    }, {
      "id" : "s5-t16",
      "begin" : 295,
      "end" : 298,
      "text" : "not",
      "whiteSpace" : false
    }, {
      "id" : "s5-t17",
      "begin" : 299,
      "end" : 308,
      "text" : "capuccino",
      "whiteSpace" : false
    }, {
      "id" : "s5-t18",
      "begin" : 308,
      "end" : 309,
      "text" : ".",
      "whiteSpace" : false
    } ]
  } ],
  "mentions" : [ {
    "id" : "s0-m1",
    "properties" : {
      "SIRE_MENTION_ROLE" : "Product",
      "SIRE_ENTITY_SUBTYPE" : "NONE",
      "SIRE_MENTION_TYPE" : "NONE",
      "SIRE_MENTION_CLASS" : "SPC"
    },
    "type" : "Product",
    "begin" : 12,
    "end" : 18,
    "inCoref" : true
  }, {
    "id" : "s1-m1",
    "properties" : {
      "SIRE_MENTION_ROLE" : "Product",
      "SIRE_ENTITY_SUBTYPE" : "NONE",
      "SIRE_MENTION_TYPE" : "NONE",
      "SIRE_MENTION_CLASS" : "SPC"
    },
    "type" : "Product",
    "begin" : 20,
    "end" : 22,
    "inCoref" : true
  }, {
    "id" : "s2-m1",
    "properties" : {
      "SIRE_MENTION_ROLE" : "Product",
      "SIRE_ENTITY_SUBTYPE" : "NONE",
      "SIRE_MENTION_TYPE" : "NONE",
      "SIRE_MENTION_CLASS" : "SPC"
    },
    "type" : "Product",
    "begin" : 103,
    "end" : 105,
    "inCoref" : true
  }, {
    "id" : "s3-m1",
    "properties" : {
      "SIRE_MENTION_ROLE" : "Product",
      "SIRE_ENTITY_SUBTYPE" : "NONE",
      "SIRE_MENTION_TYPE" : "NONE",
      "SIRE_MENTION_CLASS" : "SPC"
    },
    "type" : "Product",
    "begin" : 149,
    "end" : 151,
    "inCoref" : true
  }, {
    "id" : "s4-m1",
    "properties" : {
      "SIRE_MENTION_ROLE" : "Product",
      "SIRE_ENTITY_SUBTYPE" : "NONE",
      "SIRE_MENTION_TYPE" : "NONE",
      "SIRE_MENTION_CLASS" : "SPC"
    },
    "type" : "Product",
    "begin" : 204,
    "end" : 206,
    "inCoref" : true
  }, {
    "id" : "s5-m1",
    "properties" : {
      "SIRE_MENTION_ROLE" : "Product",
      "SIRE_ENTITY_SUBTYPE" : "NONE",
      "SIRE_MENTION_TYPE" : "NONE",
      "SIRE_MENTION_CLASS" : "SPC"
    },
    "type" : "Product",
    "begin" : 234,
    "end" : 240,
    "inCoref" : true
  }, {
    "id" : "s5-m3",
    "properties" : {
      "SIRE_MENTION_ROLE" : "Attribute",
      "SIRE_ENTITY_SUBTYPE" : "NONE",
      "SIRE_MENTION_TYPE" : "NONE",
      "SIRE_MENTION_CLASS" : "SPC"
    },
    "type" : "Attribute",
    "begin" : 278,
    "end" : 286,
    "inCoref" : false
  }, {
    "id" : "s5-m2",
    "properties" : {
      "SIRE_MENTION_ROLE" : "Product",
      "SIRE_ENTITY_SUBTYPE" : "NONE",
      "SIRE_MENTION_TYPE" : "NONE",
      "SIRE_MENTION_CLASS" : "SPC"
    },
    "type" : "Product",
    "begin" : 287,
    "end" : 293,
    "inCoref" : false
  }, {
    "id" : "s5-m5",
    "properties" : {
      "SIRE_MENTION_ROLE" : "Attribute",
      "SIRE_ENTITY_SUBTYPE" : "NONE",
      "SIRE_MENTION_TYPE" : "NONE",
      "SIRE_MENTION_CLASS" : "SPC"
    },
    "type" : "Attribute",
    "begin" : 299,
    "end" : 308,
    "inCoref" : false
  } ],
  "relations" : [ {
    "id" : "s5-r1",
    "properties" : { },
    "type" : "propertyOf",
    "args" : [ "s5-m3", "s5-m2" ]
  } ],
  "corefs" : [ {
    "id" : "c1",
    "properties" : { },
    "mentions" : [ "s0-m1", "s1-m1", "s2-m1", "s3-m1", "s4-m1", "s5-m1" ]
  } ],
  "typeResolved" : true,
  "userResolved" : false
}