{
  "id" : "bc2e7dc0-32ab-11e8-9c9d-6505f4419106-101",
  "name" : "review_1648.json",
  "createdDate" : 0,
  "version" : 3,
  "text" : "This water is amazing.  After getting a bottle at Whole Foods, I knew this is the water I like and I immediately ordered a whole case of it.  The taste is awesome, does make you feel more hydrated upon drinking (electrolytes), and the very high pH level aids in bodily functions such as digestion.  My body loves it.  I've tried many artisan (aka= pricier) waters out there available on the market and this water now made its way to my groceries list.  The 3 waters I now drink everyday are Fiji (it has high silica content, which is great for the skin), Hawaiian Springs (an all-rounded good water, and the bottle is pretty so I drink it when I go out), and now Essentia.  I also suggest people to really look into the pH level of the waters they are buying; don't bother if it's lower than 7 because it won't really benefit your body much (you'll be amazed at how many of the pricier waters are below pH 7; and surprisingly, Whole Foods 365 water is a nice water that is price-friendly).",
  "docLength" : 0,
  "language" : "EN",
  "status" : "SUBMITTED",
  "modifiedDate" : 1522280442279,
  "documentSet" : [ ],
  "preannotation" : [ ],
  "sentences" : [ {
    "id" : "s0",
    "begin" : 0,
    "end" : 22,
    "text" : "This water is amazing.",
    "tokens" : [ {
      "id" : "s0-t0",
      "begin" : 0,
      "end" : 4,
      "text" : "This",
      "whiteSpace" : false
    }, {
      "id" : "s0-t1",
      "begin" : 5,
      "end" : 10,
      "text" : "water",
      "whiteSpace" : false
    }, {
      "id" : "s0-t2",
      "begin" : 11,
      "end" : 13,
      "text" : "is",
      "whiteSpace" : false
    }, {
      "id" : "s0-t3",
      "begin" : 14,
      "end" : 21,
      "text" : "amazing",
      "whiteSpace" : false
    }, {
      "id" : "s0-t4",
      "begin" : 21,
      "end" : 22,
      "text" : ".",
      "whiteSpace" : false
    } ]
  }, {
    "id" : "s1",
    "begin" : 24,
    "end" : 140,
    "text" : "After getting a bottle at Whole Foods, I knew this is the water I like and I immediately ordered a whole case of it.",
    "tokens" : [ {
      "id" : "s1-t0",
      "begin" : 24,
      "end" : 29,
      "text" : "After",
      "whiteSpace" : false
    }, {
      "id" : "s1-t1",
      "begin" : 30,
      "end" : 37,
      "text" : "getting",
      "whiteSpace" : false
    }, {
      "id" : "s1-t2",
      "begin" : 38,
      "end" : 39,
      "text" : "a",
      "whiteSpace" : false
    }, {
      "id" : "s1-t3",
      "begin" : 40,
      "end" : 46,
      "text" : "bottle",
      "whiteSpace" : false
    }, {
      "id" : "s1-t4",
      "begin" : 47,
      "end" : 49,
      "text" : "at",
      "whiteSpace" : false
    }, {
      "id" : "s1-t5",
      "begin" : 50,
      "end" : 55,
      "text" : "Whole",
      "whiteSpace" : false
    }, {
      "id" : "s1-t6",
      "begin" : 56,
      "end" : 61,
      "text" : "Foods",
      "whiteSpace" : false
    }, {
      "id" : "s1-t7",
      "begin" : 61,
      "end" : 62,
      "text" : ",",
      "whiteSpace" : false
    }, {
      "id" : "s1-t8",
      "begin" : 63,
      "end" : 64,
      "text" : "I",
      "whiteSpace" : false
    }, {
      "id" : "s1-t9",
      "begin" : 65,
      "end" : 69,
      "text" : "knew",
      "whiteSpace" : false
    }, {
      "id" : "s1-t10",
      "begin" : 70,
      "end" : 74,
      "text" : "this",
      "whiteSpace" : false
    }, {
      "id" : "s1-t11",
      "begin" : 75,
      "end" : 77,
      "text" : "is",
      "whiteSpace" : false
    }, {
      "id" : "s1-t12",
      "begin" : 78,
      "end" : 81,
      "text" : "the",
      "whiteSpace" : false
    }, {
      "id" : "s1-t13",
      "begin" : 82,
      "end" : 87,
      "text" : "water",
      "whiteSpace" : false
    }, {
      "id" : "s1-t14",
      "begin" : 88,
      "end" : 89,
      "text" : "I",
      "whiteSpace" : false
    }, {
      "id" : "s1-t15",
      "begin" : 90,
      "end" : 94,
      "text" : "like",
      "whiteSpace" : false
    }, {
      "id" : "s1-t16",
      "begin" : 95,
      "end" : 98,
      "text" : "and",
      "whiteSpace" : false
    }, {
      "id" : "s1-t17",
      "begin" : 99,
      "end" : 100,
      "text" : "I",
      "whiteSpace" : false
    }, {
      "id" : "s1-t18",
      "begin" : 101,
      "end" : 112,
      "text" : "immediately",
      "whiteSpace" : false
    }, {
      "id" : "s1-t19",
      "begin" : 113,
      "end" : 120,
      "text" : "ordered",
      "whiteSpace" : false
    }, {
      "id" : "s1-t20",
      "begin" : 121,
      "end" : 122,
      "text" : "a",
      "whiteSpace" : false
    }, {
      "id" : "s1-t21",
      "begin" : 123,
      "end" : 128,
      "text" : "whole",
      "whiteSpace" : false
    }, {
      "id" : "s1-t22",
      "begin" : 129,
      "end" : 133,
      "text" : "case",
      "whiteSpace" : false
    }, {
      "id" : "s1-t23",
      "begin" : 134,
      "end" : 136,
      "text" : "of",
      "whiteSpace" : false
    }, {
      "id" : "s1-t24",
      "begin" : 137,
      "end" : 139,
      "text" : "it",
      "whiteSpace" : false
    }, {
      "id" : "s1-t25",
      "begin" : 139,
      "end" : 140,
      "text" : ".",
      "whiteSpace" : false
    } ]
  }, {
    "id" : "s2",
    "begin" : 142,
    "end" : 297,
    "text" : "The taste is awesome, does make you feel more hydrated upon drinking (electrolytes), and the very high pH level aids in bodily functions such as digestion.",
    "tokens" : [ {
      "id" : "s2-t0",
      "begin" : 142,
      "end" : 145,
      "text" : "The",
      "whiteSpace" : false
    }, {
      "id" : "s2-t1",
      "begin" : 146,
      "end" : 151,
      "text" : "taste",
      "whiteSpace" : false
    }, {
      "id" : "s2-t2",
      "begin" : 152,
      "end" : 154,
      "text" : "is",
      "whiteSpace" : false
    }, {
      "id" : "s2-t3",
      "begin" : 155,
      "end" : 162,
      "text" : "awesome",
      "whiteSpace" : false
    }, {
      "id" : "s2-t4",
      "begin" : 162,
      "end" : 163,
      "text" : ",",
      "whiteSpace" : false
    }, {
      "id" : "s2-t5",
      "begin" : 164,
      "end" : 168,
      "text" : "does",
      "whiteSpace" : false
    }, {
      "id" : "s2-t6",
      "begin" : 169,
      "end" : 173,
      "text" : "make",
      "whiteSpace" : false
    }, {
      "id" : "s2-t7",
      "begin" : 174,
      "end" : 177,
      "text" : "you",
      "whiteSpace" : false
    }, {
      "id" : "s2-t8",
      "begin" : 178,
      "end" : 182,
      "text" : "feel",
      "whiteSpace" : false
    }, {
      "id" : "s2-t9",
      "begin" : 183,
      "end" : 187,
      "text" : "more",
      "whiteSpace" : false
    }, {
      "id" : "s2-t10",
      "begin" : 188,
      "end" : 196,
      "text" : "hydrated",
      "whiteSpace" : false
    }, {
      "id" : "s2-t11",
      "begin" : 197,
      "end" : 201,
      "text" : "upon",
      "whiteSpace" : false
    }, {
      "id" : "s2-t12",
      "begin" : 202,
      "end" : 210,
      "text" : "drinking",
      "whiteSpace" : false
    }, {
      "id" : "s2-t13",
      "begin" : 211,
      "end" : 212,
      "text" : "(",
      "whiteSpace" : false
    }, {
      "id" : "s2-t14",
      "begin" : 212,
      "end" : 224,
      "text" : "electrolytes",
      "whiteSpace" : false
    }, {
      "id" : "s2-t15",
      "begin" : 224,
      "end" : 225,
      "text" : ")",
      "whiteSpace" : false
    }, {
      "id" : "s2-t16",
      "begin" : 225,
      "end" : 226,
      "text" : ",",
      "whiteSpace" : false
    }, {
      "id" : "s2-t17",
      "begin" : 227,
      "end" : 230,
      "text" : "and",
      "whiteSpace" : false
    }, {
      "id" : "s2-t18",
      "begin" : 231,
      "end" : 234,
      "text" : "the",
      "whiteSpace" : false
    }, {
      "id" : "s2-t19",
      "begin" : 235,
      "end" : 239,
      "text" : "very",
      "whiteSpace" : false
    }, {
      "id" : "s2-t20",
      "begin" : 240,
      "end" : 244,
      "text" : "high",
      "whiteSpace" : false
    }, {
      "id" : "s2-t21",
      "begin" : 245,
      "end" : 247,
      "text" : "pH",
      "whiteSpace" : false
    }, {
      "id" : "s2-t22",
      "begin" : 248,
      "end" : 253,
      "text" : "level",
      "whiteSpace" : false
    }, {
      "id" : "s2-t23",
      "begin" : 254,
      "end" : 258,
      "text" : "aids",
      "whiteSpace" : false
    }, {
      "id" : "s2-t24",
      "begin" : 259,
      "end" : 261,
      "text" : "in",
      "whiteSpace" : false
    }, {
      "id" : "s2-t25",
      "begin" : 262,
      "end" : 268,
      "text" : "bodily",
      "whiteSpace" : false
    }, {
      "id" : "s2-t26",
      "begin" : 269,
      "end" : 278,
      "text" : "functions",
      "whiteSpace" : false
    }, {
      "id" : "s2-t27",
      "begin" : 279,
      "end" : 283,
      "text" : "such",
      "whiteSpace" : false
    }, {
      "id" : "s2-t28",
      "begin" : 284,
      "end" : 286,
      "text" : "as",
      "whiteSpace" : false
    }, {
      "id" : "s2-t29",
      "begin" : 287,
      "end" : 296,
      "text" : "digestion",
      "whiteSpace" : false
    }, {
      "id" : "s2-t30",
      "begin" : 296,
      "end" : 297,
      "text" : ".",
      "whiteSpace" : false
    } ]
  }, {
    "id" : "s3",
    "begin" : 299,
    "end" : 316,
    "text" : "My body loves it.",
    "tokens" : [ {
      "id" : "s3-t0",
      "begin" : 299,
      "end" : 301,
      "text" : "My",
      "whiteSpace" : false
    }, {
      "id" : "s3-t1",
      "begin" : 302,
      "end" : 306,
      "text" : "body",
      "whiteSpace" : false
    }, {
      "id" : "s3-t2",
      "begin" : 307,
      "end" : 312,
      "text" : "loves",
      "whiteSpace" : false
    }, {
      "id" : "s3-t3",
      "begin" : 313,
      "end" : 315,
      "text" : "it",
      "whiteSpace" : false
    }, {
      "id" : "s3-t4",
      "begin" : 315,
      "end" : 316,
      "text" : ".",
      "whiteSpace" : false
    } ]
  }, {
    "id" : "s4",
    "begin" : 318,
    "end" : 451,
    "text" : "I've tried many artisan (aka= pricier) waters out there available on the market and this water now made its way to my groceries list.",
    "tokens" : [ {
      "id" : "s4-t0",
      "begin" : 318,
      "end" : 319,
      "text" : "I",
      "whiteSpace" : false
    }, {
      "id" : "s4-t1",
      "begin" : 319,
      "end" : 322,
      "text" : "'ve",
      "whiteSpace" : false
    }, {
      "id" : "s4-t2",
      "begin" : 323,
      "end" : 328,
      "text" : "tried",
      "whiteSpace" : false
    }, {
      "id" : "s4-t3",
      "begin" : 329,
      "end" : 333,
      "text" : "many",
      "whiteSpace" : false
    }, {
      "id" : "s4-t4",
      "begin" : 334,
      "end" : 341,
      "text" : "artisan",
      "whiteSpace" : false
    }, {
      "id" : "s4-t5",
      "begin" : 342,
      "end" : 343,
      "text" : "(",
      "whiteSpace" : false
    }, {
      "id" : "s4-t6",
      "begin" : 343,
      "end" : 347,
      "text" : "aka=",
      "whiteSpace" : false
    }, {
      "id" : "s4-t7",
      "begin" : 348,
      "end" : 355,
      "text" : "pricier",
      "whiteSpace" : false
    }, {
      "id" : "s4-t8",
      "begin" : 355,
      "end" : 356,
      "text" : ")",
      "whiteSpace" : false
    }, {
      "id" : "s4-t9",
      "begin" : 357,
      "end" : 363,
      "text" : "waters",
      "whiteSpace" : false
    }, {
      "id" : "s4-t10",
      "begin" : 364,
      "end" : 367,
      "text" : "out",
      "whiteSpace" : false
    }, {
      "id" : "s4-t11",
      "begin" : 368,
      "end" : 373,
      "text" : "there",
      "whiteSpace" : false
    }, {
      "id" : "s4-t12",
      "begin" : 374,
      "end" : 383,
      "text" : "available",
      "whiteSpace" : false
    }, {
      "id" : "s4-t13",
      "begin" : 384,
      "end" : 386,
      "text" : "on",
      "whiteSpace" : false
    }, {
      "id" : "s4-t14",
      "begin" : 387,
      "end" : 390,
      "text" : "the",
      "whiteSpace" : false
    }, {
      "id" : "s4-t15",
      "begin" : 391,
      "end" : 397,
      "text" : "market",
      "whiteSpace" : false
    }, {
      "id" : "s4-t16",
      "begin" : 398,
      "end" : 401,
      "text" : "and",
      "whiteSpace" : false
    }, {
      "id" : "s4-t17",
      "begin" : 402,
      "end" : 406,
      "text" : "this",
      "whiteSpace" : false
    }, {
      "id" : "s4-t18",
      "begin" : 407,
      "end" : 412,
      "text" : "water",
      "whiteSpace" : false
    }, {
      "id" : "s4-t19",
      "begin" : 413,
      "end" : 416,
      "text" : "now",
      "whiteSpace" : false
    }, {
      "id" : "s4-t20",
      "begin" : 417,
      "end" : 421,
      "text" : "made",
      "whiteSpace" : false
    }, {
      "id" : "s4-t21",
      "begin" : 422,
      "end" : 425,
      "text" : "its",
      "whiteSpace" : false
    }, {
      "id" : "s4-t22",
      "begin" : 426,
      "end" : 429,
      "text" : "way",
      "whiteSpace" : false
    }, {
      "id" : "s4-t23",
      "begin" : 430,
      "end" : 432,
      "text" : "to",
      "whiteSpace" : false
    }, {
      "id" : "s4-t24",
      "begin" : 433,
      "end" : 435,
      "text" : "my",
      "whiteSpace" : false
    }, {
      "id" : "s4-t25",
      "begin" : 436,
      "end" : 445,
      "text" : "groceries",
      "whiteSpace" : false
    }, {
      "id" : "s4-t26",
      "begin" : 446,
      "end" : 450,
      "text" : "list",
      "whiteSpace" : false
    }, {
      "id" : "s4-t27",
      "begin" : 450,
      "end" : 451,
      "text" : ".",
      "whiteSpace" : false
    } ]
  }, {
    "id" : "s5",
    "begin" : 453,
    "end" : 672,
    "text" : "The 3 waters I now drink everyday are Fiji (it has high silica content, which is great for the skin), Hawaiian Springs (an all-rounded good water, and the bottle is pretty so I drink it when I go out), and now Essentia.",
    "tokens" : [ {
      "id" : "s5-t0",
      "begin" : 453,
      "end" : 456,
      "text" : "The",
      "whiteSpace" : false
    }, {
      "id" : "s5-t1",
      "begin" : 457,
      "end" : 458,
      "text" : "3",
      "whiteSpace" : false
    }, {
      "id" : "s5-t2",
      "begin" : 459,
      "end" : 465,
      "text" : "waters",
      "whiteSpace" : false
    }, {
      "id" : "s5-t3",
      "begin" : 466,
      "end" : 467,
      "text" : "I",
      "whiteSpace" : false
    }, {
      "id" : "s5-t4",
      "begin" : 468,
      "end" : 471,
      "text" : "now",
      "whiteSpace" : false
    }, {
      "id" : "s5-t5",
      "begin" : 472,
      "end" : 477,
      "text" : "drink",
      "whiteSpace" : false
    }, {
      "id" : "s5-t6",
      "begin" : 478,
      "end" : 486,
      "text" : "everyday",
      "whiteSpace" : false
    }, {
      "id" : "s5-t7",
      "begin" : 487,
      "end" : 490,
      "text" : "are",
      "whiteSpace" : false
    }, {
      "id" : "s5-t8",
      "begin" : 491,
      "end" : 495,
      "text" : "Fiji",
      "whiteSpace" : false
    }, {
      "id" : "s5-t9",
      "begin" : 496,
      "end" : 497,
      "text" : "(",
      "whiteSpace" : false
    }, {
      "id" : "s5-t10",
      "begin" : 497,
      "end" : 499,
      "text" : "it",
      "whiteSpace" : false
    }, {
      "id" : "s5-t11",
      "begin" : 500,
      "end" : 503,
      "text" : "has",
      "whiteSpace" : false
    }, {
      "id" : "s5-t12",
      "begin" : 504,
      "end" : 508,
      "text" : "high",
      "whiteSpace" : false
    }, {
      "id" : "s5-t13",
      "begin" : 509,
      "end" : 515,
      "text" : "silica",
      "whiteSpace" : false
    }, {
      "id" : "s5-t14",
      "begin" : 516,
      "end" : 523,
      "text" : "content",
      "whiteSpace" : false
    }, {
      "id" : "s5-t15",
      "begin" : 523,
      "end" : 524,
      "text" : ",",
      "whiteSpace" : false
    }, {
      "id" : "s5-t16",
      "begin" : 525,
      "end" : 530,
      "text" : "which",
      "whiteSpace" : false
    }, {
      "id" : "s5-t17",
      "begin" : 531,
      "end" : 533,
      "text" : "is",
      "whiteSpace" : false
    }, {
      "id" : "s5-t18",
      "begin" : 534,
      "end" : 539,
      "text" : "great",
      "whiteSpace" : false
    }, {
      "id" : "s5-t19",
      "begin" : 540,
      "end" : 543,
      "text" : "for",
      "whiteSpace" : false
    }, {
      "id" : "s5-t20",
      "begin" : 544,
      "end" : 547,
      "text" : "the",
      "whiteSpace" : false
    }, {
      "id" : "s5-t21",
      "begin" : 548,
      "end" : 552,
      "text" : "skin",
      "whiteSpace" : false
    }, {
      "id" : "s5-t22",
      "begin" : 552,
      "end" : 553,
      "text" : ")",
      "whiteSpace" : false
    }, {
      "id" : "s5-t23",
      "begin" : 553,
      "end" : 554,
      "text" : ",",
      "whiteSpace" : false
    }, {
      "id" : "s5-t24",
      "begin" : 555,
      "end" : 563,
      "text" : "Hawaiian",
      "whiteSpace" : false
    }, {
      "id" : "s5-t25",
      "begin" : 564,
      "end" : 571,
      "text" : "Springs",
      "whiteSpace" : false
    }, {
      "id" : "s5-t26",
      "begin" : 572,
      "end" : 573,
      "text" : "(",
      "whiteSpace" : false
    }, {
      "id" : "s5-t27",
      "begin" : 573,
      "end" : 575,
      "text" : "an",
      "whiteSpace" : false
    }, {
      "id" : "s5-t28",
      "begin" : 576,
      "end" : 579,
      "text" : "all",
      "whiteSpace" : false
    }, {
      "id" : "s5-t29",
      "begin" : 579,
      "end" : 580,
      "text" : "-",
      "whiteSpace" : false
    }, {
      "id" : "s5-t30",
      "begin" : 580,
      "end" : 587,
      "text" : "rounded",
      "whiteSpace" : false
    }, {
      "id" : "s5-t31",
      "begin" : 588,
      "end" : 592,
      "text" : "good",
      "whiteSpace" : false
    }, {
      "id" : "s5-t32",
      "begin" : 593,
      "end" : 598,
      "text" : "water",
      "whiteSpace" : false
    }, {
      "id" : "s5-t33",
      "begin" : 598,
      "end" : 599,
      "text" : ",",
      "whiteSpace" : false
    }, {
      "id" : "s5-t34",
      "begin" : 600,
      "end" : 603,
      "text" : "and",
      "whiteSpace" : false
    }, {
      "id" : "s5-t35",
      "begin" : 604,
      "end" : 607,
      "text" : "the",
      "whiteSpace" : false
    }, {
      "id" : "s5-t36",
      "begin" : 608,
      "end" : 614,
      "text" : "bottle",
      "whiteSpace" : false
    }, {
      "id" : "s5-t37",
      "begin" : 615,
      "end" : 617,
      "text" : "is",
      "whiteSpace" : false
    }, {
      "id" : "s5-t38",
      "begin" : 618,
      "end" : 624,
      "text" : "pretty",
      "whiteSpace" : false
    }, {
      "id" : "s5-t39",
      "begin" : 625,
      "end" : 627,
      "text" : "so",
      "whiteSpace" : false
    }, {
      "id" : "s5-t40",
      "begin" : 628,
      "end" : 629,
      "text" : "I",
      "whiteSpace" : false
    }, {
      "id" : "s5-t41",
      "begin" : 630,
      "end" : 635,
      "text" : "drink",
      "whiteSpace" : false
    }, {
      "id" : "s5-t42",
      "begin" : 636,
      "end" : 638,
      "text" : "it",
      "whiteSpace" : false
    }, {
      "id" : "s5-t43",
      "begin" : 639,
      "end" : 643,
      "text" : "when",
      "whiteSpace" : false
    }, {
      "id" : "s5-t44",
      "begin" : 644,
      "end" : 645,
      "text" : "I",
      "whiteSpace" : false
    }, {
      "id" : "s5-t45",
      "begin" : 646,
      "end" : 648,
      "text" : "go",
      "whiteSpace" : false
    }, {
      "id" : "s5-t46",
      "begin" : 649,
      "end" : 652,
      "text" : "out",
      "whiteSpace" : false
    }, {
      "id" : "s5-t47",
      "begin" : 652,
      "end" : 653,
      "text" : ")",
      "whiteSpace" : false
    }, {
      "id" : "s5-t48",
      "begin" : 653,
      "end" : 654,
      "text" : ",",
      "whiteSpace" : false
    }, {
      "id" : "s5-t49",
      "begin" : 655,
      "end" : 658,
      "text" : "and",
      "whiteSpace" : false
    }, {
      "id" : "s5-t50",
      "begin" : 659,
      "end" : 662,
      "text" : "now",
      "whiteSpace" : false
    }, {
      "id" : "s5-t51",
      "begin" : 663,
      "end" : 671,
      "text" : "Essentia",
      "whiteSpace" : false
    }, {
      "id" : "s5-t52",
      "begin" : 671,
      "end" : 672,
      "text" : ".",
      "whiteSpace" : false
    } ]
  }, {
    "id" : "s6",
    "begin" : 674,
    "end" : 989,
    "text" : "I also suggest people to really look into the pH level of the waters they are buying; don't bother if it's lower than 7 because it won't really benefit your body much (you'll be amazed at how many of the pricier waters are below pH 7; and surprisingly, Whole Foods 365 water is a nice water that is price-friendly).",
    "tokens" : [ {
      "id" : "s6-t0",
      "begin" : 674,
      "end" : 675,
      "text" : "I",
      "whiteSpace" : false
    }, {
      "id" : "s6-t1",
      "begin" : 676,
      "end" : 680,
      "text" : "also",
      "whiteSpace" : false
    }, {
      "id" : "s6-t2",
      "begin" : 681,
      "end" : 688,
      "text" : "suggest",
      "whiteSpace" : false
    }, {
      "id" : "s6-t3",
      "begin" : 689,
      "end" : 695,
      "text" : "people",
      "whiteSpace" : false
    }, {
      "id" : "s6-t4",
      "begin" : 696,
      "end" : 698,
      "text" : "to",
      "whiteSpace" : false
    }, {
      "id" : "s6-t5",
      "begin" : 699,
      "end" : 705,
      "text" : "really",
      "whiteSpace" : false
    }, {
      "id" : "s6-t6",
      "begin" : 706,
      "end" : 710,
      "text" : "look",
      "whiteSpace" : false
    }, {
      "id" : "s6-t7",
      "begin" : 711,
      "end" : 715,
      "text" : "into",
      "whiteSpace" : false
    }, {
      "id" : "s6-t8",
      "begin" : 716,
      "end" : 719,
      "text" : "the",
      "whiteSpace" : false
    }, {
      "id" : "s6-t9",
      "begin" : 720,
      "end" : 722,
      "text" : "pH",
      "whiteSpace" : false
    }, {
      "id" : "s6-t10",
      "begin" : 723,
      "end" : 728,
      "text" : "level",
      "whiteSpace" : false
    }, {
      "id" : "s6-t11",
      "begin" : 729,
      "end" : 731,
      "text" : "of",
      "whiteSpace" : false
    }, {
      "id" : "s6-t12",
      "begin" : 732,
      "end" : 735,
      "text" : "the",
      "whiteSpace" : false
    }, {
      "id" : "s6-t13",
      "begin" : 736,
      "end" : 742,
      "text" : "waters",
      "whiteSpace" : false
    }, {
      "id" : "s6-t14",
      "begin" : 743,
      "end" : 747,
      "text" : "they",
      "whiteSpace" : false
    }, {
      "id" : "s6-t15",
      "begin" : 748,
      "end" : 751,
      "text" : "are",
      "whiteSpace" : false
    }, {
      "id" : "s6-t16",
      "begin" : 752,
      "end" : 758,
      "text" : "buying",
      "whiteSpace" : false
    }, {
      "id" : "s6-t17",
      "begin" : 758,
      "end" : 759,
      "text" : ";",
      "whiteSpace" : false
    }, {
      "id" : "s6-t18",
      "begin" : 760,
      "end" : 762,
      "text" : "do",
      "whiteSpace" : false
    }, {
      "id" : "s6-t19",
      "begin" : 762,
      "end" : 765,
      "text" : "n't",
      "whiteSpace" : false
    }, {
      "id" : "s6-t20",
      "begin" : 766,
      "end" : 772,
      "text" : "bother",
      "whiteSpace" : false
    }, {
      "id" : "s6-t21",
      "begin" : 773,
      "end" : 775,
      "text" : "if",
      "whiteSpace" : false
    }, {
      "id" : "s6-t22",
      "begin" : 776,
      "end" : 778,
      "text" : "it",
      "whiteSpace" : false
    }, {
      "id" : "s6-t23",
      "begin" : 778,
      "end" : 780,
      "text" : "'s",
      "whiteSpace" : false
    }, {
      "id" : "s6-t24",
      "begin" : 781,
      "end" : 786,
      "text" : "lower",
      "whiteSpace" : false
    }, {
      "id" : "s6-t25",
      "begin" : 787,
      "end" : 791,
      "text" : "than",
      "whiteSpace" : false
    }, {
      "id" : "s6-t26",
      "begin" : 792,
      "end" : 793,
      "text" : "7",
      "whiteSpace" : false
    }, {
      "id" : "s6-t27",
      "begin" : 794,
      "end" : 801,
      "text" : "because",
      "whiteSpace" : false
    }, {
      "id" : "s6-t28",
      "begin" : 802,
      "end" : 804,
      "text" : "it",
      "whiteSpace" : false
    }, {
      "id" : "s6-t29",
      "begin" : 805,
      "end" : 807,
      "text" : "wo",
      "whiteSpace" : false
    }, {
      "id" : "s6-t30",
      "begin" : 807,
      "end" : 810,
      "text" : "n't",
      "whiteSpace" : false
    }, {
      "id" : "s6-t31",
      "begin" : 811,
      "end" : 817,
      "text" : "really",
      "whiteSpace" : false
    }, {
      "id" : "s6-t32",
      "begin" : 818,
      "end" : 825,
      "text" : "benefit",
      "whiteSpace" : false
    }, {
      "id" : "s6-t33",
      "begin" : 826,
      "end" : 830,
      "text" : "your",
      "whiteSpace" : false
    }, {
      "id" : "s6-t34",
      "begin" : 831,
      "end" : 835,
      "text" : "body",
      "whiteSpace" : false
    }, {
      "id" : "s6-t35",
      "begin" : 836,
      "end" : 840,
      "text" : "much",
      "whiteSpace" : false
    }, {
      "id" : "s6-t36",
      "begin" : 841,
      "end" : 842,
      "text" : "(",
      "whiteSpace" : false
    }, {
      "id" : "s6-t37",
      "begin" : 842,
      "end" : 845,
      "text" : "you",
      "whiteSpace" : false
    }, {
      "id" : "s6-t38",
      "begin" : 845,
      "end" : 848,
      "text" : "'ll",
      "whiteSpace" : false
    }, {
      "id" : "s6-t39",
      "begin" : 849,
      "end" : 851,
      "text" : "be",
      "whiteSpace" : false
    }, {
      "id" : "s6-t40",
      "begin" : 852,
      "end" : 858,
      "text" : "amazed",
      "whiteSpace" : false
    }, {
      "id" : "s6-t41",
      "begin" : 859,
      "end" : 861,
      "text" : "at",
      "whiteSpace" : false
    }, {
      "id" : "s6-t42",
      "begin" : 862,
      "end" : 865,
      "text" : "how",
      "whiteSpace" : false
    }, {
      "id" : "s6-t43",
      "begin" : 866,
      "end" : 870,
      "text" : "many",
      "whiteSpace" : false
    }, {
      "id" : "s6-t44",
      "begin" : 871,
      "end" : 873,
      "text" : "of",
      "whiteSpace" : false
    }, {
      "id" : "s6-t45",
      "begin" : 874,
      "end" : 877,
      "text" : "the",
      "whiteSpace" : false
    }, {
      "id" : "s6-t46",
      "begin" : 878,
      "end" : 885,
      "text" : "pricier",
      "whiteSpace" : false
    }, {
      "id" : "s6-t47",
      "begin" : 886,
      "end" : 892,
      "text" : "waters",
      "whiteSpace" : false
    }, {
      "id" : "s6-t48",
      "begin" : 893,
      "end" : 896,
      "text" : "are",
      "whiteSpace" : false
    }, {
      "id" : "s6-t49",
      "begin" : 897,
      "end" : 902,
      "text" : "below",
      "whiteSpace" : false
    }, {
      "id" : "s6-t50",
      "begin" : 903,
      "end" : 905,
      "text" : "pH",
      "whiteSpace" : false
    }, {
      "id" : "s6-t51",
      "begin" : 906,
      "end" : 907,
      "text" : "7",
      "whiteSpace" : false
    }, {
      "id" : "s6-t52",
      "begin" : 907,
      "end" : 908,
      "text" : ";",
      "whiteSpace" : false
    }, {
      "id" : "s6-t53",
      "begin" : 909,
      "end" : 912,
      "text" : "and",
      "whiteSpace" : false
    }, {
      "id" : "s6-t54",
      "begin" : 913,
      "end" : 925,
      "text" : "surprisingly",
      "whiteSpace" : false
    }, {
      "id" : "s6-t55",
      "begin" : 925,
      "end" : 926,
      "text" : ",",
      "whiteSpace" : false
    }, {
      "id" : "s6-t56",
      "begin" : 927,
      "end" : 932,
      "text" : "Whole",
      "whiteSpace" : false
    }, {
      "id" : "s6-t57",
      "begin" : 933,
      "end" : 938,
      "text" : "Foods",
      "whiteSpace" : false
    }, {
      "id" : "s6-t58",
      "begin" : 939,
      "end" : 942,
      "text" : "365",
      "whiteSpace" : false
    }, {
      "id" : "s6-t59",
      "begin" : 943,
      "end" : 948,
      "text" : "water",
      "whiteSpace" : false
    }, {
      "id" : "s6-t60",
      "begin" : 949,
      "end" : 951,
      "text" : "is",
      "whiteSpace" : false
    }, {
      "id" : "s6-t61",
      "begin" : 952,
      "end" : 953,
      "text" : "a",
      "whiteSpace" : false
    }, {
      "id" : "s6-t62",
      "begin" : 954,
      "end" : 958,
      "text" : "nice",
      "whiteSpace" : false
    }, {
      "id" : "s6-t63",
      "begin" : 959,
      "end" : 964,
      "text" : "water",
      "whiteSpace" : false
    }, {
      "id" : "s6-t64",
      "begin" : 965,
      "end" : 969,
      "text" : "that",
      "whiteSpace" : false
    }, {
      "id" : "s6-t65",
      "begin" : 970,
      "end" : 972,
      "text" : "is",
      "whiteSpace" : false
    }, {
      "id" : "s6-t66",
      "begin" : 973,
      "end" : 978,
      "text" : "price",
      "whiteSpace" : false
    }, {
      "id" : "s6-t67",
      "begin" : 978,
      "end" : 979,
      "text" : "-",
      "whiteSpace" : false
    }, {
      "id" : "s6-t68",
      "begin" : 979,
      "end" : 987,
      "text" : "friendly",
      "whiteSpace" : false
    }, {
      "id" : "s6-t69",
      "begin" : 987,
      "end" : 988,
      "text" : ")",
      "whiteSpace" : false
    }, {
      "id" : "s6-t70",
      "begin" : 988,
      "end" : 989,
      "text" : ".",
      "whiteSpace" : false
    } ]
  } ],
  "mentions" : [ {
    "id" : "s0-m1",
    "properties" : {
      "SIRE_MENTION_ROLE" : "Product",
      "SIRE_ENTITY_SUBTYPE" : "NONE",
      "SIRE_MENTION_TYPE" : "NONE",
      "SIRE_MENTION_CLASS" : "SPC"
    },
    "type" : "Product",
    "begin" : 5,
    "end" : 10,
    "inCoref" : true
  }, {
    "id" : "s1-m1",
    "properties" : {
      "SIRE_MENTION_ROLE" : "Product",
      "SIRE_ENTITY_SUBTYPE" : "NONE",
      "SIRE_MENTION_TYPE" : "NONE",
      "SIRE_MENTION_CLASS" : "SPC"
    },
    "type" : "Product",
    "begin" : 82,
    "end" : 87,
    "inCoref" : true
  }, {
    "id" : "s1-m2",
    "properties" : {
      "SIRE_MENTION_ROLE" : "Product",
      "SIRE_ENTITY_SUBTYPE" : "NONE",
      "SIRE_MENTION_TYPE" : "NONE",
      "SIRE_MENTION_CLASS" : "SPC"
    },
    "type" : "Product",
    "begin" : 137,
    "end" : 139,
    "inCoref" : true
  }, {
    "id" : "s3-m1",
    "properties" : {
      "SIRE_MENTION_ROLE" : "Product",
      "SIRE_ENTITY_SUBTYPE" : "NONE",
      "SIRE_MENTION_TYPE" : "NONE",
      "SIRE_MENTION_CLASS" : "SPC"
    },
    "type" : "Product",
    "begin" : 313,
    "end" : 315,
    "inCoref" : true
  }, {
    "id" : "s4-m1",
    "properties" : {
      "SIRE_MENTION_ROLE" : "Product",
      "SIRE_ENTITY_SUBTYPE" : "NONE",
      "SIRE_MENTION_TYPE" : "NONE",
      "SIRE_MENTION_CLASS" : "SPC"
    },
    "type" : "Product",
    "begin" : 357,
    "end" : 363,
    "inCoref" : true
  }, {
    "id" : "s4-m2",
    "properties" : {
      "SIRE_MENTION_ROLE" : "Product",
      "SIRE_ENTITY_SUBTYPE" : "NONE",
      "SIRE_MENTION_TYPE" : "NONE",
      "SIRE_MENTION_CLASS" : "SPC"
    },
    "type" : "Product",
    "begin" : 407,
    "end" : 412,
    "inCoref" : true
  }, {
    "id" : "s5-m1",
    "properties" : {
      "SIRE_MENTION_ROLE" : "Product",
      "SIRE_ENTITY_SUBTYPE" : "NONE",
      "SIRE_MENTION_TYPE" : "NONE",
      "SIRE_MENTION_CLASS" : "SPC"
    },
    "type" : "Product",
    "begin" : 459,
    "end" : 465,
    "inCoref" : true
  }, {
    "id" : "s5-m2",
    "properties" : {
      "SIRE_MENTION_ROLE" : "Brand",
      "SIRE_ENTITY_SUBTYPE" : "NONE",
      "SIRE_MENTION_TYPE" : "NONE",
      "SIRE_MENTION_CLASS" : "SPC"
    },
    "type" : "Brand",
    "begin" : 491,
    "end" : 495,
    "inCoref" : false
  }, {
    "id" : "s5-m3",
    "properties" : {
      "SIRE_MENTION_ROLE" : "Product",
      "SIRE_ENTITY_SUBTYPE" : "NONE",
      "SIRE_MENTION_TYPE" : "NONE",
      "SIRE_MENTION_CLASS" : "SPC"
    },
    "type" : "Product",
    "begin" : 497,
    "end" : 499,
    "inCoref" : false
  }, {
    "id" : "s5-m4",
    "properties" : {
      "SIRE_MENTION_ROLE" : "Brand",
      "SIRE_ENTITY_SUBTYPE" : "NONE",
      "SIRE_MENTION_TYPE" : "NONE",
      "SIRE_MENTION_CLASS" : "SPC"
    },
    "type" : "Brand",
    "begin" : 555,
    "end" : 571,
    "inCoref" : false
  }, {
    "id" : "s5-m5",
    "properties" : {
      "SIRE_MENTION_ROLE" : "Product",
      "SIRE_ENTITY_SUBTYPE" : "NONE",
      "SIRE_MENTION_TYPE" : "NONE",
      "SIRE_MENTION_CLASS" : "SPC"
    },
    "type" : "Product",
    "begin" : 593,
    "end" : 598,
    "inCoref" : false
  }, {
    "id" : "s5-m6",
    "properties" : {
      "SIRE_MENTION_ROLE" : "Product",
      "SIRE_ENTITY_SUBTYPE" : "NONE",
      "SIRE_MENTION_TYPE" : "NONE",
      "SIRE_MENTION_CLASS" : "SPC"
    },
    "type" : "Product",
    "begin" : 636,
    "end" : 638,
    "inCoref" : false
  }, {
    "id" : "s5-m7",
    "properties" : {
      "SIRE_MENTION_ROLE" : "Brand",
      "SIRE_ENTITY_SUBTYPE" : "NONE",
      "SIRE_MENTION_TYPE" : "NONE",
      "SIRE_MENTION_CLASS" : "SPC"
    },
    "type" : "Brand",
    "begin" : 663,
    "end" : 671,
    "inCoref" : false
  }, {
    "id" : "s6-m1",
    "properties" : {
      "SIRE_MENTION_ROLE" : "Product",
      "SIRE_ENTITY_SUBTYPE" : "NONE",
      "SIRE_MENTION_TYPE" : "NONE",
      "SIRE_MENTION_CLASS" : "SPC"
    },
    "type" : "Product",
    "begin" : 736,
    "end" : 742,
    "inCoref" : true
  }, {
    "id" : "s6-m2",
    "properties" : {
      "SIRE_MENTION_ROLE" : "Product",
      "SIRE_ENTITY_SUBTYPE" : "NONE",
      "SIRE_MENTION_TYPE" : "NONE",
      "SIRE_MENTION_CLASS" : "SPC"
    },
    "type" : "Product",
    "begin" : 802,
    "end" : 804,
    "inCoref" : true
  }, {
    "id" : "s6-m3",
    "properties" : {
      "SIRE_MENTION_ROLE" : "Product",
      "SIRE_ENTITY_SUBTYPE" : "NONE",
      "SIRE_MENTION_TYPE" : "NONE",
      "SIRE_MENTION_CLASS" : "SPC"
    },
    "type" : "Product",
    "begin" : 886,
    "end" : 892,
    "inCoref" : true
  }, {
    "id" : "s6-m5",
    "properties" : {
      "SIRE_MENTION_ROLE" : "Brand",
      "SIRE_ENTITY_SUBTYPE" : "NONE",
      "SIRE_MENTION_TYPE" : "NONE",
      "SIRE_MENTION_CLASS" : "SPC"
    },
    "type" : "Brand",
    "begin" : 927,
    "end" : 942,
    "inCoref" : false
  }, {
    "id" : "s6-m6",
    "properties" : {
      "SIRE_MENTION_ROLE" : "Product",
      "SIRE_ENTITY_SUBTYPE" : "NONE",
      "SIRE_MENTION_TYPE" : "NONE",
      "SIRE_MENTION_CLASS" : "SPC"
    },
    "type" : "Product",
    "begin" : 943,
    "end" : 948,
    "inCoref" : true
  }, {
    "id" : "s6-m4",
    "properties" : {
      "SIRE_MENTION_ROLE" : "Product",
      "SIRE_ENTITY_SUBTYPE" : "NONE",
      "SIRE_MENTION_TYPE" : "NONE",
      "SIRE_MENTION_CLASS" : "SPC"
    },
    "type" : "Product",
    "begin" : 959,
    "end" : 964,
    "inCoref" : true
  } ],
  "relations" : [ {
    "id" : "s5-r1",
    "properties" : { },
    "type" : "brandOf",
    "args" : [ "s5-m2", "s5-m3" ]
  }, {
    "id" : "s5-r2",
    "properties" : { },
    "type" : "brandOf",
    "args" : [ "s5-m4", "s5-m5" ]
  }, {
    "id" : "s6-r1",
    "properties" : { },
    "type" : "brandOf",
    "args" : [ "s6-m5", "s6-m6" ]
  } ],
  "corefs" : [ {
    "id" : "c1",
    "properties" : { },
    "mentions" : [ "s0-m1", "s1-m1", "s1-m2", "s3-m1", "s4-m2", "s6-m6", "s6-m4" ]
  }, {
    "id" : "c2",
    "properties" : { },
    "mentions" : [ "s4-m1", "s5-m1", "s6-m1", "s6-m3", "s6-m2" ]
  } ],
  "typeResolved" : true,
  "userResolved" : false
}