{
  "id" : "bc2e7dc0-32ab-11e8-9c9d-6505f4419106-16",
  "name" : "review_0256.json",
  "createdDate" : 0,
  "version" : 3,
  "text" : "Greenies are the special treat we give our golden retriever and great pyrenee/golden retriever mix.  Greenies are hard enough that our dogs have to chew slowly but not so hard that I feel uncomfortable giving it to them.",
  "docLength" : 0,
  "language" : "EN",
  "status" : "SUBMITTED",
  "modifiedDate" : 1522304869547,
  "documentSet" : [ ],
  "preannotation" : [ ],
  "sentences" : [ {
    "id" : "s0",
    "begin" : 0,
    "end" : 99,
    "text" : "Greenies are the special treat we give our golden retriever and great pyrenee/golden retriever mix.",
    "tokens" : [ {
      "id" : "s0-t0",
      "begin" : 0,
      "end" : 8,
      "text" : "Greenies",
      "whiteSpace" : false
    }, {
      "id" : "s0-t1",
      "begin" : 9,
      "end" : 12,
      "text" : "are",
      "whiteSpace" : false
    }, {
      "id" : "s0-t2",
      "begin" : 13,
      "end" : 16,
      "text" : "the",
      "whiteSpace" : false
    }, {
      "id" : "s0-t3",
      "begin" : 17,
      "end" : 24,
      "text" : "special",
      "whiteSpace" : false
    }, {
      "id" : "s0-t4",
      "begin" : 25,
      "end" : 30,
      "text" : "treat",
      "whiteSpace" : false
    }, {
      "id" : "s0-t5",
      "begin" : 31,
      "end" : 33,
      "text" : "we",
      "whiteSpace" : false
    }, {
      "id" : "s0-t6",
      "begin" : 34,
      "end" : 38,
      "text" : "give",
      "whiteSpace" : false
    }, {
      "id" : "s0-t7",
      "begin" : 39,
      "end" : 42,
      "text" : "our",
      "whiteSpace" : false
    }, {
      "id" : "s0-t8",
      "begin" : 43,
      "end" : 49,
      "text" : "golden",
      "whiteSpace" : false
    }, {
      "id" : "s0-t9",
      "begin" : 50,
      "end" : 59,
      "text" : "retriever",
      "whiteSpace" : false
    }, {
      "id" : "s0-t10",
      "begin" : 60,
      "end" : 63,
      "text" : "and",
      "whiteSpace" : false
    }, {
      "id" : "s0-t11",
      "begin" : 64,
      "end" : 69,
      "text" : "great",
      "whiteSpace" : false
    }, {
      "id" : "s0-t12",
      "begin" : 70,
      "end" : 77,
      "text" : "pyrenee",
      "whiteSpace" : false
    }, {
      "id" : "s0-t13",
      "begin" : 77,
      "end" : 78,
      "text" : "/",
      "whiteSpace" : false
    }, {
      "id" : "s0-t14",
      "begin" : 78,
      "end" : 84,
      "text" : "golden",
      "whiteSpace" : false
    }, {
      "id" : "s0-t15",
      "begin" : 85,
      "end" : 94,
      "text" : "retriever",
      "whiteSpace" : false
    }, {
      "id" : "s0-t16",
      "begin" : 95,
      "end" : 98,
      "text" : "mix",
      "whiteSpace" : false
    }, {
      "id" : "s0-t17",
      "begin" : 98,
      "end" : 99,
      "text" : ".",
      "whiteSpace" : false
    } ]
  }, {
    "id" : "s1",
    "begin" : 101,
    "end" : 220,
    "text" : "Greenies are hard enough that our dogs have to chew slowly but not so hard that I feel uncomfortable giving it to them.",
    "tokens" : [ {
      "id" : "s1-t0",
      "begin" : 101,
      "end" : 109,
      "text" : "Greenies",
      "whiteSpace" : false
    }, {
      "id" : "s1-t1",
      "begin" : 110,
      "end" : 113,
      "text" : "are",
      "whiteSpace" : false
    }, {
      "id" : "s1-t2",
      "begin" : 114,
      "end" : 118,
      "text" : "hard",
      "whiteSpace" : false
    }, {
      "id" : "s1-t3",
      "begin" : 119,
      "end" : 125,
      "text" : "enough",
      "whiteSpace" : false
    }, {
      "id" : "s1-t4",
      "begin" : 126,
      "end" : 130,
      "text" : "that",
      "whiteSpace" : false
    }, {
      "id" : "s1-t5",
      "begin" : 131,
      "end" : 134,
      "text" : "our",
      "whiteSpace" : false
    }, {
      "id" : "s1-t6",
      "begin" : 135,
      "end" : 139,
      "text" : "dogs",
      "whiteSpace" : false
    }, {
      "id" : "s1-t7",
      "begin" : 140,
      "end" : 144,
      "text" : "have",
      "whiteSpace" : false
    }, {
      "id" : "s1-t8",
      "begin" : 145,
      "end" : 147,
      "text" : "to",
      "whiteSpace" : false
    }, {
      "id" : "s1-t9",
      "begin" : 148,
      "end" : 152,
      "text" : "chew",
      "whiteSpace" : false
    }, {
      "id" : "s1-t10",
      "begin" : 153,
      "end" : 159,
      "text" : "slowly",
      "whiteSpace" : false
    }, {
      "id" : "s1-t11",
      "begin" : 160,
      "end" : 163,
      "text" : "but",
      "whiteSpace" : false
    }, {
      "id" : "s1-t12",
      "begin" : 164,
      "end" : 167,
      "text" : "not",
      "whiteSpace" : false
    }, {
      "id" : "s1-t13",
      "begin" : 168,
      "end" : 170,
      "text" : "so",
      "whiteSpace" : false
    }, {
      "id" : "s1-t14",
      "begin" : 171,
      "end" : 175,
      "text" : "hard",
      "whiteSpace" : false
    }, {
      "id" : "s1-t15",
      "begin" : 176,
      "end" : 180,
      "text" : "that",
      "whiteSpace" : false
    }, {
      "id" : "s1-t16",
      "begin" : 181,
      "end" : 182,
      "text" : "I",
      "whiteSpace" : false
    }, {
      "id" : "s1-t17",
      "begin" : 183,
      "end" : 187,
      "text" : "feel",
      "whiteSpace" : false
    }, {
      "id" : "s1-t18",
      "begin" : 188,
      "end" : 201,
      "text" : "uncomfortable",
      "whiteSpace" : false
    }, {
      "id" : "s1-t19",
      "begin" : 202,
      "end" : 208,
      "text" : "giving",
      "whiteSpace" : false
    }, {
      "id" : "s1-t20",
      "begin" : 209,
      "end" : 211,
      "text" : "it",
      "whiteSpace" : false
    }, {
      "id" : "s1-t21",
      "begin" : 212,
      "end" : 214,
      "text" : "to",
      "whiteSpace" : false
    }, {
      "id" : "s1-t22",
      "begin" : 215,
      "end" : 219,
      "text" : "them",
      "whiteSpace" : false
    }, {
      "id" : "s1-t23",
      "begin" : 219,
      "end" : 220,
      "text" : ".",
      "whiteSpace" : false
    } ]
  } ],
  "mentions" : [ {
    "id" : "s0-m1",
    "properties" : {
      "SIRE_MENTION_ROLE" : "Brand",
      "SIRE_ENTITY_SUBTYPE" : "NONE",
      "SIRE_MENTION_TYPE" : "NONE",
      "SIRE_MENTION_CLASS" : "SPC"
    },
    "type" : "Brand",
    "begin" : 0,
    "end" : 8,
    "inCoref" : true
  }, {
    "id" : "s0-m2",
    "properties" : {
      "SIRE_MENTION_ROLE" : "Product",
      "SIRE_ENTITY_SUBTYPE" : "NONE",
      "SIRE_MENTION_TYPE" : "NONE",
      "SIRE_MENTION_CLASS" : "SPC"
    },
    "type" : "Product",
    "begin" : 25,
    "end" : 30,
    "inCoref" : true
  }, {
    "id" : "s1-m1",
    "properties" : {
      "SIRE_MENTION_ROLE" : "Brand",
      "SIRE_ENTITY_SUBTYPE" : "NONE",
      "SIRE_MENTION_TYPE" : "NONE",
      "SIRE_MENTION_CLASS" : "SPC"
    },
    "type" : "Brand",
    "begin" : 101,
    "end" : 109,
    "inCoref" : true
  }, {
    "id" : "s1-m2",
    "properties" : {
      "SIRE_MENTION_ROLE" : "Product",
      "SIRE_ENTITY_SUBTYPE" : "NONE",
      "SIRE_MENTION_TYPE" : "NONE",
      "SIRE_MENTION_CLASS" : "SPC"
    },
    "type" : "Product",
    "begin" : 209,
    "end" : 211,
    "inCoref" : true
  } ],
  "relations" : [ {
    "id" : "s1-r1",
    "properties" : { },
    "type" : "brandOf",
    "args" : [ "s1-m1", "s1-m2" ]
  } ],
  "corefs" : [ {
    "id" : "c1",
    "properties" : { },
    "mentions" : [ "s0-m1", "s1-m1" ]
  }, {
    "id" : "c2",
    "properties" : { },
    "mentions" : [ "s0-m2", "s1-m2" ]
  } ],
  "typeResolved" : true,
  "userResolved" : false
}