{
  "id" : "bc2e7dc0-32ab-11e8-9c9d-6505f4419106-60",
  "name" : "review_0996.json",
  "createdDate" : 0,
  "version" : 3,
  "text" : "We always drink Timmothy's or Emeril's. Thought we would try something different. Not too many decafs to choose from. We were pleasantly surprised that this had a great taste with a full bodied flavor. I like my coffee on the milder side so I can even get 2 cups from 1 Kcup.",
  "docLength" : 0,
  "language" : "EN",
  "status" : "SUBMITTED",
  "modifiedDate" : 1522286018491,
  "documentSet" : [ ],
  "preannotation" : [ ],
  "sentences" : [ {
    "id" : "s0",
    "begin" : 0,
    "end" : 39,
    "text" : "We always drink Timmothy's or Emeril's.",
    "tokens" : [ {
      "id" : "s0-t0",
      "begin" : 0,
      "end" : 2,
      "text" : "We",
      "whiteSpace" : false
    }, {
      "id" : "s0-t1",
      "begin" : 3,
      "end" : 9,
      "text" : "always",
      "whiteSpace" : false
    }, {
      "id" : "s0-t2",
      "begin" : 10,
      "end" : 15,
      "text" : "drink",
      "whiteSpace" : false
    }, {
      "id" : "s0-t3",
      "begin" : 16,
      "end" : 24,
      "text" : "Timmothy",
      "whiteSpace" : false
    }, {
      "id" : "s0-t4",
      "begin" : 24,
      "end" : 26,
      "text" : "'s",
      "whiteSpace" : false
    }, {
      "id" : "s0-t5",
      "begin" : 27,
      "end" : 29,
      "text" : "or",
      "whiteSpace" : false
    }, {
      "id" : "s0-t6",
      "begin" : 30,
      "end" : 36,
      "text" : "Emeril",
      "whiteSpace" : false
    }, {
      "id" : "s0-t7",
      "begin" : 36,
      "end" : 38,
      "text" : "'s",
      "whiteSpace" : false
    }, {
      "id" : "s0-t8",
      "begin" : 38,
      "end" : 39,
      "text" : ".",
      "whiteSpace" : false
    } ]
  }, {
    "id" : "s1",
    "begin" : 40,
    "end" : 81,
    "text" : "Thought we would try something different.",
    "tokens" : [ {
      "id" : "s1-t0",
      "begin" : 40,
      "end" : 47,
      "text" : "Thought",
      "whiteSpace" : false
    }, {
      "id" : "s1-t1",
      "begin" : 48,
      "end" : 50,
      "text" : "we",
      "whiteSpace" : false
    }, {
      "id" : "s1-t2",
      "begin" : 51,
      "end" : 56,
      "text" : "would",
      "whiteSpace" : false
    }, {
      "id" : "s1-t3",
      "begin" : 57,
      "end" : 60,
      "text" : "try",
      "whiteSpace" : false
    }, {
      "id" : "s1-t4",
      "begin" : 61,
      "end" : 70,
      "text" : "something",
      "whiteSpace" : false
    }, {
      "id" : "s1-t5",
      "begin" : 71,
      "end" : 80,
      "text" : "different",
      "whiteSpace" : false
    }, {
      "id" : "s1-t6",
      "begin" : 80,
      "end" : 81,
      "text" : ".",
      "whiteSpace" : false
    } ]
  }, {
    "id" : "s2",
    "begin" : 82,
    "end" : 117,
    "text" : "Not too many decafs to choose from.",
    "tokens" : [ {
      "id" : "s2-t0",
      "begin" : 82,
      "end" : 85,
      "text" : "Not",
      "whiteSpace" : false
    }, {
      "id" : "s2-t1",
      "begin" : 86,
      "end" : 89,
      "text" : "too",
      "whiteSpace" : false
    }, {
      "id" : "s2-t2",
      "begin" : 90,
      "end" : 94,
      "text" : "many",
      "whiteSpace" : false
    }, {
      "id" : "s2-t3",
      "begin" : 95,
      "end" : 101,
      "text" : "decafs",
      "whiteSpace" : false
    }, {
      "id" : "s2-t4",
      "begin" : 102,
      "end" : 104,
      "text" : "to",
      "whiteSpace" : false
    }, {
      "id" : "s2-t5",
      "begin" : 105,
      "end" : 111,
      "text" : "choose",
      "whiteSpace" : false
    }, {
      "id" : "s2-t6",
      "begin" : 112,
      "end" : 116,
      "text" : "from",
      "whiteSpace" : false
    }, {
      "id" : "s2-t7",
      "begin" : 116,
      "end" : 117,
      "text" : ".",
      "whiteSpace" : false
    } ]
  }, {
    "id" : "s3",
    "begin" : 118,
    "end" : 201,
    "text" : "We were pleasantly surprised that this had a great taste with a full bodied flavor.",
    "tokens" : [ {
      "id" : "s3-t0",
      "begin" : 118,
      "end" : 120,
      "text" : "We",
      "whiteSpace" : false
    }, {
      "id" : "s3-t1",
      "begin" : 121,
      "end" : 125,
      "text" : "were",
      "whiteSpace" : false
    }, {
      "id" : "s3-t2",
      "begin" : 126,
      "end" : 136,
      "text" : "pleasantly",
      "whiteSpace" : false
    }, {
      "id" : "s3-t3",
      "begin" : 137,
      "end" : 146,
      "text" : "surprised",
      "whiteSpace" : false
    }, {
      "id" : "s3-t4",
      "begin" : 147,
      "end" : 151,
      "text" : "that",
      "whiteSpace" : false
    }, {
      "id" : "s3-t5",
      "begin" : 152,
      "end" : 156,
      "text" : "this",
      "whiteSpace" : false
    }, {
      "id" : "s3-t6",
      "begin" : 157,
      "end" : 160,
      "text" : "had",
      "whiteSpace" : false
    }, {
      "id" : "s3-t7",
      "begin" : 161,
      "end" : 162,
      "text" : "a",
      "whiteSpace" : false
    }, {
      "id" : "s3-t8",
      "begin" : 163,
      "end" : 168,
      "text" : "great",
      "whiteSpace" : false
    }, {
      "id" : "s3-t9",
      "begin" : 169,
      "end" : 174,
      "text" : "taste",
      "whiteSpace" : false
    }, {
      "id" : "s3-t10",
      "begin" : 175,
      "end" : 179,
      "text" : "with",
      "whiteSpace" : false
    }, {
      "id" : "s3-t11",
      "begin" : 180,
      "end" : 181,
      "text" : "a",
      "whiteSpace" : false
    }, {
      "id" : "s3-t12",
      "begin" : 182,
      "end" : 186,
      "text" : "full",
      "whiteSpace" : false
    }, {
      "id" : "s3-t13",
      "begin" : 187,
      "end" : 193,
      "text" : "bodied",
      "whiteSpace" : false
    }, {
      "id" : "s3-t14",
      "begin" : 194,
      "end" : 200,
      "text" : "flavor",
      "whiteSpace" : false
    }, {
      "id" : "s3-t15",
      "begin" : 200,
      "end" : 201,
      "text" : ".",
      "whiteSpace" : false
    } ]
  }, {
    "id" : "s4",
    "begin" : 202,
    "end" : 275,
    "text" : "I like my coffee on the milder side so I can even get 2 cups from 1 Kcup.",
    "tokens" : [ {
      "id" : "s4-t0",
      "begin" : 202,
      "end" : 203,
      "text" : "I",
      "whiteSpace" : false
    }, {
      "id" : "s4-t1",
      "begin" : 204,
      "end" : 208,
      "text" : "like",
      "whiteSpace" : false
    }, {
      "id" : "s4-t2",
      "begin" : 209,
      "end" : 211,
      "text" : "my",
      "whiteSpace" : false
    }, {
      "id" : "s4-t3",
      "begin" : 212,
      "end" : 218,
      "text" : "coffee",
      "whiteSpace" : false
    }, {
      "id" : "s4-t4",
      "begin" : 219,
      "end" : 221,
      "text" : "on",
      "whiteSpace" : false
    }, {
      "id" : "s4-t5",
      "begin" : 222,
      "end" : 225,
      "text" : "the",
      "whiteSpace" : false
    }, {
      "id" : "s4-t6",
      "begin" : 226,
      "end" : 232,
      "text" : "milder",
      "whiteSpace" : false
    }, {
      "id" : "s4-t7",
      "begin" : 233,
      "end" : 237,
      "text" : "side",
      "whiteSpace" : false
    }, {
      "id" : "s4-t8",
      "begin" : 238,
      "end" : 240,
      "text" : "so",
      "whiteSpace" : false
    }, {
      "id" : "s4-t9",
      "begin" : 241,
      "end" : 242,
      "text" : "I",
      "whiteSpace" : false
    }, {
      "id" : "s4-t10",
      "begin" : 243,
      "end" : 246,
      "text" : "can",
      "whiteSpace" : false
    }, {
      "id" : "s4-t11",
      "begin" : 247,
      "end" : 251,
      "text" : "even",
      "whiteSpace" : false
    }, {
      "id" : "s4-t12",
      "begin" : 252,
      "end" : 255,
      "text" : "get",
      "whiteSpace" : false
    }, {
      "id" : "s4-t13",
      "begin" : 256,
      "end" : 257,
      "text" : "2",
      "whiteSpace" : false
    }, {
      "id" : "s4-t14",
      "begin" : 258,
      "end" : 262,
      "text" : "cups",
      "whiteSpace" : false
    }, {
      "id" : "s4-t15",
      "begin" : 263,
      "end" : 267,
      "text" : "from",
      "whiteSpace" : false
    }, {
      "id" : "s4-t16",
      "begin" : 268,
      "end" : 269,
      "text" : "1",
      "whiteSpace" : false
    }, {
      "id" : "s4-t17",
      "begin" : 270,
      "end" : 274,
      "text" : "Kcup",
      "whiteSpace" : false
    }, {
      "id" : "s4-t18",
      "begin" : 274,
      "end" : 275,
      "text" : ".",
      "whiteSpace" : false
    } ]
  } ],
  "mentions" : [ {
    "id" : "s0-m1",
    "properties" : {
      "SIRE_MENTION_ROLE" : "Product",
      "SIRE_ENTITY_SUBTYPE" : "NONE",
      "SIRE_MENTION_TYPE" : "NONE",
      "SIRE_MENTION_CLASS" : "SPC"
    },
    "type" : "Brand",
    "begin" : 16,
    "end" : 26,
    "inCoref" : false
  }, {
    "id" : "s0-m2",
    "properties" : {
      "SIRE_MENTION_ROLE" : "Product",
      "SIRE_ENTITY_SUBTYPE" : "NONE",
      "SIRE_MENTION_TYPE" : "NONE",
      "SIRE_MENTION_CLASS" : "SPC"
    },
    "type" : "Brand",
    "begin" : 30,
    "end" : 38,
    "inCoref" : false
  }, {
    "id" : "s2-m1",
    "properties" : {
      "SIRE_MENTION_ROLE" : "Attribute",
      "SIRE_ENTITY_SUBTYPE" : "NONE",
      "SIRE_MENTION_TYPE" : "NONE",
      "SIRE_MENTION_CLASS" : "SPC"
    },
    "type" : "Attribute",
    "begin" : 95,
    "end" : 101,
    "inCoref" : false
  }, {
    "id" : "s3-m1",
    "properties" : {
      "SIRE_MENTION_ROLE" : "Product",
      "SIRE_ENTITY_SUBTYPE" : "NONE",
      "SIRE_MENTION_TYPE" : "NONE",
      "SIRE_MENTION_CLASS" : "SPC"
    },
    "type" : "Product",
    "begin" : 152,
    "end" : 156,
    "inCoref" : true
  }, {
    "id" : "s4-m1",
    "properties" : {
      "SIRE_MENTION_ROLE" : "Product",
      "SIRE_ENTITY_SUBTYPE" : "NONE",
      "SIRE_MENTION_TYPE" : "NONE",
      "SIRE_MENTION_CLASS" : "SPC"
    },
    "type" : "Product",
    "begin" : 212,
    "end" : 218,
    "inCoref" : true
  }, {
    "id" : "s4-m2",
    "properties" : {
      "SIRE_MENTION_ROLE" : "Product",
      "SIRE_ENTITY_SUBTYPE" : "NONE",
      "SIRE_MENTION_TYPE" : "NONE",
      "SIRE_MENTION_CLASS" : "SPC"
    },
    "type" : "Product",
    "begin" : 270,
    "end" : 274,
    "inCoref" : true
  } ],
  "relations" : [ ],
  "corefs" : [ {
    "id" : "c1",
    "properties" : { },
    "mentions" : [ "s3-m1", "s4-m1", "s4-m2" ]
  } ],
  "typeResolved" : true,
  "userResolved" : false
}