{
  "id" : "bc2e7dc0-32ab-11e8-9c9d-6505f4419106-41",
  "name" : "review_0696.json",
  "createdDate" : 0,
  "version" : 3,
  "text" : "I google the \"coconut oil\" and found it is great for health. Based on the review, I gave Nutiva a try and never regret. It smalls so good. I put one jar in my little kitchen and another one in  my bathroom. Besides cooking, I use it on my hair, too. Best ever! Loves it!",
  "docLength" : 0,
  "language" : "EN",
  "status" : "SUBMITTED",
  "modifiedDate" : 1522296150947,
  "documentSet" : [ ],
  "preannotation" : [ ],
  "sentences" : [ {
    "id" : "s0",
    "begin" : 0,
    "end" : 60,
    "text" : "I google the \"coconut oil\" and found it is great for health.",
    "tokens" : [ {
      "id" : "s0-t0",
      "begin" : 0,
      "end" : 1,
      "text" : "I",
      "whiteSpace" : false
    }, {
      "id" : "s0-t1",
      "begin" : 2,
      "end" : 8,
      "text" : "google",
      "whiteSpace" : false
    }, {
      "id" : "s0-t2",
      "begin" : 9,
      "end" : 12,
      "text" : "the",
      "whiteSpace" : false
    }, {
      "id" : "s0-t3",
      "begin" : 13,
      "end" : 14,
      "text" : "\"",
      "whiteSpace" : false
    }, {
      "id" : "s0-t4",
      "begin" : 14,
      "end" : 21,
      "text" : "coconut",
      "whiteSpace" : false
    }, {
      "id" : "s0-t5",
      "begin" : 22,
      "end" : 25,
      "text" : "oil",
      "whiteSpace" : false
    }, {
      "id" : "s0-t6",
      "begin" : 25,
      "end" : 26,
      "text" : "\"",
      "whiteSpace" : false
    }, {
      "id" : "s0-t7",
      "begin" : 27,
      "end" : 30,
      "text" : "and",
      "whiteSpace" : false
    }, {
      "id" : "s0-t8",
      "begin" : 31,
      "end" : 36,
      "text" : "found",
      "whiteSpace" : false
    }, {
      "id" : "s0-t9",
      "begin" : 37,
      "end" : 39,
      "text" : "it",
      "whiteSpace" : false
    }, {
      "id" : "s0-t10",
      "begin" : 40,
      "end" : 42,
      "text" : "is",
      "whiteSpace" : false
    }, {
      "id" : "s0-t11",
      "begin" : 43,
      "end" : 48,
      "text" : "great",
      "whiteSpace" : false
    }, {
      "id" : "s0-t12",
      "begin" : 49,
      "end" : 52,
      "text" : "for",
      "whiteSpace" : false
    }, {
      "id" : "s0-t13",
      "begin" : 53,
      "end" : 59,
      "text" : "health",
      "whiteSpace" : false
    }, {
      "id" : "s0-t14",
      "begin" : 59,
      "end" : 60,
      "text" : ".",
      "whiteSpace" : false
    } ]
  }, {
    "id" : "s1",
    "begin" : 61,
    "end" : 119,
    "text" : "Based on the review, I gave Nutiva a try and never regret.",
    "tokens" : [ {
      "id" : "s1-t0",
      "begin" : 61,
      "end" : 66,
      "text" : "Based",
      "whiteSpace" : false
    }, {
      "id" : "s1-t1",
      "begin" : 67,
      "end" : 69,
      "text" : "on",
      "whiteSpace" : false
    }, {
      "id" : "s1-t2",
      "begin" : 70,
      "end" : 73,
      "text" : "the",
      "whiteSpace" : false
    }, {
      "id" : "s1-t3",
      "begin" : 74,
      "end" : 80,
      "text" : "review",
      "whiteSpace" : false
    }, {
      "id" : "s1-t4",
      "begin" : 80,
      "end" : 81,
      "text" : ",",
      "whiteSpace" : false
    }, {
      "id" : "s1-t5",
      "begin" : 82,
      "end" : 83,
      "text" : "I",
      "whiteSpace" : false
    }, {
      "id" : "s1-t6",
      "begin" : 84,
      "end" : 88,
      "text" : "gave",
      "whiteSpace" : false
    }, {
      "id" : "s1-t7",
      "begin" : 89,
      "end" : 95,
      "text" : "Nutiva",
      "whiteSpace" : false
    }, {
      "id" : "s1-t8",
      "begin" : 96,
      "end" : 97,
      "text" : "a",
      "whiteSpace" : false
    }, {
      "id" : "s1-t9",
      "begin" : 98,
      "end" : 101,
      "text" : "try",
      "whiteSpace" : false
    }, {
      "id" : "s1-t10",
      "begin" : 102,
      "end" : 105,
      "text" : "and",
      "whiteSpace" : false
    }, {
      "id" : "s1-t11",
      "begin" : 106,
      "end" : 111,
      "text" : "never",
      "whiteSpace" : false
    }, {
      "id" : "s1-t12",
      "begin" : 112,
      "end" : 118,
      "text" : "regret",
      "whiteSpace" : false
    }, {
      "id" : "s1-t13",
      "begin" : 118,
      "end" : 119,
      "text" : ".",
      "whiteSpace" : false
    } ]
  }, {
    "id" : "s2",
    "begin" : 120,
    "end" : 138,
    "text" : "It smalls so good.",
    "tokens" : [ {
      "id" : "s2-t0",
      "begin" : 120,
      "end" : 122,
      "text" : "It",
      "whiteSpace" : false
    }, {
      "id" : "s2-t1",
      "begin" : 123,
      "end" : 129,
      "text" : "smalls",
      "whiteSpace" : false
    }, {
      "id" : "s2-t2",
      "begin" : 130,
      "end" : 132,
      "text" : "so",
      "whiteSpace" : false
    }, {
      "id" : "s2-t3",
      "begin" : 133,
      "end" : 137,
      "text" : "good",
      "whiteSpace" : false
    }, {
      "id" : "s2-t4",
      "begin" : 137,
      "end" : 138,
      "text" : ".",
      "whiteSpace" : false
    } ]
  }, {
    "id" : "s3",
    "begin" : 139,
    "end" : 206,
    "text" : "I put one jar in my little kitchen and another one in  my bathroom.",
    "tokens" : [ {
      "id" : "s3-t0",
      "begin" : 139,
      "end" : 140,
      "text" : "I",
      "whiteSpace" : false
    }, {
      "id" : "s3-t1",
      "begin" : 141,
      "end" : 144,
      "text" : "put",
      "whiteSpace" : false
    }, {
      "id" : "s3-t2",
      "begin" : 145,
      "end" : 148,
      "text" : "one",
      "whiteSpace" : false
    }, {
      "id" : "s3-t3",
      "begin" : 149,
      "end" : 152,
      "text" : "jar",
      "whiteSpace" : false
    }, {
      "id" : "s3-t4",
      "begin" : 153,
      "end" : 155,
      "text" : "in",
      "whiteSpace" : false
    }, {
      "id" : "s3-t5",
      "begin" : 156,
      "end" : 158,
      "text" : "my",
      "whiteSpace" : false
    }, {
      "id" : "s3-t6",
      "begin" : 159,
      "end" : 165,
      "text" : "little",
      "whiteSpace" : false
    }, {
      "id" : "s3-t7",
      "begin" : 166,
      "end" : 173,
      "text" : "kitchen",
      "whiteSpace" : false
    }, {
      "id" : "s3-t8",
      "begin" : 174,
      "end" : 177,
      "text" : "and",
      "whiteSpace" : false
    }, {
      "id" : "s3-t9",
      "begin" : 178,
      "end" : 185,
      "text" : "another",
      "whiteSpace" : false
    }, {
      "id" : "s3-t10",
      "begin" : 186,
      "end" : 189,
      "text" : "one",
      "whiteSpace" : false
    }, {
      "id" : "s3-t11",
      "begin" : 190,
      "end" : 192,
      "text" : "in",
      "whiteSpace" : false
    }, {
      "id" : "s3-t12",
      "begin" : 194,
      "end" : 196,
      "text" : "my",
      "whiteSpace" : false
    }, {
      "id" : "s3-t13",
      "begin" : 197,
      "end" : 205,
      "text" : "bathroom",
      "whiteSpace" : false
    }, {
      "id" : "s3-t14",
      "begin" : 205,
      "end" : 206,
      "text" : ".",
      "whiteSpace" : false
    } ]
  }, {
    "id" : "s4",
    "begin" : 207,
    "end" : 249,
    "text" : "Besides cooking, I use it on my hair, too.",
    "tokens" : [ {
      "id" : "s4-t0",
      "begin" : 207,
      "end" : 214,
      "text" : "Besides",
      "whiteSpace" : false
    }, {
      "id" : "s4-t1",
      "begin" : 215,
      "end" : 222,
      "text" : "cooking",
      "whiteSpace" : false
    }, {
      "id" : "s4-t2",
      "begin" : 222,
      "end" : 223,
      "text" : ",",
      "whiteSpace" : false
    }, {
      "id" : "s4-t3",
      "begin" : 224,
      "end" : 225,
      "text" : "I",
      "whiteSpace" : false
    }, {
      "id" : "s4-t4",
      "begin" : 226,
      "end" : 229,
      "text" : "use",
      "whiteSpace" : false
    }, {
      "id" : "s4-t5",
      "begin" : 230,
      "end" : 232,
      "text" : "it",
      "whiteSpace" : false
    }, {
      "id" : "s4-t6",
      "begin" : 233,
      "end" : 235,
      "text" : "on",
      "whiteSpace" : false
    }, {
      "id" : "s4-t7",
      "begin" : 236,
      "end" : 238,
      "text" : "my",
      "whiteSpace" : false
    }, {
      "id" : "s4-t8",
      "begin" : 239,
      "end" : 243,
      "text" : "hair",
      "whiteSpace" : false
    }, {
      "id" : "s4-t9",
      "begin" : 243,
      "end" : 244,
      "text" : ",",
      "whiteSpace" : false
    }, {
      "id" : "s4-t10",
      "begin" : 245,
      "end" : 248,
      "text" : "too",
      "whiteSpace" : false
    }, {
      "id" : "s4-t11",
      "begin" : 248,
      "end" : 249,
      "text" : ".",
      "whiteSpace" : false
    } ]
  }, {
    "id" : "s5",
    "begin" : 250,
    "end" : 260,
    "text" : "Best ever!",
    "tokens" : [ {
      "id" : "s5-t0",
      "begin" : 250,
      "end" : 254,
      "text" : "Best",
      "whiteSpace" : false
    }, {
      "id" : "s5-t1",
      "begin" : 255,
      "end" : 259,
      "text" : "ever",
      "whiteSpace" : false
    }, {
      "id" : "s5-t2",
      "begin" : 259,
      "end" : 260,
      "text" : "!",
      "whiteSpace" : false
    } ]
  }, {
    "id" : "s6",
    "begin" : 261,
    "end" : 270,
    "text" : "Loves it!",
    "tokens" : [ {
      "id" : "s6-t0",
      "begin" : 261,
      "end" : 266,
      "text" : "Loves",
      "whiteSpace" : false
    }, {
      "id" : "s6-t1",
      "begin" : 267,
      "end" : 269,
      "text" : "it",
      "whiteSpace" : false
    }, {
      "id" : "s6-t2",
      "begin" : 269,
      "end" : 270,
      "text" : "!",
      "whiteSpace" : false
    } ]
  } ],
  "mentions" : [ {
    "id" : "s0-m1",
    "properties" : {
      "SIRE_MENTION_ROLE" : "Product",
      "SIRE_ENTITY_SUBTYPE" : "NONE",
      "SIRE_MENTION_TYPE" : "NONE",
      "SIRE_MENTION_CLASS" : "SPC"
    },
    "type" : "Product",
    "begin" : 14,
    "end" : 25,
    "inCoref" : false
  }, {
    "id" : "s1-m1",
    "properties" : {
      "SIRE_MENTION_ROLE" : "Brand",
      "SIRE_ENTITY_SUBTYPE" : "NONE",
      "SIRE_MENTION_TYPE" : "NONE",
      "SIRE_MENTION_CLASS" : "SPC"
    },
    "type" : "Brand",
    "begin" : 89,
    "end" : 95,
    "inCoref" : false
  }, {
    "id" : "s2-m1",
    "properties" : {
      "SIRE_MENTION_ROLE" : "Product",
      "SIRE_ENTITY_SUBTYPE" : "NONE",
      "SIRE_MENTION_TYPE" : "NONE",
      "SIRE_MENTION_CLASS" : "SPC"
    },
    "type" : "Product",
    "begin" : 120,
    "end" : 122,
    "inCoref" : true
  }, {
    "id" : "s4-m1",
    "properties" : {
      "SIRE_MENTION_ROLE" : "Product",
      "SIRE_ENTITY_SUBTYPE" : "NONE",
      "SIRE_MENTION_TYPE" : "NONE",
      "SIRE_MENTION_CLASS" : "SPC"
    },
    "type" : "Product",
    "begin" : 230,
    "end" : 232,
    "inCoref" : true
  } ],
  "relations" : [ ],
  "corefs" : [ {
    "id" : "c1",
    "properties" : { },
    "mentions" : [ "s2-m1", "s4-m1" ]
  } ],
  "typeResolved" : true,
  "userResolved" : false
}