{
  "id" : "bc2e7dc0-32ab-11e8-9c9d-6505f4419106-96",
  "name" : "review_1534.json",
  "createdDate" : 0,
  "version" : 3,
  "text" : "Larabars are delicious, and I was amazed when I read the ingredients list. There's nothing but real, healthy things! I've only had the Apple Pie flavor, which I was told was the best, and it was really great. I can have a sweet treat during the day, I just have to snack, but it's healthy!",
  "docLength" : 0,
  "language" : "EN",
  "status" : "SUBMITTED",
  "modifiedDate" : 1522290328561,
  "documentSet" : [ ],
  "preannotation" : [ ],
  "sentences" : [ {
    "id" : "s0",
    "begin" : 0,
    "end" : 74,
    "text" : "Larabars are delicious, and I was amazed when I read the ingredients list.",
    "tokens" : [ {
      "id" : "s0-t0",
      "begin" : 0,
      "end" : 8,
      "text" : "Larabars",
      "whiteSpace" : false
    }, {
      "id" : "s0-t1",
      "begin" : 9,
      "end" : 12,
      "text" : "are",
      "whiteSpace" : false
    }, {
      "id" : "s0-t2",
      "begin" : 13,
      "end" : 22,
      "text" : "delicious",
      "whiteSpace" : false
    }, {
      "id" : "s0-t3",
      "begin" : 22,
      "end" : 23,
      "text" : ",",
      "whiteSpace" : false
    }, {
      "id" : "s0-t4",
      "begin" : 24,
      "end" : 27,
      "text" : "and",
      "whiteSpace" : false
    }, {
      "id" : "s0-t5",
      "begin" : 28,
      "end" : 29,
      "text" : "I",
      "whiteSpace" : false
    }, {
      "id" : "s0-t6",
      "begin" : 30,
      "end" : 33,
      "text" : "was",
      "whiteSpace" : false
    }, {
      "id" : "s0-t7",
      "begin" : 34,
      "end" : 40,
      "text" : "amazed",
      "whiteSpace" : false
    }, {
      "id" : "s0-t8",
      "begin" : 41,
      "end" : 45,
      "text" : "when",
      "whiteSpace" : false
    }, {
      "id" : "s0-t9",
      "begin" : 46,
      "end" : 47,
      "text" : "I",
      "whiteSpace" : false
    }, {
      "id" : "s0-t10",
      "begin" : 48,
      "end" : 52,
      "text" : "read",
      "whiteSpace" : false
    }, {
      "id" : "s0-t11",
      "begin" : 53,
      "end" : 56,
      "text" : "the",
      "whiteSpace" : false
    }, {
      "id" : "s0-t12",
      "begin" : 57,
      "end" : 68,
      "text" : "ingredients",
      "whiteSpace" : false
    }, {
      "id" : "s0-t13",
      "begin" : 69,
      "end" : 73,
      "text" : "list",
      "whiteSpace" : false
    }, {
      "id" : "s0-t14",
      "begin" : 73,
      "end" : 74,
      "text" : ".",
      "whiteSpace" : false
    } ]
  }, {
    "id" : "s1",
    "begin" : 75,
    "end" : 116,
    "text" : "There's nothing but real, healthy things!",
    "tokens" : [ {
      "id" : "s1-t0",
      "begin" : 75,
      "end" : 80,
      "text" : "There",
      "whiteSpace" : false
    }, {
      "id" : "s1-t1",
      "begin" : 80,
      "end" : 82,
      "text" : "'s",
      "whiteSpace" : false
    }, {
      "id" : "s1-t2",
      "begin" : 83,
      "end" : 90,
      "text" : "nothing",
      "whiteSpace" : false
    }, {
      "id" : "s1-t3",
      "begin" : 91,
      "end" : 94,
      "text" : "but",
      "whiteSpace" : false
    }, {
      "id" : "s1-t4",
      "begin" : 95,
      "end" : 99,
      "text" : "real",
      "whiteSpace" : false
    }, {
      "id" : "s1-t5",
      "begin" : 99,
      "end" : 100,
      "text" : ",",
      "whiteSpace" : false
    }, {
      "id" : "s1-t6",
      "begin" : 101,
      "end" : 108,
      "text" : "healthy",
      "whiteSpace" : false
    }, {
      "id" : "s1-t7",
      "begin" : 109,
      "end" : 115,
      "text" : "things",
      "whiteSpace" : false
    }, {
      "id" : "s1-t8",
      "begin" : 115,
      "end" : 116,
      "text" : "!",
      "whiteSpace" : false
    } ]
  }, {
    "id" : "s2",
    "begin" : 117,
    "end" : 208,
    "text" : "I've only had the Apple Pie flavor, which I was told was the best, and it was really great.",
    "tokens" : [ {
      "id" : "s2-t0",
      "begin" : 117,
      "end" : 118,
      "text" : "I",
      "whiteSpace" : false
    }, {
      "id" : "s2-t1",
      "begin" : 118,
      "end" : 121,
      "text" : "'ve",
      "whiteSpace" : false
    }, {
      "id" : "s2-t2",
      "begin" : 122,
      "end" : 126,
      "text" : "only",
      "whiteSpace" : false
    }, {
      "id" : "s2-t3",
      "begin" : 127,
      "end" : 130,
      "text" : "had",
      "whiteSpace" : false
    }, {
      "id" : "s2-t4",
      "begin" : 131,
      "end" : 134,
      "text" : "the",
      "whiteSpace" : false
    }, {
      "id" : "s2-t5",
      "begin" : 135,
      "end" : 140,
      "text" : "Apple",
      "whiteSpace" : false
    }, {
      "id" : "s2-t6",
      "begin" : 141,
      "end" : 144,
      "text" : "Pie",
      "whiteSpace" : false
    }, {
      "id" : "s2-t7",
      "begin" : 145,
      "end" : 151,
      "text" : "flavor",
      "whiteSpace" : false
    }, {
      "id" : "s2-t8",
      "begin" : 151,
      "end" : 152,
      "text" : ",",
      "whiteSpace" : false
    }, {
      "id" : "s2-t9",
      "begin" : 153,
      "end" : 158,
      "text" : "which",
      "whiteSpace" : false
    }, {
      "id" : "s2-t10",
      "begin" : 159,
      "end" : 160,
      "text" : "I",
      "whiteSpace" : false
    }, {
      "id" : "s2-t11",
      "begin" : 161,
      "end" : 164,
      "text" : "was",
      "whiteSpace" : false
    }, {
      "id" : "s2-t12",
      "begin" : 165,
      "end" : 169,
      "text" : "told",
      "whiteSpace" : false
    }, {
      "id" : "s2-t13",
      "begin" : 170,
      "end" : 173,
      "text" : "was",
      "whiteSpace" : false
    }, {
      "id" : "s2-t14",
      "begin" : 174,
      "end" : 177,
      "text" : "the",
      "whiteSpace" : false
    }, {
      "id" : "s2-t15",
      "begin" : 178,
      "end" : 182,
      "text" : "best",
      "whiteSpace" : false
    }, {
      "id" : "s2-t16",
      "begin" : 182,
      "end" : 183,
      "text" : ",",
      "whiteSpace" : false
    }, {
      "id" : "s2-t17",
      "begin" : 184,
      "end" : 187,
      "text" : "and",
      "whiteSpace" : false
    }, {
      "id" : "s2-t18",
      "begin" : 188,
      "end" : 190,
      "text" : "it",
      "whiteSpace" : false
    }, {
      "id" : "s2-t19",
      "begin" : 191,
      "end" : 194,
      "text" : "was",
      "whiteSpace" : false
    }, {
      "id" : "s2-t20",
      "begin" : 195,
      "end" : 201,
      "text" : "really",
      "whiteSpace" : false
    }, {
      "id" : "s2-t21",
      "begin" : 202,
      "end" : 207,
      "text" : "great",
      "whiteSpace" : false
    }, {
      "id" : "s2-t22",
      "begin" : 207,
      "end" : 208,
      "text" : ".",
      "whiteSpace" : false
    } ]
  }, {
    "id" : "s3",
    "begin" : 209,
    "end" : 289,
    "text" : "I can have a sweet treat during the day, I just have to snack, but it's healthy!",
    "tokens" : [ {
      "id" : "s3-t0",
      "begin" : 209,
      "end" : 210,
      "text" : "I",
      "whiteSpace" : false
    }, {
      "id" : "s3-t1",
      "begin" : 211,
      "end" : 214,
      "text" : "can",
      "whiteSpace" : false
    }, {
      "id" : "s3-t2",
      "begin" : 215,
      "end" : 219,
      "text" : "have",
      "whiteSpace" : false
    }, {
      "id" : "s3-t3",
      "begin" : 220,
      "end" : 221,
      "text" : "a",
      "whiteSpace" : false
    }, {
      "id" : "s3-t4",
      "begin" : 222,
      "end" : 227,
      "text" : "sweet",
      "whiteSpace" : false
    }, {
      "id" : "s3-t5",
      "begin" : 228,
      "end" : 233,
      "text" : "treat",
      "whiteSpace" : false
    }, {
      "id" : "s3-t6",
      "begin" : 234,
      "end" : 240,
      "text" : "during",
      "whiteSpace" : false
    }, {
      "id" : "s3-t7",
      "begin" : 241,
      "end" : 244,
      "text" : "the",
      "whiteSpace" : false
    }, {
      "id" : "s3-t8",
      "begin" : 245,
      "end" : 248,
      "text" : "day",
      "whiteSpace" : false
    }, {
      "id" : "s3-t9",
      "begin" : 248,
      "end" : 249,
      "text" : ",",
      "whiteSpace" : false
    }, {
      "id" : "s3-t10",
      "begin" : 250,
      "end" : 251,
      "text" : "I",
      "whiteSpace" : false
    }, {
      "id" : "s3-t11",
      "begin" : 252,
      "end" : 256,
      "text" : "just",
      "whiteSpace" : false
    }, {
      "id" : "s3-t12",
      "begin" : 257,
      "end" : 261,
      "text" : "have",
      "whiteSpace" : false
    }, {
      "id" : "s3-t13",
      "begin" : 262,
      "end" : 264,
      "text" : "to",
      "whiteSpace" : false
    }, {
      "id" : "s3-t14",
      "begin" : 265,
      "end" : 270,
      "text" : "snack",
      "whiteSpace" : false
    }, {
      "id" : "s3-t15",
      "begin" : 270,
      "end" : 271,
      "text" : ",",
      "whiteSpace" : false
    }, {
      "id" : "s3-t16",
      "begin" : 272,
      "end" : 275,
      "text" : "but",
      "whiteSpace" : false
    }, {
      "id" : "s3-t17",
      "begin" : 276,
      "end" : 278,
      "text" : "it",
      "whiteSpace" : false
    }, {
      "id" : "s3-t18",
      "begin" : 278,
      "end" : 280,
      "text" : "'s",
      "whiteSpace" : false
    }, {
      "id" : "s3-t19",
      "begin" : 281,
      "end" : 288,
      "text" : "healthy",
      "whiteSpace" : false
    }, {
      "id" : "s3-t20",
      "begin" : 288,
      "end" : 289,
      "text" : "!",
      "whiteSpace" : false
    } ]
  } ],
  "mentions" : [ {
    "id" : "s0-m1",
    "properties" : {
      "SIRE_MENTION_ROLE" : "Product",
      "SIRE_ENTITY_SUBTYPE" : "NONE",
      "SIRE_MENTION_TYPE" : "NONE",
      "SIRE_MENTION_CLASS" : "SPC"
    },
    "type" : "Brand",
    "begin" : 0,
    "end" : 8,
    "inCoref" : true
  }, {
    "id" : "s2-m1",
    "properties" : {
      "SIRE_MENTION_ROLE" : "Attribute",
      "SIRE_ENTITY_SUBTYPE" : "NONE",
      "SIRE_MENTION_TYPE" : "NONE",
      "SIRE_MENTION_CLASS" : "SPC"
    },
    "type" : "Attribute",
    "begin" : 135,
    "end" : 144,
    "inCoref" : true
  }, {
    "id" : "s2-m2",
    "properties" : {
      "SIRE_MENTION_ROLE" : "Attribute",
      "SIRE_ENTITY_SUBTYPE" : "NONE",
      "SIRE_MENTION_TYPE" : "NONE",
      "SIRE_MENTION_CLASS" : "SPC"
    },
    "type" : "Attribute",
    "begin" : 188,
    "end" : 190,
    "inCoref" : true
  }, {
    "id" : "s3-m1",
    "properties" : {
      "SIRE_MENTION_ROLE" : "Product",
      "SIRE_ENTITY_SUBTYPE" : "NONE",
      "SIRE_MENTION_TYPE" : "NONE",
      "SIRE_MENTION_CLASS" : "SPC"
    },
    "type" : "Product",
    "begin" : 276,
    "end" : 278,
    "inCoref" : true
  } ],
  "relations" : [ ],
  "corefs" : [ {
    "id" : "c1",
    "properties" : { },
    "mentions" : [ "s0-m1", "s3-m1" ]
  }, {
    "id" : "c2",
    "properties" : { },
    "mentions" : [ "s2-m1", "s2-m2" ]
  } ],
  "typeResolved" : true,
  "userResolved" : false
}