{
  "id" : "bc2e7dc0-32ab-11e8-9c9d-6505f4419106-109",
  "name" : "review_1776.json",
  "createdDate" : 0,
  "version" : 3,
  "text" : "If you like a balanced cup of joe, this is a great choice. The coffee is smooth and balanced. There is no bitterness or bite. Thank you Chef Puck for this fantastic decaf coffee choice!",
  "docLength" : 0,
  "language" : "EN",
  "status" : "SUBMITTED",
  "modifiedDate" : 1522304241147,
  "documentSet" : [ ],
  "preannotation" : [ ],
  "sentences" : [ {
    "id" : "s0",
    "begin" : 0,
    "end" : 58,
    "text" : "If you like a balanced cup of joe, this is a great choice.",
    "tokens" : [ {
      "id" : "s0-t0",
      "begin" : 0,
      "end" : 2,
      "text" : "If",
      "whiteSpace" : false
    }, {
      "id" : "s0-t1",
      "begin" : 3,
      "end" : 6,
      "text" : "you",
      "whiteSpace" : false
    }, {
      "id" : "s0-t2",
      "begin" : 7,
      "end" : 11,
      "text" : "like",
      "whiteSpace" : false
    }, {
      "id" : "s0-t3",
      "begin" : 12,
      "end" : 13,
      "text" : "a",
      "whiteSpace" : false
    }, {
      "id" : "s0-t4",
      "begin" : 14,
      "end" : 22,
      "text" : "balanced",
      "whiteSpace" : false
    }, {
      "id" : "s0-t5",
      "begin" : 23,
      "end" : 26,
      "text" : "cup",
      "whiteSpace" : false
    }, {
      "id" : "s0-t6",
      "begin" : 27,
      "end" : 29,
      "text" : "of",
      "whiteSpace" : false
    }, {
      "id" : "s0-t7",
      "begin" : 30,
      "end" : 33,
      "text" : "joe",
      "whiteSpace" : false
    }, {
      "id" : "s0-t8",
      "begin" : 33,
      "end" : 34,
      "text" : ",",
      "whiteSpace" : false
    }, {
      "id" : "s0-t9",
      "begin" : 35,
      "end" : 39,
      "text" : "this",
      "whiteSpace" : false
    }, {
      "id" : "s0-t10",
      "begin" : 40,
      "end" : 42,
      "text" : "is",
      "whiteSpace" : false
    }, {
      "id" : "s0-t11",
      "begin" : 43,
      "end" : 44,
      "text" : "a",
      "whiteSpace" : false
    }, {
      "id" : "s0-t12",
      "begin" : 45,
      "end" : 50,
      "text" : "great",
      "whiteSpace" : false
    }, {
      "id" : "s0-t13",
      "begin" : 51,
      "end" : 57,
      "text" : "choice",
      "whiteSpace" : false
    }, {
      "id" : "s0-t14",
      "begin" : 57,
      "end" : 58,
      "text" : ".",
      "whiteSpace" : false
    } ]
  }, {
    "id" : "s1",
    "begin" : 59,
    "end" : 93,
    "text" : "The coffee is smooth and balanced.",
    "tokens" : [ {
      "id" : "s1-t0",
      "begin" : 59,
      "end" : 62,
      "text" : "The",
      "whiteSpace" : false
    }, {
      "id" : "s1-t1",
      "begin" : 63,
      "end" : 69,
      "text" : "coffee",
      "whiteSpace" : false
    }, {
      "id" : "s1-t2",
      "begin" : 70,
      "end" : 72,
      "text" : "is",
      "whiteSpace" : false
    }, {
      "id" : "s1-t3",
      "begin" : 73,
      "end" : 79,
      "text" : "smooth",
      "whiteSpace" : false
    }, {
      "id" : "s1-t4",
      "begin" : 80,
      "end" : 83,
      "text" : "and",
      "whiteSpace" : false
    }, {
      "id" : "s1-t5",
      "begin" : 84,
      "end" : 92,
      "text" : "balanced",
      "whiteSpace" : false
    }, {
      "id" : "s1-t6",
      "begin" : 92,
      "end" : 93,
      "text" : ".",
      "whiteSpace" : false
    } ]
  }, {
    "id" : "s2",
    "begin" : 94,
    "end" : 125,
    "text" : "There is no bitterness or bite.",
    "tokens" : [ {
      "id" : "s2-t0",
      "begin" : 94,
      "end" : 99,
      "text" : "There",
      "whiteSpace" : false
    }, {
      "id" : "s2-t1",
      "begin" : 100,
      "end" : 102,
      "text" : "is",
      "whiteSpace" : false
    }, {
      "id" : "s2-t2",
      "begin" : 103,
      "end" : 105,
      "text" : "no",
      "whiteSpace" : false
    }, {
      "id" : "s2-t3",
      "begin" : 106,
      "end" : 116,
      "text" : "bitterness",
      "whiteSpace" : false
    }, {
      "id" : "s2-t4",
      "begin" : 117,
      "end" : 119,
      "text" : "or",
      "whiteSpace" : false
    }, {
      "id" : "s2-t5",
      "begin" : 120,
      "end" : 124,
      "text" : "bite",
      "whiteSpace" : false
    }, {
      "id" : "s2-t6",
      "begin" : 124,
      "end" : 125,
      "text" : ".",
      "whiteSpace" : false
    } ]
  }, {
    "id" : "s3",
    "begin" : 126,
    "end" : 185,
    "text" : "Thank you Chef Puck for this fantastic decaf coffee choice!",
    "tokens" : [ {
      "id" : "s3-t0",
      "begin" : 126,
      "end" : 131,
      "text" : "Thank",
      "whiteSpace" : false
    }, {
      "id" : "s3-t1",
      "begin" : 132,
      "end" : 135,
      "text" : "you",
      "whiteSpace" : false
    }, {
      "id" : "s3-t2",
      "begin" : 136,
      "end" : 140,
      "text" : "Chef",
      "whiteSpace" : false
    }, {
      "id" : "s3-t3",
      "begin" : 141,
      "end" : 145,
      "text" : "Puck",
      "whiteSpace" : false
    }, {
      "id" : "s3-t4",
      "begin" : 146,
      "end" : 149,
      "text" : "for",
      "whiteSpace" : false
    }, {
      "id" : "s3-t5",
      "begin" : 150,
      "end" : 154,
      "text" : "this",
      "whiteSpace" : false
    }, {
      "id" : "s3-t6",
      "begin" : 155,
      "end" : 164,
      "text" : "fantastic",
      "whiteSpace" : false
    }, {
      "id" : "s3-t7",
      "begin" : 165,
      "end" : 170,
      "text" : "decaf",
      "whiteSpace" : false
    }, {
      "id" : "s3-t8",
      "begin" : 171,
      "end" : 177,
      "text" : "coffee",
      "whiteSpace" : false
    }, {
      "id" : "s3-t9",
      "begin" : 178,
      "end" : 184,
      "text" : "choice",
      "whiteSpace" : false
    }, {
      "id" : "s3-t10",
      "begin" : 184,
      "end" : 185,
      "text" : "!",
      "whiteSpace" : false
    } ]
  } ],
  "mentions" : [ {
    "id" : "s1-m1",
    "properties" : {
      "SIRE_MENTION_ROLE" : "Product",
      "SIRE_ENTITY_SUBTYPE" : "NONE",
      "SIRE_MENTION_TYPE" : "NONE",
      "SIRE_MENTION_CLASS" : "SPC"
    },
    "type" : "Product",
    "begin" : 63,
    "end" : 69,
    "inCoref" : true
  }, {
    "id" : "s3-m1",
    "properties" : {
      "SIRE_MENTION_ROLE" : "Brand",
      "SIRE_ENTITY_SUBTYPE" : "NONE",
      "SIRE_MENTION_TYPE" : "NONE",
      "SIRE_MENTION_CLASS" : "SPC"
    },
    "type" : "Brand",
    "begin" : 136,
    "end" : 145,
    "inCoref" : false
  }, {
    "id" : "s3-m3",
    "properties" : {
      "SIRE_MENTION_ROLE" : "Attribute",
      "SIRE_ENTITY_SUBTYPE" : "NONE",
      "SIRE_MENTION_TYPE" : "NONE",
      "SIRE_MENTION_CLASS" : "SPC"
    },
    "type" : "Attribute",
    "begin" : 165,
    "end" : 170,
    "inCoref" : false
  }, {
    "id" : "s3-m2",
    "properties" : {
      "SIRE_MENTION_ROLE" : "Product",
      "SIRE_ENTITY_SUBTYPE" : "NONE",
      "SIRE_MENTION_TYPE" : "NONE",
      "SIRE_MENTION_CLASS" : "SPC"
    },
    "type" : "Product",
    "begin" : 171,
    "end" : 177,
    "inCoref" : true
  } ],
  "relations" : [ {
    "id" : "s3-r1",
    "properties" : { },
    "type" : "brandOf",
    "args" : [ "s3-m1", "s3-m2" ]
  }, {
    "id" : "s3-r2",
    "properties" : { },
    "type" : "propertyOf",
    "args" : [ "s3-m3", "s3-m2" ]
  } ],
  "corefs" : [ {
    "id" : "c1",
    "properties" : { },
    "mentions" : [ "s1-m1", "s3-m2" ]
  } ],
  "typeResolved" : true,
  "userResolved" : false
}