{
  "id" : "bc2e7dc0-32ab-11e8-9c9d-6505f4419106-37",
  "name" : "review_0612.json",
  "createdDate" : 0,
  "version" : 3,
  "text" : "With my Keurig brewer I try to keep the per-cup costs down by shopping around. When I saw the San Francisco Bay products I was intrigued, mostly because of price, but also concerned, as they are not sealed in a container (the bottom portion is a mesh). While I do need to keep the product in a sealed container for freshness, the coffee is good and the cost is right.",
  "docLength" : 0,
  "language" : "EN",
  "status" : "SUBMITTED",
  "modifiedDate" : 1522257381281,
  "documentSet" : [ ],
  "preannotation" : [ ],
  "sentences" : [ {
    "id" : "s0",
    "begin" : 0,
    "end" : 78,
    "text" : "With my Keurig brewer I try to keep the per-cup costs down by shopping around.",
    "tokens" : [ {
      "id" : "s0-t0",
      "begin" : 0,
      "end" : 4,
      "text" : "With",
      "whiteSpace" : false
    }, {
      "id" : "s0-t1",
      "begin" : 5,
      "end" : 7,
      "text" : "my",
      "whiteSpace" : false
    }, {
      "id" : "s0-t2",
      "begin" : 8,
      "end" : 14,
      "text" : "Keurig",
      "whiteSpace" : false
    }, {
      "id" : "s0-t3",
      "begin" : 15,
      "end" : 21,
      "text" : "brewer",
      "whiteSpace" : false
    }, {
      "id" : "s0-t4",
      "begin" : 22,
      "end" : 23,
      "text" : "I",
      "whiteSpace" : false
    }, {
      "id" : "s0-t5",
      "begin" : 24,
      "end" : 27,
      "text" : "try",
      "whiteSpace" : false
    }, {
      "id" : "s0-t6",
      "begin" : 28,
      "end" : 30,
      "text" : "to",
      "whiteSpace" : false
    }, {
      "id" : "s0-t7",
      "begin" : 31,
      "end" : 35,
      "text" : "keep",
      "whiteSpace" : false
    }, {
      "id" : "s0-t8",
      "begin" : 36,
      "end" : 39,
      "text" : "the",
      "whiteSpace" : false
    }, {
      "id" : "s0-t9",
      "begin" : 40,
      "end" : 43,
      "text" : "per",
      "whiteSpace" : false
    }, {
      "id" : "s0-t10",
      "begin" : 43,
      "end" : 44,
      "text" : "-",
      "whiteSpace" : false
    }, {
      "id" : "s0-t11",
      "begin" : 44,
      "end" : 47,
      "text" : "cup",
      "whiteSpace" : false
    }, {
      "id" : "s0-t12",
      "begin" : 48,
      "end" : 53,
      "text" : "costs",
      "whiteSpace" : false
    }, {
      "id" : "s0-t13",
      "begin" : 54,
      "end" : 58,
      "text" : "down",
      "whiteSpace" : false
    }, {
      "id" : "s0-t14",
      "begin" : 59,
      "end" : 61,
      "text" : "by",
      "whiteSpace" : false
    }, {
      "id" : "s0-t15",
      "begin" : 62,
      "end" : 70,
      "text" : "shopping",
      "whiteSpace" : false
    }, {
      "id" : "s0-t16",
      "begin" : 71,
      "end" : 77,
      "text" : "around",
      "whiteSpace" : false
    }, {
      "id" : "s0-t17",
      "begin" : 77,
      "end" : 78,
      "text" : ".",
      "whiteSpace" : false
    } ]
  }, {
    "id" : "s1",
    "begin" : 79,
    "end" : 252,
    "text" : "When I saw the San Francisco Bay products I was intrigued, mostly because of price, but also concerned, as they are not sealed in a container (the bottom portion is a mesh).",
    "tokens" : [ {
      "id" : "s1-t0",
      "begin" : 79,
      "end" : 83,
      "text" : "When",
      "whiteSpace" : false
    }, {
      "id" : "s1-t1",
      "begin" : 84,
      "end" : 85,
      "text" : "I",
      "whiteSpace" : false
    }, {
      "id" : "s1-t2",
      "begin" : 86,
      "end" : 89,
      "text" : "saw",
      "whiteSpace" : false
    }, {
      "id" : "s1-t3",
      "begin" : 90,
      "end" : 93,
      "text" : "the",
      "whiteSpace" : false
    }, {
      "id" : "s1-t4",
      "begin" : 94,
      "end" : 97,
      "text" : "San",
      "whiteSpace" : false
    }, {
      "id" : "s1-t5",
      "begin" : 98,
      "end" : 107,
      "text" : "Francisco",
      "whiteSpace" : false
    }, {
      "id" : "s1-t6",
      "begin" : 108,
      "end" : 111,
      "text" : "Bay",
      "whiteSpace" : false
    }, {
      "id" : "s1-t7",
      "begin" : 112,
      "end" : 120,
      "text" : "products",
      "whiteSpace" : false
    }, {
      "id" : "s1-t8",
      "begin" : 121,
      "end" : 122,
      "text" : "I",
      "whiteSpace" : false
    }, {
      "id" : "s1-t9",
      "begin" : 123,
      "end" : 126,
      "text" : "was",
      "whiteSpace" : false
    }, {
      "id" : "s1-t10",
      "begin" : 127,
      "end" : 136,
      "text" : "intrigued",
      "whiteSpace" : false
    }, {
      "id" : "s1-t11",
      "begin" : 136,
      "end" : 137,
      "text" : ",",
      "whiteSpace" : false
    }, {
      "id" : "s1-t12",
      "begin" : 138,
      "end" : 144,
      "text" : "mostly",
      "whiteSpace" : false
    }, {
      "id" : "s1-t13",
      "begin" : 145,
      "end" : 152,
      "text" : "because",
      "whiteSpace" : false
    }, {
      "id" : "s1-t14",
      "begin" : 153,
      "end" : 155,
      "text" : "of",
      "whiteSpace" : false
    }, {
      "id" : "s1-t15",
      "begin" : 156,
      "end" : 161,
      "text" : "price",
      "whiteSpace" : false
    }, {
      "id" : "s1-t16",
      "begin" : 161,
      "end" : 162,
      "text" : ",",
      "whiteSpace" : false
    }, {
      "id" : "s1-t17",
      "begin" : 163,
      "end" : 166,
      "text" : "but",
      "whiteSpace" : false
    }, {
      "id" : "s1-t18",
      "begin" : 167,
      "end" : 171,
      "text" : "also",
      "whiteSpace" : false
    }, {
      "id" : "s1-t19",
      "begin" : 172,
      "end" : 181,
      "text" : "concerned",
      "whiteSpace" : false
    }, {
      "id" : "s1-t20",
      "begin" : 181,
      "end" : 182,
      "text" : ",",
      "whiteSpace" : false
    }, {
      "id" : "s1-t21",
      "begin" : 183,
      "end" : 185,
      "text" : "as",
      "whiteSpace" : false
    }, {
      "id" : "s1-t22",
      "begin" : 186,
      "end" : 190,
      "text" : "they",
      "whiteSpace" : false
    }, {
      "id" : "s1-t23",
      "begin" : 191,
      "end" : 194,
      "text" : "are",
      "whiteSpace" : false
    }, {
      "id" : "s1-t24",
      "begin" : 195,
      "end" : 198,
      "text" : "not",
      "whiteSpace" : false
    }, {
      "id" : "s1-t25",
      "begin" : 199,
      "end" : 205,
      "text" : "sealed",
      "whiteSpace" : false
    }, {
      "id" : "s1-t26",
      "begin" : 206,
      "end" : 208,
      "text" : "in",
      "whiteSpace" : false
    }, {
      "id" : "s1-t27",
      "begin" : 209,
      "end" : 210,
      "text" : "a",
      "whiteSpace" : false
    }, {
      "id" : "s1-t28",
      "begin" : 211,
      "end" : 220,
      "text" : "container",
      "whiteSpace" : false
    }, {
      "id" : "s1-t29",
      "begin" : 221,
      "end" : 222,
      "text" : "(",
      "whiteSpace" : false
    }, {
      "id" : "s1-t30",
      "begin" : 222,
      "end" : 225,
      "text" : "the",
      "whiteSpace" : false
    }, {
      "id" : "s1-t31",
      "begin" : 226,
      "end" : 232,
      "text" : "bottom",
      "whiteSpace" : false
    }, {
      "id" : "s1-t32",
      "begin" : 233,
      "end" : 240,
      "text" : "portion",
      "whiteSpace" : false
    }, {
      "id" : "s1-t33",
      "begin" : 241,
      "end" : 243,
      "text" : "is",
      "whiteSpace" : false
    }, {
      "id" : "s1-t34",
      "begin" : 244,
      "end" : 245,
      "text" : "a",
      "whiteSpace" : false
    }, {
      "id" : "s1-t35",
      "begin" : 246,
      "end" : 250,
      "text" : "mesh",
      "whiteSpace" : false
    }, {
      "id" : "s1-t36",
      "begin" : 250,
      "end" : 251,
      "text" : ")",
      "whiteSpace" : false
    }, {
      "id" : "s1-t37",
      "begin" : 251,
      "end" : 252,
      "text" : ".",
      "whiteSpace" : false
    } ]
  }, {
    "id" : "s2",
    "begin" : 253,
    "end" : 367,
    "text" : "While I do need to keep the product in a sealed container for freshness, the coffee is good and the cost is right.",
    "tokens" : [ {
      "id" : "s2-t0",
      "begin" : 253,
      "end" : 258,
      "text" : "While",
      "whiteSpace" : false
    }, {
      "id" : "s2-t1",
      "begin" : 259,
      "end" : 260,
      "text" : "I",
      "whiteSpace" : false
    }, {
      "id" : "s2-t2",
      "begin" : 261,
      "end" : 263,
      "text" : "do",
      "whiteSpace" : false
    }, {
      "id" : "s2-t3",
      "begin" : 264,
      "end" : 268,
      "text" : "need",
      "whiteSpace" : false
    }, {
      "id" : "s2-t4",
      "begin" : 269,
      "end" : 271,
      "text" : "to",
      "whiteSpace" : false
    }, {
      "id" : "s2-t5",
      "begin" : 272,
      "end" : 276,
      "text" : "keep",
      "whiteSpace" : false
    }, {
      "id" : "s2-t6",
      "begin" : 277,
      "end" : 280,
      "text" : "the",
      "whiteSpace" : false
    }, {
      "id" : "s2-t7",
      "begin" : 281,
      "end" : 288,
      "text" : "product",
      "whiteSpace" : false
    }, {
      "id" : "s2-t8",
      "begin" : 289,
      "end" : 291,
      "text" : "in",
      "whiteSpace" : false
    }, {
      "id" : "s2-t9",
      "begin" : 292,
      "end" : 293,
      "text" : "a",
      "whiteSpace" : false
    }, {
      "id" : "s2-t10",
      "begin" : 294,
      "end" : 300,
      "text" : "sealed",
      "whiteSpace" : false
    }, {
      "id" : "s2-t11",
      "begin" : 301,
      "end" : 310,
      "text" : "container",
      "whiteSpace" : false
    }, {
      "id" : "s2-t12",
      "begin" : 311,
      "end" : 314,
      "text" : "for",
      "whiteSpace" : false
    }, {
      "id" : "s2-t13",
      "begin" : 315,
      "end" : 324,
      "text" : "freshness",
      "whiteSpace" : false
    }, {
      "id" : "s2-t14",
      "begin" : 324,
      "end" : 325,
      "text" : ",",
      "whiteSpace" : false
    }, {
      "id" : "s2-t15",
      "begin" : 326,
      "end" : 329,
      "text" : "the",
      "whiteSpace" : false
    }, {
      "id" : "s2-t16",
      "begin" : 330,
      "end" : 336,
      "text" : "coffee",
      "whiteSpace" : false
    }, {
      "id" : "s2-t17",
      "begin" : 337,
      "end" : 339,
      "text" : "is",
      "whiteSpace" : false
    }, {
      "id" : "s2-t18",
      "begin" : 340,
      "end" : 344,
      "text" : "good",
      "whiteSpace" : false
    }, {
      "id" : "s2-t19",
      "begin" : 345,
      "end" : 348,
      "text" : "and",
      "whiteSpace" : false
    }, {
      "id" : "s2-t20",
      "begin" : 349,
      "end" : 352,
      "text" : "the",
      "whiteSpace" : false
    }, {
      "id" : "s2-t21",
      "begin" : 353,
      "end" : 357,
      "text" : "cost",
      "whiteSpace" : false
    }, {
      "id" : "s2-t22",
      "begin" : 358,
      "end" : 360,
      "text" : "is",
      "whiteSpace" : false
    }, {
      "id" : "s2-t23",
      "begin" : 361,
      "end" : 366,
      "text" : "right",
      "whiteSpace" : false
    }, {
      "id" : "s2-t24",
      "begin" : 366,
      "end" : 367,
      "text" : ".",
      "whiteSpace" : false
    } ]
  } ],
  "mentions" : [ {
    "id" : "m8",
    "properties" : {
      "SIRE_MENTION_ROLE" : "Brand",
      "SIRE_ENTITY_SUBTYPE" : "NONE",
      "SIRE_MENTION_TYPE" : "NONE",
      "SIRE_MENTION_CLASS" : "SPC"
    },
    "type" : "Brand",
    "begin" : 8,
    "end" : 14,
    "inCoref" : false
  }, {
    "id" : "m9",
    "properties" : {
      "SIRE_MENTION_ROLE" : "Product",
      "SIRE_ENTITY_SUBTYPE" : "NONE",
      "SIRE_MENTION_TYPE" : "NONE",
      "SIRE_MENTION_CLASS" : "SPC"
    },
    "type" : "Product",
    "begin" : 15,
    "end" : 21,
    "inCoref" : false
  }, {
    "id" : "m10",
    "properties" : {
      "SIRE_MENTION_ROLE" : "Brand",
      "SIRE_ENTITY_SUBTYPE" : "NONE",
      "SIRE_MENTION_TYPE" : "NONE",
      "SIRE_MENTION_CLASS" : "SPC"
    },
    "type" : "Brand",
    "begin" : 94,
    "end" : 111,
    "inCoref" : false
  }, {
    "id" : "m11",
    "properties" : {
      "SIRE_MENTION_ROLE" : "Product",
      "SIRE_ENTITY_SUBTYPE" : "NONE",
      "SIRE_MENTION_TYPE" : "NONE",
      "SIRE_MENTION_CLASS" : "SPC"
    },
    "type" : "Product",
    "begin" : 112,
    "end" : 120,
    "inCoref" : true
  }, {
    "id" : "m12",
    "properties" : {
      "SIRE_MENTION_ROLE" : "Product",
      "SIRE_ENTITY_SUBTYPE" : "NONE",
      "SIRE_MENTION_TYPE" : "NONE",
      "SIRE_MENTION_CLASS" : "SPC"
    },
    "type" : "Product",
    "begin" : 186,
    "end" : 190,
    "inCoref" : true
  }, {
    "id" : "m14",
    "properties" : {
      "SIRE_MENTION_ROLE" : "Product",
      "SIRE_ENTITY_SUBTYPE" : "NONE",
      "SIRE_MENTION_TYPE" : "NONE",
      "SIRE_MENTION_CLASS" : "SPC"
    },
    "type" : "Product",
    "begin" : 281,
    "end" : 288,
    "inCoref" : true
  }, {
    "id" : "m15",
    "properties" : {
      "SIRE_MENTION_ROLE" : "Product",
      "SIRE_ENTITY_SUBTYPE" : "NONE",
      "SIRE_MENTION_TYPE" : "NONE",
      "SIRE_MENTION_CLASS" : "SPC"
    },
    "type" : "Product",
    "begin" : 330,
    "end" : 336,
    "inCoref" : false
  } ],
  "relations" : [ {
    "id" : "r1",
    "properties" : { },
    "type" : "brandOf",
    "args" : [ "m8", "m9" ]
  }, {
    "id" : "r2",
    "properties" : { },
    "type" : "brandOf",
    "args" : [ "m10", "m11" ]
  } ],
  "corefs" : [ {
    "id" : "c2",
    "originUser" : "anamani_think@yahoo.com",
    "properties" : { },
    "mentions" : [ "m11", "m12", "m14" ]
  } ],
  "typeResolved" : true,
  "userResolved" : false
}