{
  "id" : "bc2e7dc0-32ab-11e8-9c9d-6505f4419106-91",
  "name" : "review_1470.json",
  "createdDate" : 0,
  "version" : 3,
  "text" : "I have had numerous brands of Cappuccino-in-a-can to go; this one, by Coca~Cola aka \"Coke\"; is somewhat different. After having it in the refrigerator overnight.<br /><br />Overall with my experience with others; I give it an ok - there are better ones out there, however, this one packs a lot of punch with CAFFEINE even though it only packs 100 calories in one can.  In my humble opinion, for those who just can't wake up in the morning and have a long day at work or for College/University students would find this handy for their term exam time for it WILL KEEP YOU AWAKE!<br /><br />It was not bitter, but it did taste old even though the expiration date was well ahead of time; it did have something of a old-coffee taste that had been sitting around for quite some time, however, that could be Coca~Cola / Coke's version of how they created this Illy Issimo Coffee Cappuccino. It was well balanced but I did find the after-taste somewhat bothersome, that which I am exceeding picky about.<br /><br />For want of a better words - When one drinks this, the balance of cream or milk, coffee, and sugar were all done exceptionally well but, the coffee itself to me, personally, tasted something that had been sitting for several days - but that might be just me.",
  "docLength" : 0,
  "language" : "EN",
  "status" : "SUBMITTED",
  "modifiedDate" : 1522302923914,
  "documentSet" : [ ],
  "preannotation" : [ ],
  "sentences" : [ {
    "id" : "s0",
    "begin" : 0,
    "end" : 114,
    "text" : "I have had numerous brands of Cappuccino-in-a-can to go; this one, by Coca~Cola aka \"Coke\"; is somewhat different.",
    "tokens" : [ {
      "id" : "s0-t0",
      "begin" : 0,
      "end" : 1,
      "text" : "I",
      "whiteSpace" : false
    }, {
      "id" : "s0-t1",
      "begin" : 2,
      "end" : 6,
      "text" : "have",
      "whiteSpace" : false
    }, {
      "id" : "s0-t2",
      "begin" : 7,
      "end" : 10,
      "text" : "had",
      "whiteSpace" : false
    }, {
      "id" : "s0-t3",
      "begin" : 11,
      "end" : 19,
      "text" : "numerous",
      "whiteSpace" : false
    }, {
      "id" : "s0-t4",
      "begin" : 20,
      "end" : 26,
      "text" : "brands",
      "whiteSpace" : false
    }, {
      "id" : "s0-t5",
      "begin" : 27,
      "end" : 29,
      "text" : "of",
      "whiteSpace" : false
    }, {
      "id" : "s0-t6",
      "begin" : 30,
      "end" : 40,
      "text" : "Cappuccino",
      "whiteSpace" : false
    }, {
      "id" : "s0-t7",
      "begin" : 40,
      "end" : 41,
      "text" : "-",
      "whiteSpace" : false
    }, {
      "id" : "s0-t8",
      "begin" : 41,
      "end" : 43,
      "text" : "in",
      "whiteSpace" : false
    }, {
      "id" : "s0-t9",
      "begin" : 43,
      "end" : 44,
      "text" : "-",
      "whiteSpace" : false
    }, {
      "id" : "s0-t10",
      "begin" : 44,
      "end" : 45,
      "text" : "a",
      "whiteSpace" : false
    }, {
      "id" : "s0-t11",
      "begin" : 45,
      "end" : 46,
      "text" : "-",
      "whiteSpace" : false
    }, {
      "id" : "s0-t12",
      "begin" : 46,
      "end" : 49,
      "text" : "can",
      "whiteSpace" : false
    }, {
      "id" : "s0-t13",
      "begin" : 50,
      "end" : 52,
      "text" : "to",
      "whiteSpace" : false
    }, {
      "id" : "s0-t14",
      "begin" : 53,
      "end" : 55,
      "text" : "go",
      "whiteSpace" : false
    }, {
      "id" : "s0-t15",
      "begin" : 55,
      "end" : 56,
      "text" : ";",
      "whiteSpace" : false
    }, {
      "id" : "s0-t16",
      "begin" : 57,
      "end" : 61,
      "text" : "this",
      "whiteSpace" : false
    }, {
      "id" : "s0-t17",
      "begin" : 62,
      "end" : 65,
      "text" : "one",
      "whiteSpace" : false
    }, {
      "id" : "s0-t18",
      "begin" : 65,
      "end" : 66,
      "text" : ",",
      "whiteSpace" : false
    }, {
      "id" : "s0-t19",
      "begin" : 67,
      "end" : 69,
      "text" : "by",
      "whiteSpace" : false
    }, {
      "id" : "s0-t20",
      "begin" : 70,
      "end" : 74,
      "text" : "Coca",
      "whiteSpace" : false
    }, {
      "id" : "s0-t21",
      "begin" : 74,
      "end" : 75,
      "text" : "~",
      "whiteSpace" : false
    }, {
      "id" : "s0-t22",
      "begin" : 75,
      "end" : 79,
      "text" : "Cola",
      "whiteSpace" : false
    }, {
      "id" : "s0-t23",
      "begin" : 80,
      "end" : 83,
      "text" : "aka",
      "whiteSpace" : false
    }, {
      "id" : "s0-t24",
      "begin" : 84,
      "end" : 85,
      "text" : "\"",
      "whiteSpace" : false
    }, {
      "id" : "s0-t25",
      "begin" : 85,
      "end" : 89,
      "text" : "Coke",
      "whiteSpace" : false
    }, {
      "id" : "s0-t26",
      "begin" : 89,
      "end" : 90,
      "text" : "\"",
      "whiteSpace" : false
    }, {
      "id" : "s0-t27",
      "begin" : 90,
      "end" : 91,
      "text" : ";",
      "whiteSpace" : false
    }, {
      "id" : "s0-t28",
      "begin" : 92,
      "end" : 94,
      "text" : "is",
      "whiteSpace" : false
    }, {
      "id" : "s0-t29",
      "begin" : 95,
      "end" : 103,
      "text" : "somewhat",
      "whiteSpace" : false
    }, {
      "id" : "s0-t30",
      "begin" : 104,
      "end" : 113,
      "text" : "different",
      "whiteSpace" : false
    }, {
      "id" : "s0-t31",
      "begin" : 113,
      "end" : 114,
      "text" : ".",
      "whiteSpace" : false
    } ]
  }, {
    "id" : "s1",
    "begin" : 115,
    "end" : 161,
    "text" : "After having it in the refrigerator overnight.",
    "tokens" : [ {
      "id" : "s1-t0",
      "begin" : 115,
      "end" : 120,
      "text" : "After",
      "whiteSpace" : false
    }, {
      "id" : "s1-t1",
      "begin" : 121,
      "end" : 127,
      "text" : "having",
      "whiteSpace" : false
    }, {
      "id" : "s1-t2",
      "begin" : 128,
      "end" : 130,
      "text" : "it",
      "whiteSpace" : false
    }, {
      "id" : "s1-t3",
      "begin" : 131,
      "end" : 133,
      "text" : "in",
      "whiteSpace" : false
    }, {
      "id" : "s1-t4",
      "begin" : 134,
      "end" : 137,
      "text" : "the",
      "whiteSpace" : false
    }, {
      "id" : "s1-t5",
      "begin" : 138,
      "end" : 150,
      "text" : "refrigerator",
      "whiteSpace" : false
    }, {
      "id" : "s1-t6",
      "begin" : 151,
      "end" : 160,
      "text" : "overnight",
      "whiteSpace" : false
    }, {
      "id" : "s1-t7",
      "begin" : 160,
      "end" : 161,
      "text" : ".",
      "whiteSpace" : false
    } ]
  }, {
    "id" : "s2",
    "begin" : 161,
    "end" : 367,
    "text" : "<br /><br />Overall with my experience with others; I give it an ok - there are better ones out there, however, this one packs a lot of punch with CAFFEINE even though it only packs 100 calories in one can.",
    "tokens" : [ {
      "id" : "s2-t0",
      "begin" : 161,
      "end" : 164,
      "text" : "<br",
      "whiteSpace" : false
    }, {
      "id" : "s2-t1",
      "begin" : 165,
      "end" : 167,
      "text" : "/>",
      "whiteSpace" : false
    }, {
      "id" : "s2-t2",
      "begin" : 167,
      "end" : 170,
      "text" : "<br",
      "whiteSpace" : false
    }, {
      "id" : "s2-t3",
      "begin" : 171,
      "end" : 173,
      "text" : "/>",
      "whiteSpace" : false
    }, {
      "id" : "s2-t4",
      "begin" : 173,
      "end" : 180,
      "text" : "Overall",
      "whiteSpace" : false
    }, {
      "id" : "s2-t5",
      "begin" : 181,
      "end" : 185,
      "text" : "with",
      "whiteSpace" : false
    }, {
      "id" : "s2-t6",
      "begin" : 186,
      "end" : 188,
      "text" : "my",
      "whiteSpace" : false
    }, {
      "id" : "s2-t7",
      "begin" : 189,
      "end" : 199,
      "text" : "experience",
      "whiteSpace" : false
    }, {
      "id" : "s2-t8",
      "begin" : 200,
      "end" : 204,
      "text" : "with",
      "whiteSpace" : false
    }, {
      "id" : "s2-t9",
      "begin" : 205,
      "end" : 211,
      "text" : "others",
      "whiteSpace" : false
    }, {
      "id" : "s2-t10",
      "begin" : 211,
      "end" : 212,
      "text" : ";",
      "whiteSpace" : false
    }, {
      "id" : "s2-t11",
      "begin" : 213,
      "end" : 214,
      "text" : "I",
      "whiteSpace" : false
    }, {
      "id" : "s2-t12",
      "begin" : 215,
      "end" : 219,
      "text" : "give",
      "whiteSpace" : false
    }, {
      "id" : "s2-t13",
      "begin" : 220,
      "end" : 222,
      "text" : "it",
      "whiteSpace" : false
    }, {
      "id" : "s2-t14",
      "begin" : 223,
      "end" : 225,
      "text" : "an",
      "whiteSpace" : false
    }, {
      "id" : "s2-t15",
      "begin" : 226,
      "end" : 228,
      "text" : "ok",
      "whiteSpace" : false
    }, {
      "id" : "s2-t16",
      "begin" : 229,
      "end" : 230,
      "text" : "-",
      "whiteSpace" : false
    }, {
      "id" : "s2-t17",
      "begin" : 231,
      "end" : 236,
      "text" : "there",
      "whiteSpace" : false
    }, {
      "id" : "s2-t18",
      "begin" : 237,
      "end" : 240,
      "text" : "are",
      "whiteSpace" : false
    }, {
      "id" : "s2-t19",
      "begin" : 241,
      "end" : 247,
      "text" : "better",
      "whiteSpace" : false
    }, {
      "id" : "s2-t20",
      "begin" : 248,
      "end" : 252,
      "text" : "ones",
      "whiteSpace" : false
    }, {
      "id" : "s2-t21",
      "begin" : 253,
      "end" : 256,
      "text" : "out",
      "whiteSpace" : false
    }, {
      "id" : "s2-t22",
      "begin" : 257,
      "end" : 262,
      "text" : "there",
      "whiteSpace" : false
    }, {
      "id" : "s2-t23",
      "begin" : 262,
      "end" : 263,
      "text" : ",",
      "whiteSpace" : false
    }, {
      "id" : "s2-t24",
      "begin" : 264,
      "end" : 271,
      "text" : "however",
      "whiteSpace" : false
    }, {
      "id" : "s2-t25",
      "begin" : 271,
      "end" : 272,
      "text" : ",",
      "whiteSpace" : false
    }, {
      "id" : "s2-t26",
      "begin" : 273,
      "end" : 277,
      "text" : "this",
      "whiteSpace" : false
    }, {
      "id" : "s2-t27",
      "begin" : 278,
      "end" : 281,
      "text" : "one",
      "whiteSpace" : false
    }, {
      "id" : "s2-t28",
      "begin" : 282,
      "end" : 287,
      "text" : "packs",
      "whiteSpace" : false
    }, {
      "id" : "s2-t29",
      "begin" : 288,
      "end" : 289,
      "text" : "a",
      "whiteSpace" : false
    }, {
      "id" : "s2-t30",
      "begin" : 290,
      "end" : 293,
      "text" : "lot",
      "whiteSpace" : false
    }, {
      "id" : "s2-t31",
      "begin" : 294,
      "end" : 296,
      "text" : "of",
      "whiteSpace" : false
    }, {
      "id" : "s2-t32",
      "begin" : 297,
      "end" : 302,
      "text" : "punch",
      "whiteSpace" : false
    }, {
      "id" : "s2-t33",
      "begin" : 303,
      "end" : 307,
      "text" : "with",
      "whiteSpace" : false
    }, {
      "id" : "s2-t34",
      "begin" : 308,
      "end" : 316,
      "text" : "CAFFEINE",
      "whiteSpace" : false
    }, {
      "id" : "s2-t35",
      "begin" : 317,
      "end" : 321,
      "text" : "even",
      "whiteSpace" : false
    }, {
      "id" : "s2-t36",
      "begin" : 322,
      "end" : 328,
      "text" : "though",
      "whiteSpace" : false
    }, {
      "id" : "s2-t37",
      "begin" : 329,
      "end" : 331,
      "text" : "it",
      "whiteSpace" : false
    }, {
      "id" : "s2-t38",
      "begin" : 332,
      "end" : 336,
      "text" : "only",
      "whiteSpace" : false
    }, {
      "id" : "s2-t39",
      "begin" : 337,
      "end" : 342,
      "text" : "packs",
      "whiteSpace" : false
    }, {
      "id" : "s2-t40",
      "begin" : 343,
      "end" : 346,
      "text" : "100",
      "whiteSpace" : false
    }, {
      "id" : "s2-t41",
      "begin" : 347,
      "end" : 355,
      "text" : "calories",
      "whiteSpace" : false
    }, {
      "id" : "s2-t42",
      "begin" : 356,
      "end" : 358,
      "text" : "in",
      "whiteSpace" : false
    }, {
      "id" : "s2-t43",
      "begin" : 359,
      "end" : 362,
      "text" : "one",
      "whiteSpace" : false
    }, {
      "id" : "s2-t44",
      "begin" : 363,
      "end" : 366,
      "text" : "can",
      "whiteSpace" : false
    }, {
      "id" : "s2-t45",
      "begin" : 366,
      "end" : 367,
      "text" : ".",
      "whiteSpace" : false
    } ]
  }, {
    "id" : "s3",
    "begin" : 369,
    "end" : 576,
    "text" : "In my humble opinion, for those who just can't wake up in the morning and have a long day at work or for College/University students would find this handy for their term exam time for it WILL KEEP YOU AWAKE!",
    "tokens" : [ {
      "id" : "s3-t0",
      "begin" : 369,
      "end" : 371,
      "text" : "In",
      "whiteSpace" : false
    }, {
      "id" : "s3-t1",
      "begin" : 372,
      "end" : 374,
      "text" : "my",
      "whiteSpace" : false
    }, {
      "id" : "s3-t2",
      "begin" : 375,
      "end" : 381,
      "text" : "humble",
      "whiteSpace" : false
    }, {
      "id" : "s3-t3",
      "begin" : 382,
      "end" : 389,
      "text" : "opinion",
      "whiteSpace" : false
    }, {
      "id" : "s3-t4",
      "begin" : 389,
      "end" : 390,
      "text" : ",",
      "whiteSpace" : false
    }, {
      "id" : "s3-t5",
      "begin" : 391,
      "end" : 394,
      "text" : "for",
      "whiteSpace" : false
    }, {
      "id" : "s3-t6",
      "begin" : 395,
      "end" : 400,
      "text" : "those",
      "whiteSpace" : false
    }, {
      "id" : "s3-t7",
      "begin" : 401,
      "end" : 404,
      "text" : "who",
      "whiteSpace" : false
    }, {
      "id" : "s3-t8",
      "begin" : 405,
      "end" : 409,
      "text" : "just",
      "whiteSpace" : false
    }, {
      "id" : "s3-t9",
      "begin" : 410,
      "end" : 412,
      "text" : "ca",
      "whiteSpace" : false
    }, {
      "id" : "s3-t10",
      "begin" : 412,
      "end" : 415,
      "text" : "n't",
      "whiteSpace" : false
    }, {
      "id" : "s3-t11",
      "begin" : 416,
      "end" : 420,
      "text" : "wake",
      "whiteSpace" : false
    }, {
      "id" : "s3-t12",
      "begin" : 421,
      "end" : 423,
      "text" : "up",
      "whiteSpace" : false
    }, {
      "id" : "s3-t13",
      "begin" : 424,
      "end" : 426,
      "text" : "in",
      "whiteSpace" : false
    }, {
      "id" : "s3-t14",
      "begin" : 427,
      "end" : 430,
      "text" : "the",
      "whiteSpace" : false
    }, {
      "id" : "s3-t15",
      "begin" : 431,
      "end" : 438,
      "text" : "morning",
      "whiteSpace" : false
    }, {
      "id" : "s3-t16",
      "begin" : 439,
      "end" : 442,
      "text" : "and",
      "whiteSpace" : false
    }, {
      "id" : "s3-t17",
      "begin" : 443,
      "end" : 447,
      "text" : "have",
      "whiteSpace" : false
    }, {
      "id" : "s3-t18",
      "begin" : 448,
      "end" : 449,
      "text" : "a",
      "whiteSpace" : false
    }, {
      "id" : "s3-t19",
      "begin" : 450,
      "end" : 454,
      "text" : "long",
      "whiteSpace" : false
    }, {
      "id" : "s3-t20",
      "begin" : 455,
      "end" : 458,
      "text" : "day",
      "whiteSpace" : false
    }, {
      "id" : "s3-t21",
      "begin" : 459,
      "end" : 461,
      "text" : "at",
      "whiteSpace" : false
    }, {
      "id" : "s3-t22",
      "begin" : 462,
      "end" : 466,
      "text" : "work",
      "whiteSpace" : false
    }, {
      "id" : "s3-t23",
      "begin" : 467,
      "end" : 469,
      "text" : "or",
      "whiteSpace" : false
    }, {
      "id" : "s3-t24",
      "begin" : 470,
      "end" : 473,
      "text" : "for",
      "whiteSpace" : false
    }, {
      "id" : "s3-t25",
      "begin" : 474,
      "end" : 481,
      "text" : "College",
      "whiteSpace" : false
    }, {
      "id" : "s3-t26",
      "begin" : 481,
      "end" : 482,
      "text" : "/",
      "whiteSpace" : false
    }, {
      "id" : "s3-t27",
      "begin" : 482,
      "end" : 492,
      "text" : "University",
      "whiteSpace" : false
    }, {
      "id" : "s3-t28",
      "begin" : 493,
      "end" : 501,
      "text" : "students",
      "whiteSpace" : false
    }, {
      "id" : "s3-t29",
      "begin" : 502,
      "end" : 507,
      "text" : "would",
      "whiteSpace" : false
    }, {
      "id" : "s3-t30",
      "begin" : 508,
      "end" : 512,
      "text" : "find",
      "whiteSpace" : false
    }, {
      "id" : "s3-t31",
      "begin" : 513,
      "end" : 517,
      "text" : "this",
      "whiteSpace" : false
    }, {
      "id" : "s3-t32",
      "begin" : 518,
      "end" : 523,
      "text" : "handy",
      "whiteSpace" : false
    }, {
      "id" : "s3-t33",
      "begin" : 524,
      "end" : 527,
      "text" : "for",
      "whiteSpace" : false
    }, {
      "id" : "s3-t34",
      "begin" : 528,
      "end" : 533,
      "text" : "their",
      "whiteSpace" : false
    }, {
      "id" : "s3-t35",
      "begin" : 534,
      "end" : 538,
      "text" : "term",
      "whiteSpace" : false
    }, {
      "id" : "s3-t36",
      "begin" : 539,
      "end" : 543,
      "text" : "exam",
      "whiteSpace" : false
    }, {
      "id" : "s3-t37",
      "begin" : 544,
      "end" : 548,
      "text" : "time",
      "whiteSpace" : false
    }, {
      "id" : "s3-t38",
      "begin" : 549,
      "end" : 552,
      "text" : "for",
      "whiteSpace" : false
    }, {
      "id" : "s3-t39",
      "begin" : 553,
      "end" : 555,
      "text" : "it",
      "whiteSpace" : false
    }, {
      "id" : "s3-t40",
      "begin" : 556,
      "end" : 560,
      "text" : "WILL",
      "whiteSpace" : false
    }, {
      "id" : "s3-t41",
      "begin" : 561,
      "end" : 565,
      "text" : "KEEP",
      "whiteSpace" : false
    }, {
      "id" : "s3-t42",
      "begin" : 566,
      "end" : 569,
      "text" : "YOU",
      "whiteSpace" : false
    }, {
      "id" : "s3-t43",
      "begin" : 570,
      "end" : 575,
      "text" : "AWAKE",
      "whiteSpace" : false
    }, {
      "id" : "s3-t44",
      "begin" : 575,
      "end" : 576,
      "text" : "!",
      "whiteSpace" : false
    } ]
  }, {
    "id" : "s4",
    "begin" : 576,
    "end" : 883,
    "text" : "<br /><br />It was not bitter, but it did taste old even though the expiration date was well ahead of time; it did have something of a old-coffee taste that had been sitting around for quite some time, however, that could be Coca~Cola / Coke's version of how they created this Illy Issimo Coffee Cappuccino.",
    "tokens" : [ {
      "id" : "s4-t0",
      "begin" : 576,
      "end" : 579,
      "text" : "<br",
      "whiteSpace" : false
    }, {
      "id" : "s4-t1",
      "begin" : 580,
      "end" : 582,
      "text" : "/>",
      "whiteSpace" : false
    }, {
      "id" : "s4-t2",
      "begin" : 582,
      "end" : 585,
      "text" : "<br",
      "whiteSpace" : false
    }, {
      "id" : "s4-t3",
      "begin" : 586,
      "end" : 588,
      "text" : "/>",
      "whiteSpace" : false
    }, {
      "id" : "s4-t4",
      "begin" : 588,
      "end" : 590,
      "text" : "It",
      "whiteSpace" : false
    }, {
      "id" : "s4-t5",
      "begin" : 591,
      "end" : 594,
      "text" : "was",
      "whiteSpace" : false
    }, {
      "id" : "s4-t6",
      "begin" : 595,
      "end" : 598,
      "text" : "not",
      "whiteSpace" : false
    }, {
      "id" : "s4-t7",
      "begin" : 599,
      "end" : 605,
      "text" : "bitter",
      "whiteSpace" : false
    }, {
      "id" : "s4-t8",
      "begin" : 605,
      "end" : 606,
      "text" : ",",
      "whiteSpace" : false
    }, {
      "id" : "s4-t9",
      "begin" : 607,
      "end" : 610,
      "text" : "but",
      "whiteSpace" : false
    }, {
      "id" : "s4-t10",
      "begin" : 611,
      "end" : 613,
      "text" : "it",
      "whiteSpace" : false
    }, {
      "id" : "s4-t11",
      "begin" : 614,
      "end" : 617,
      "text" : "did",
      "whiteSpace" : false
    }, {
      "id" : "s4-t12",
      "begin" : 618,
      "end" : 623,
      "text" : "taste",
      "whiteSpace" : false
    }, {
      "id" : "s4-t13",
      "begin" : 624,
      "end" : 627,
      "text" : "old",
      "whiteSpace" : false
    }, {
      "id" : "s4-t14",
      "begin" : 628,
      "end" : 632,
      "text" : "even",
      "whiteSpace" : false
    }, {
      "id" : "s4-t15",
      "begin" : 633,
      "end" : 639,
      "text" : "though",
      "whiteSpace" : false
    }, {
      "id" : "s4-t16",
      "begin" : 640,
      "end" : 643,
      "text" : "the",
      "whiteSpace" : false
    }, {
      "id" : "s4-t17",
      "begin" : 644,
      "end" : 654,
      "text" : "expiration",
      "whiteSpace" : false
    }, {
      "id" : "s4-t18",
      "begin" : 655,
      "end" : 659,
      "text" : "date",
      "whiteSpace" : false
    }, {
      "id" : "s4-t19",
      "begin" : 660,
      "end" : 663,
      "text" : "was",
      "whiteSpace" : false
    }, {
      "id" : "s4-t20",
      "begin" : 664,
      "end" : 668,
      "text" : "well",
      "whiteSpace" : false
    }, {
      "id" : "s4-t21",
      "begin" : 669,
      "end" : 674,
      "text" : "ahead",
      "whiteSpace" : false
    }, {
      "id" : "s4-t22",
      "begin" : 675,
      "end" : 677,
      "text" : "of",
      "whiteSpace" : false
    }, {
      "id" : "s4-t23",
      "begin" : 678,
      "end" : 682,
      "text" : "time",
      "whiteSpace" : false
    }, {
      "id" : "s4-t24",
      "begin" : 682,
      "end" : 683,
      "text" : ";",
      "whiteSpace" : false
    }, {
      "id" : "s4-t25",
      "begin" : 684,
      "end" : 686,
      "text" : "it",
      "whiteSpace" : false
    }, {
      "id" : "s4-t26",
      "begin" : 687,
      "end" : 690,
      "text" : "did",
      "whiteSpace" : false
    }, {
      "id" : "s4-t27",
      "begin" : 691,
      "end" : 695,
      "text" : "have",
      "whiteSpace" : false
    }, {
      "id" : "s4-t28",
      "begin" : 696,
      "end" : 705,
      "text" : "something",
      "whiteSpace" : false
    }, {
      "id" : "s4-t29",
      "begin" : 706,
      "end" : 708,
      "text" : "of",
      "whiteSpace" : false
    }, {
      "id" : "s4-t30",
      "begin" : 709,
      "end" : 710,
      "text" : "a",
      "whiteSpace" : false
    }, {
      "id" : "s4-t31",
      "begin" : 711,
      "end" : 714,
      "text" : "old",
      "whiteSpace" : false
    }, {
      "id" : "s4-t32",
      "begin" : 714,
      "end" : 715,
      "text" : "-",
      "whiteSpace" : false
    }, {
      "id" : "s4-t33",
      "begin" : 715,
      "end" : 721,
      "text" : "coffee",
      "whiteSpace" : false
    }, {
      "id" : "s4-t34",
      "begin" : 722,
      "end" : 727,
      "text" : "taste",
      "whiteSpace" : false
    }, {
      "id" : "s4-t35",
      "begin" : 728,
      "end" : 732,
      "text" : "that",
      "whiteSpace" : false
    }, {
      "id" : "s4-t36",
      "begin" : 733,
      "end" : 736,
      "text" : "had",
      "whiteSpace" : false
    }, {
      "id" : "s4-t37",
      "begin" : 737,
      "end" : 741,
      "text" : "been",
      "whiteSpace" : false
    }, {
      "id" : "s4-t38",
      "begin" : 742,
      "end" : 749,
      "text" : "sitting",
      "whiteSpace" : false
    }, {
      "id" : "s4-t39",
      "begin" : 750,
      "end" : 756,
      "text" : "around",
      "whiteSpace" : false
    }, {
      "id" : "s4-t40",
      "begin" : 757,
      "end" : 760,
      "text" : "for",
      "whiteSpace" : false
    }, {
      "id" : "s4-t41",
      "begin" : 761,
      "end" : 766,
      "text" : "quite",
      "whiteSpace" : false
    }, {
      "id" : "s4-t42",
      "begin" : 767,
      "end" : 771,
      "text" : "some",
      "whiteSpace" : false
    }, {
      "id" : "s4-t43",
      "begin" : 772,
      "end" : 776,
      "text" : "time",
      "whiteSpace" : false
    }, {
      "id" : "s4-t44",
      "begin" : 776,
      "end" : 777,
      "text" : ",",
      "whiteSpace" : false
    }, {
      "id" : "s4-t45",
      "begin" : 778,
      "end" : 785,
      "text" : "however",
      "whiteSpace" : false
    }, {
      "id" : "s4-t46",
      "begin" : 785,
      "end" : 786,
      "text" : ",",
      "whiteSpace" : false
    }, {
      "id" : "s4-t47",
      "begin" : 787,
      "end" : 791,
      "text" : "that",
      "whiteSpace" : false
    }, {
      "id" : "s4-t48",
      "begin" : 792,
      "end" : 797,
      "text" : "could",
      "whiteSpace" : false
    }, {
      "id" : "s4-t49",
      "begin" : 798,
      "end" : 800,
      "text" : "be",
      "whiteSpace" : false
    }, {
      "id" : "s4-t50",
      "begin" : 801,
      "end" : 805,
      "text" : "Coca",
      "whiteSpace" : false
    }, {
      "id" : "s4-t51",
      "begin" : 805,
      "end" : 806,
      "text" : "~",
      "whiteSpace" : false
    }, {
      "id" : "s4-t52",
      "begin" : 806,
      "end" : 810,
      "text" : "Cola",
      "whiteSpace" : false
    }, {
      "id" : "s4-t53",
      "begin" : 811,
      "end" : 812,
      "text" : "/",
      "whiteSpace" : false
    }, {
      "id" : "s4-t54",
      "begin" : 813,
      "end" : 817,
      "text" : "Coke",
      "whiteSpace" : false
    }, {
      "id" : "s4-t55",
      "begin" : 817,
      "end" : 819,
      "text" : "'s",
      "whiteSpace" : false
    }, {
      "id" : "s4-t56",
      "begin" : 820,
      "end" : 827,
      "text" : "version",
      "whiteSpace" : false
    }, {
      "id" : "s4-t57",
      "begin" : 828,
      "end" : 830,
      "text" : "of",
      "whiteSpace" : false
    }, {
      "id" : "s4-t58",
      "begin" : 831,
      "end" : 834,
      "text" : "how",
      "whiteSpace" : false
    }, {
      "id" : "s4-t59",
      "begin" : 835,
      "end" : 839,
      "text" : "they",
      "whiteSpace" : false
    }, {
      "id" : "s4-t60",
      "begin" : 840,
      "end" : 847,
      "text" : "created",
      "whiteSpace" : false
    }, {
      "id" : "s4-t61",
      "begin" : 848,
      "end" : 852,
      "text" : "this",
      "whiteSpace" : false
    }, {
      "id" : "s4-t62",
      "begin" : 853,
      "end" : 857,
      "text" : "Illy",
      "whiteSpace" : false
    }, {
      "id" : "s4-t63",
      "begin" : 858,
      "end" : 864,
      "text" : "Issimo",
      "whiteSpace" : false
    }, {
      "id" : "s4-t64",
      "begin" : 865,
      "end" : 871,
      "text" : "Coffee",
      "whiteSpace" : false
    }, {
      "id" : "s4-t65",
      "begin" : 872,
      "end" : 882,
      "text" : "Cappuccino",
      "whiteSpace" : false
    }, {
      "id" : "s4-t66",
      "begin" : 882,
      "end" : 883,
      "text" : ".",
      "whiteSpace" : false
    } ]
  }, {
    "id" : "s5",
    "begin" : 884,
    "end" : 995,
    "text" : "It was well balanced but I did find the after-taste somewhat bothersome, that which I am exceeding picky about.",
    "tokens" : [ {
      "id" : "s5-t0",
      "begin" : 884,
      "end" : 886,
      "text" : "It",
      "whiteSpace" : false
    }, {
      "id" : "s5-t1",
      "begin" : 887,
      "end" : 890,
      "text" : "was",
      "whiteSpace" : false
    }, {
      "id" : "s5-t2",
      "begin" : 891,
      "end" : 895,
      "text" : "well",
      "whiteSpace" : false
    }, {
      "id" : "s5-t3",
      "begin" : 896,
      "end" : 904,
      "text" : "balanced",
      "whiteSpace" : false
    }, {
      "id" : "s5-t4",
      "begin" : 905,
      "end" : 908,
      "text" : "but",
      "whiteSpace" : false
    }, {
      "id" : "s5-t5",
      "begin" : 909,
      "end" : 910,
      "text" : "I",
      "whiteSpace" : false
    }, {
      "id" : "s5-t6",
      "begin" : 911,
      "end" : 914,
      "text" : "did",
      "whiteSpace" : false
    }, {
      "id" : "s5-t7",
      "begin" : 915,
      "end" : 919,
      "text" : "find",
      "whiteSpace" : false
    }, {
      "id" : "s5-t8",
      "begin" : 920,
      "end" : 923,
      "text" : "the",
      "whiteSpace" : false
    }, {
      "id" : "s5-t9",
      "begin" : 924,
      "end" : 935,
      "text" : "after-taste",
      "whiteSpace" : false
    }, {
      "id" : "s5-t10",
      "begin" : 936,
      "end" : 944,
      "text" : "somewhat",
      "whiteSpace" : false
    }, {
      "id" : "s5-t11",
      "begin" : 945,
      "end" : 955,
      "text" : "bothersome",
      "whiteSpace" : false
    }, {
      "id" : "s5-t12",
      "begin" : 955,
      "end" : 956,
      "text" : ",",
      "whiteSpace" : false
    }, {
      "id" : "s5-t13",
      "begin" : 957,
      "end" : 961,
      "text" : "that",
      "whiteSpace" : false
    }, {
      "id" : "s5-t14",
      "begin" : 962,
      "end" : 967,
      "text" : "which",
      "whiteSpace" : false
    }, {
      "id" : "s5-t15",
      "begin" : 968,
      "end" : 969,
      "text" : "I",
      "whiteSpace" : false
    }, {
      "id" : "s5-t16",
      "begin" : 970,
      "end" : 972,
      "text" : "am",
      "whiteSpace" : false
    }, {
      "id" : "s5-t17",
      "begin" : 973,
      "end" : 982,
      "text" : "exceeding",
      "whiteSpace" : false
    }, {
      "id" : "s5-t18",
      "begin" : 983,
      "end" : 988,
      "text" : "picky",
      "whiteSpace" : false
    }, {
      "id" : "s5-t19",
      "begin" : 989,
      "end" : 994,
      "text" : "about",
      "whiteSpace" : false
    }, {
      "id" : "s5-t20",
      "begin" : 994,
      "end" : 995,
      "text" : ".",
      "whiteSpace" : false
    } ]
  }, {
    "id" : "s6",
    "begin" : 995,
    "end" : 1265,
    "text" : "<br /><br />For want of a better words - When one drinks this, the balance of cream or milk, coffee, and sugar were all done exceptionally well but, the coffee itself to me, personally, tasted something that had been sitting for several days - but that might be just me.",
    "tokens" : [ {
      "id" : "s6-t0",
      "begin" : 995,
      "end" : 998,
      "text" : "<br",
      "whiteSpace" : false
    }, {
      "id" : "s6-t1",
      "begin" : 999,
      "end" : 1001,
      "text" : "/>",
      "whiteSpace" : false
    }, {
      "id" : "s6-t2",
      "begin" : 1001,
      "end" : 1004,
      "text" : "<br",
      "whiteSpace" : false
    }, {
      "id" : "s6-t3",
      "begin" : 1005,
      "end" : 1007,
      "text" : "/>",
      "whiteSpace" : false
    }, {
      "id" : "s6-t4",
      "begin" : 1007,
      "end" : 1010,
      "text" : "For",
      "whiteSpace" : false
    }, {
      "id" : "s6-t5",
      "begin" : 1011,
      "end" : 1015,
      "text" : "want",
      "whiteSpace" : false
    }, {
      "id" : "s6-t6",
      "begin" : 1016,
      "end" : 1018,
      "text" : "of",
      "whiteSpace" : false
    }, {
      "id" : "s6-t7",
      "begin" : 1019,
      "end" : 1020,
      "text" : "a",
      "whiteSpace" : false
    }, {
      "id" : "s6-t8",
      "begin" : 1021,
      "end" : 1027,
      "text" : "better",
      "whiteSpace" : false
    }, {
      "id" : "s6-t9",
      "begin" : 1028,
      "end" : 1033,
      "text" : "words",
      "whiteSpace" : false
    }, {
      "id" : "s6-t10",
      "begin" : 1034,
      "end" : 1035,
      "text" : "-",
      "whiteSpace" : false
    }, {
      "id" : "s6-t11",
      "begin" : 1036,
      "end" : 1040,
      "text" : "When",
      "whiteSpace" : false
    }, {
      "id" : "s6-t12",
      "begin" : 1041,
      "end" : 1044,
      "text" : "one",
      "whiteSpace" : false
    }, {
      "id" : "s6-t13",
      "begin" : 1045,
      "end" : 1051,
      "text" : "drinks",
      "whiteSpace" : false
    }, {
      "id" : "s6-t14",
      "begin" : 1052,
      "end" : 1056,
      "text" : "this",
      "whiteSpace" : false
    }, {
      "id" : "s6-t15",
      "begin" : 1056,
      "end" : 1057,
      "text" : ",",
      "whiteSpace" : false
    }, {
      "id" : "s6-t16",
      "begin" : 1058,
      "end" : 1061,
      "text" : "the",
      "whiteSpace" : false
    }, {
      "id" : "s6-t17",
      "begin" : 1062,
      "end" : 1069,
      "text" : "balance",
      "whiteSpace" : false
    }, {
      "id" : "s6-t18",
      "begin" : 1070,
      "end" : 1072,
      "text" : "of",
      "whiteSpace" : false
    }, {
      "id" : "s6-t19",
      "begin" : 1073,
      "end" : 1078,
      "text" : "cream",
      "whiteSpace" : false
    }, {
      "id" : "s6-t20",
      "begin" : 1079,
      "end" : 1081,
      "text" : "or",
      "whiteSpace" : false
    }, {
      "id" : "s6-t21",
      "begin" : 1082,
      "end" : 1086,
      "text" : "milk",
      "whiteSpace" : false
    }, {
      "id" : "s6-t22",
      "begin" : 1086,
      "end" : 1087,
      "text" : ",",
      "whiteSpace" : false
    }, {
      "id" : "s6-t23",
      "begin" : 1088,
      "end" : 1094,
      "text" : "coffee",
      "whiteSpace" : false
    }, {
      "id" : "s6-t24",
      "begin" : 1094,
      "end" : 1095,
      "text" : ",",
      "whiteSpace" : false
    }, {
      "id" : "s6-t25",
      "begin" : 1096,
      "end" : 1099,
      "text" : "and",
      "whiteSpace" : false
    }, {
      "id" : "s6-t26",
      "begin" : 1100,
      "end" : 1105,
      "text" : "sugar",
      "whiteSpace" : false
    }, {
      "id" : "s6-t27",
      "begin" : 1106,
      "end" : 1110,
      "text" : "were",
      "whiteSpace" : false
    }, {
      "id" : "s6-t28",
      "begin" : 1111,
      "end" : 1114,
      "text" : "all",
      "whiteSpace" : false
    }, {
      "id" : "s6-t29",
      "begin" : 1115,
      "end" : 1119,
      "text" : "done",
      "whiteSpace" : false
    }, {
      "id" : "s6-t30",
      "begin" : 1120,
      "end" : 1133,
      "text" : "exceptionally",
      "whiteSpace" : false
    }, {
      "id" : "s6-t31",
      "begin" : 1134,
      "end" : 1138,
      "text" : "well",
      "whiteSpace" : false
    }, {
      "id" : "s6-t32",
      "begin" : 1139,
      "end" : 1142,
      "text" : "but",
      "whiteSpace" : false
    }, {
      "id" : "s6-t33",
      "begin" : 1142,
      "end" : 1143,
      "text" : ",",
      "whiteSpace" : false
    }, {
      "id" : "s6-t34",
      "begin" : 1144,
      "end" : 1147,
      "text" : "the",
      "whiteSpace" : false
    }, {
      "id" : "s6-t35",
      "begin" : 1148,
      "end" : 1154,
      "text" : "coffee",
      "whiteSpace" : false
    }, {
      "id" : "s6-t36",
      "begin" : 1155,
      "end" : 1161,
      "text" : "itself",
      "whiteSpace" : false
    }, {
      "id" : "s6-t37",
      "begin" : 1162,
      "end" : 1164,
      "text" : "to",
      "whiteSpace" : false
    }, {
      "id" : "s6-t38",
      "begin" : 1165,
      "end" : 1167,
      "text" : "me",
      "whiteSpace" : false
    }, {
      "id" : "s6-t39",
      "begin" : 1167,
      "end" : 1168,
      "text" : ",",
      "whiteSpace" : false
    }, {
      "id" : "s6-t40",
      "begin" : 1169,
      "end" : 1179,
      "text" : "personally",
      "whiteSpace" : false
    }, {
      "id" : "s6-t41",
      "begin" : 1179,
      "end" : 1180,
      "text" : ",",
      "whiteSpace" : false
    }, {
      "id" : "s6-t42",
      "begin" : 1181,
      "end" : 1187,
      "text" : "tasted",
      "whiteSpace" : false
    }, {
      "id" : "s6-t43",
      "begin" : 1188,
      "end" : 1197,
      "text" : "something",
      "whiteSpace" : false
    }, {
      "id" : "s6-t44",
      "begin" : 1198,
      "end" : 1202,
      "text" : "that",
      "whiteSpace" : false
    }, {
      "id" : "s6-t45",
      "begin" : 1203,
      "end" : 1206,
      "text" : "had",
      "whiteSpace" : false
    }, {
      "id" : "s6-t46",
      "begin" : 1207,
      "end" : 1211,
      "text" : "been",
      "whiteSpace" : false
    }, {
      "id" : "s6-t47",
      "begin" : 1212,
      "end" : 1219,
      "text" : "sitting",
      "whiteSpace" : false
    }, {
      "id" : "s6-t48",
      "begin" : 1220,
      "end" : 1223,
      "text" : "for",
      "whiteSpace" : false
    }, {
      "id" : "s6-t49",
      "begin" : 1224,
      "end" : 1231,
      "text" : "several",
      "whiteSpace" : false
    }, {
      "id" : "s6-t50",
      "begin" : 1232,
      "end" : 1236,
      "text" : "days",
      "whiteSpace" : false
    }, {
      "id" : "s6-t51",
      "begin" : 1237,
      "end" : 1238,
      "text" : "-",
      "whiteSpace" : false
    }, {
      "id" : "s6-t52",
      "begin" : 1239,
      "end" : 1242,
      "text" : "but",
      "whiteSpace" : false
    }, {
      "id" : "s6-t53",
      "begin" : 1243,
      "end" : 1247,
      "text" : "that",
      "whiteSpace" : false
    }, {
      "id" : "s6-t54",
      "begin" : 1248,
      "end" : 1253,
      "text" : "might",
      "whiteSpace" : false
    }, {
      "id" : "s6-t55",
      "begin" : 1254,
      "end" : 1256,
      "text" : "be",
      "whiteSpace" : false
    }, {
      "id" : "s6-t56",
      "begin" : 1257,
      "end" : 1261,
      "text" : "just",
      "whiteSpace" : false
    }, {
      "id" : "s6-t57",
      "begin" : 1262,
      "end" : 1264,
      "text" : "me",
      "whiteSpace" : false
    }, {
      "id" : "s6-t58",
      "begin" : 1264,
      "end" : 1265,
      "text" : ".",
      "whiteSpace" : false
    } ]
  } ],
  "mentions" : [ {
    "id" : "s0-m5",
    "properties" : {
      "SIRE_MENTION_ROLE" : "Product",
      "SIRE_ENTITY_SUBTYPE" : "NONE",
      "SIRE_MENTION_TYPE" : "NONE",
      "SIRE_MENTION_CLASS" : "SPC"
    },
    "type" : "Product",
    "begin" : 30,
    "end" : 49,
    "inCoref" : true
  }, {
    "id" : "s0-m1",
    "properties" : {
      "SIRE_MENTION_ROLE" : "Brand",
      "SIRE_ENTITY_SUBTYPE" : "NONE",
      "SIRE_MENTION_TYPE" : "NONE",
      "SIRE_MENTION_CLASS" : "SPC"
    },
    "type" : "Brand",
    "begin" : 70,
    "end" : 79,
    "inCoref" : true
  }, {
    "id" : "s0-m2",
    "properties" : {
      "SIRE_MENTION_ROLE" : "Brand",
      "SIRE_ENTITY_SUBTYPE" : "NONE",
      "SIRE_MENTION_TYPE" : "NONE",
      "SIRE_MENTION_CLASS" : "SPC"
    },
    "type" : "Brand",
    "begin" : 85,
    "end" : 89,
    "inCoref" : true
  }, {
    "id" : "s1-m1",
    "properties" : {
      "SIRE_MENTION_ROLE" : "Product",
      "SIRE_ENTITY_SUBTYPE" : "NONE",
      "SIRE_MENTION_TYPE" : "NONE",
      "SIRE_MENTION_CLASS" : "SPC"
    },
    "type" : "Product",
    "begin" : 128,
    "end" : 130,
    "inCoref" : true
  }, {
    "id" : "s2-m1",
    "properties" : {
      "SIRE_MENTION_ROLE" : "Product",
      "SIRE_ENTITY_SUBTYPE" : "NONE",
      "SIRE_MENTION_TYPE" : "NONE",
      "SIRE_MENTION_CLASS" : "SPC"
    },
    "type" : "Product",
    "begin" : 220,
    "end" : 222,
    "inCoref" : true
  }, {
    "id" : "s2-m2",
    "properties" : {
      "SIRE_MENTION_ROLE" : "Product",
      "SIRE_ENTITY_SUBTYPE" : "NONE",
      "SIRE_MENTION_TYPE" : "NONE",
      "SIRE_MENTION_CLASS" : "SPC"
    },
    "type" : "Product",
    "begin" : 248,
    "end" : 252,
    "inCoref" : true
  }, {
    "id" : "s2-m3",
    "properties" : {
      "SIRE_MENTION_ROLE" : "Product",
      "SIRE_ENTITY_SUBTYPE" : "NONE",
      "SIRE_MENTION_TYPE" : "NONE",
      "SIRE_MENTION_CLASS" : "SPC"
    },
    "type" : "Product",
    "begin" : 273,
    "end" : 277,
    "inCoref" : true
  }, {
    "id" : "s2-m5",
    "properties" : {
      "SIRE_MENTION_ROLE" : "Product",
      "SIRE_ENTITY_SUBTYPE" : "NONE",
      "SIRE_MENTION_TYPE" : "NONE",
      "SIRE_MENTION_CLASS" : "SPC"
    },
    "type" : "Product",
    "begin" : 329,
    "end" : 331,
    "inCoref" : true
  }, {
    "id" : "s2-m4",
    "properties" : {
      "SIRE_MENTION_ROLE" : "Attribute",
      "SIRE_ENTITY_SUBTYPE" : "NONE",
      "SIRE_MENTION_TYPE" : "NONE",
      "SIRE_MENTION_CLASS" : "SPC"
    },
    "type" : "Attribute",
    "begin" : 343,
    "end" : 355,
    "inCoref" : false
  }, {
    "id" : "s3-m1",
    "properties" : {
      "SIRE_MENTION_ROLE" : "Product",
      "SIRE_ENTITY_SUBTYPE" : "NONE",
      "SIRE_MENTION_TYPE" : "NONE",
      "SIRE_MENTION_CLASS" : "SPC"
    },
    "type" : "Product",
    "begin" : 513,
    "end" : 517,
    "inCoref" : true
  }, {
    "id" : "s3-m2",
    "properties" : {
      "SIRE_MENTION_ROLE" : "Product",
      "SIRE_ENTITY_SUBTYPE" : "NONE",
      "SIRE_MENTION_TYPE" : "NONE",
      "SIRE_MENTION_CLASS" : "SPC"
    },
    "type" : "Product",
    "begin" : 553,
    "end" : 555,
    "inCoref" : true
  }, {
    "id" : "s4-m1",
    "properties" : {
      "SIRE_MENTION_ROLE" : "Product",
      "SIRE_ENTITY_SUBTYPE" : "NONE",
      "SIRE_MENTION_TYPE" : "NONE",
      "SIRE_MENTION_CLASS" : "SPC"
    },
    "type" : "Product",
    "begin" : 588,
    "end" : 590,
    "inCoref" : true
  }, {
    "id" : "s4-m2",
    "properties" : {
      "SIRE_MENTION_ROLE" : "Product",
      "SIRE_ENTITY_SUBTYPE" : "NONE",
      "SIRE_MENTION_TYPE" : "NONE",
      "SIRE_MENTION_CLASS" : "SPC"
    },
    "type" : "Product",
    "begin" : 611,
    "end" : 613,
    "inCoref" : true
  }, {
    "id" : "s4-m3",
    "properties" : {
      "SIRE_MENTION_ROLE" : "Product",
      "SIRE_ENTITY_SUBTYPE" : "NONE",
      "SIRE_MENTION_TYPE" : "NONE",
      "SIRE_MENTION_CLASS" : "SPC"
    },
    "type" : "Product",
    "begin" : 684,
    "end" : 686,
    "inCoref" : true
  }, {
    "id" : "s4-m4",
    "properties" : {
      "SIRE_MENTION_ROLE" : "Brand",
      "SIRE_ENTITY_SUBTYPE" : "NONE",
      "SIRE_MENTION_TYPE" : "NONE",
      "SIRE_MENTION_CLASS" : "SPC"
    },
    "type" : "Brand",
    "begin" : 801,
    "end" : 819,
    "inCoref" : true
  }, {
    "id" : "s4-m5",
    "properties" : {
      "SIRE_MENTION_ROLE" : "Brand",
      "SIRE_ENTITY_SUBTYPE" : "NONE",
      "SIRE_MENTION_TYPE" : "NONE",
      "SIRE_MENTION_CLASS" : "SPC"
    },
    "type" : "Brand",
    "begin" : 853,
    "end" : 864,
    "inCoref" : false
  }, {
    "id" : "s4-m6",
    "properties" : {
      "SIRE_MENTION_ROLE" : "Product",
      "SIRE_ENTITY_SUBTYPE" : "NONE",
      "SIRE_MENTION_TYPE" : "NONE",
      "SIRE_MENTION_CLASS" : "SPC"
    },
    "type" : "Product",
    "begin" : 865,
    "end" : 871,
    "inCoref" : false
  }, {
    "id" : "s4-m7",
    "properties" : {
      "SIRE_MENTION_ROLE" : "Attribute",
      "SIRE_ENTITY_SUBTYPE" : "NONE",
      "SIRE_MENTION_TYPE" : "NONE",
      "SIRE_MENTION_CLASS" : "SPC"
    },
    "type" : "Attribute",
    "begin" : 872,
    "end" : 882,
    "inCoref" : false
  }, {
    "id" : "s5-m1",
    "properties" : {
      "SIRE_MENTION_ROLE" : "Product",
      "SIRE_ENTITY_SUBTYPE" : "NONE",
      "SIRE_MENTION_TYPE" : "NONE",
      "SIRE_MENTION_CLASS" : "SPC"
    },
    "type" : "Product",
    "begin" : 884,
    "end" : 886,
    "inCoref" : true
  }, {
    "id" : "s6-m1",
    "properties" : {
      "SIRE_MENTION_ROLE" : "Product",
      "SIRE_ENTITY_SUBTYPE" : "NONE",
      "SIRE_MENTION_TYPE" : "NONE",
      "SIRE_MENTION_CLASS" : "SPC"
    },
    "type" : "Product",
    "begin" : 1052,
    "end" : 1056,
    "inCoref" : true
  }, {
    "id" : "s6-m2",
    "properties" : {
      "SIRE_MENTION_ROLE" : "Product",
      "SIRE_ENTITY_SUBTYPE" : "NONE",
      "SIRE_MENTION_TYPE" : "NONE",
      "SIRE_MENTION_CLASS" : "SPC"
    },
    "type" : "Product",
    "begin" : 1148,
    "end" : 1154,
    "inCoref" : true
  } ],
  "relations" : [ {
    "id" : "s2-r1",
    "properties" : { },
    "type" : "propertyOf",
    "args" : [ "s2-m4", "s2-m5" ]
  }, {
    "id" : "s4-r1",
    "properties" : { },
    "type" : "brandOf",
    "args" : [ "s4-m5", "s4-m6" ]
  }, {
    "id" : "s4-r2",
    "properties" : { },
    "type" : "propertyOf",
    "args" : [ "s4-m7", "s4-m6" ]
  } ],
  "corefs" : [ {
    "id" : "c1",
    "properties" : { },
    "mentions" : [ "s0-m1", "s0-m2", "s4-m4" ]
  }, {
    "id" : "c3",
    "properties" : { },
    "mentions" : [ "s1-m1", "s2-m1", "s2-m5", "s2-m3", "s3-m2", "s3-m1", "s4-m2", "s4-m1", "s4-m3", "s6-m1", "s6-m2", "s5-m1" ]
  }, {
    "id" : "c4",
    "properties" : { },
    "mentions" : [ "s2-m2", "s0-m5" ]
  } ],
  "typeResolved" : true,
  "userResolved" : false
}