{
  "id" : "bc2e7dc0-32ab-11e8-9c9d-6505f4419106-79",
  "name" : "review_1280.json",
  "createdDate" : 0,
  "version" : 3,
  "text" : "This was my first time to try coconut oil, other than using the red kind for popcorn. [which works great in a Stir Crazy] I will be repeating what many have said, but just to add my thoughts....I hope Amazon stocks this FOREVER !!  Smells lovely, like coconut, reminds me of the beach. At room temperature, it is solid....and if I have one tiny complaint, it can be a little difficult to spoon out of the jar. I don't want to soften/melt it each time I need a teaspoonful, so I struggle a bit and scoop it out.<br /><br />  On toast or English muffins, you can use it just like butter, but it seems to have a much more pleasant taste, and leaves the bread more crispy, {never soggy like butter can sometimes pool on toast in little patches.",
  "docLength" : 0,
  "language" : "EN",
  "status" : "SUBMITTED",
  "modifiedDate" : 1522290240869,
  "documentSet" : [ ],
  "preannotation" : [ ],
  "sentences" : [ {
    "id" : "s0",
    "begin" : 0,
    "end" : 85,
    "text" : "This was my first time to try coconut oil, other than using the red kind for popcorn.",
    "tokens" : [ {
      "id" : "s0-t0",
      "begin" : 0,
      "end" : 4,
      "text" : "This",
      "whiteSpace" : false
    }, {
      "id" : "s0-t1",
      "begin" : 5,
      "end" : 8,
      "text" : "was",
      "whiteSpace" : false
    }, {
      "id" : "s0-t2",
      "begin" : 9,
      "end" : 11,
      "text" : "my",
      "whiteSpace" : false
    }, {
      "id" : "s0-t3",
      "begin" : 12,
      "end" : 17,
      "text" : "first",
      "whiteSpace" : false
    }, {
      "id" : "s0-t4",
      "begin" : 18,
      "end" : 22,
      "text" : "time",
      "whiteSpace" : false
    }, {
      "id" : "s0-t5",
      "begin" : 23,
      "end" : 25,
      "text" : "to",
      "whiteSpace" : false
    }, {
      "id" : "s0-t6",
      "begin" : 26,
      "end" : 29,
      "text" : "try",
      "whiteSpace" : false
    }, {
      "id" : "s0-t7",
      "begin" : 30,
      "end" : 37,
      "text" : "coconut",
      "whiteSpace" : false
    }, {
      "id" : "s0-t8",
      "begin" : 38,
      "end" : 41,
      "text" : "oil",
      "whiteSpace" : false
    }, {
      "id" : "s0-t9",
      "begin" : 41,
      "end" : 42,
      "text" : ",",
      "whiteSpace" : false
    }, {
      "id" : "s0-t10",
      "begin" : 43,
      "end" : 48,
      "text" : "other",
      "whiteSpace" : false
    }, {
      "id" : "s0-t11",
      "begin" : 49,
      "end" : 53,
      "text" : "than",
      "whiteSpace" : false
    }, {
      "id" : "s0-t12",
      "begin" : 54,
      "end" : 59,
      "text" : "using",
      "whiteSpace" : false
    }, {
      "id" : "s0-t13",
      "begin" : 60,
      "end" : 63,
      "text" : "the",
      "whiteSpace" : false
    }, {
      "id" : "s0-t14",
      "begin" : 64,
      "end" : 67,
      "text" : "red",
      "whiteSpace" : false
    }, {
      "id" : "s0-t15",
      "begin" : 68,
      "end" : 72,
      "text" : "kind",
      "whiteSpace" : false
    }, {
      "id" : "s0-t16",
      "begin" : 73,
      "end" : 76,
      "text" : "for",
      "whiteSpace" : false
    }, {
      "id" : "s0-t17",
      "begin" : 77,
      "end" : 84,
      "text" : "popcorn",
      "whiteSpace" : false
    }, {
      "id" : "s0-t18",
      "begin" : 84,
      "end" : 85,
      "text" : ".",
      "whiteSpace" : false
    } ]
  }, {
    "id" : "s1",
    "begin" : 86,
    "end" : 229,
    "text" : "[which works great in a Stir Crazy] I will be repeating what many have said, but just to add my thoughts....I hope Amazon stocks this FOREVER !",
    "tokens" : [ {
      "id" : "s1-t0",
      "begin" : 86,
      "end" : 87,
      "text" : "[",
      "whiteSpace" : false
    }, {
      "id" : "s1-t1",
      "begin" : 87,
      "end" : 92,
      "text" : "which",
      "whiteSpace" : false
    }, {
      "id" : "s1-t2",
      "begin" : 93,
      "end" : 98,
      "text" : "works",
      "whiteSpace" : false
    }, {
      "id" : "s1-t3",
      "begin" : 99,
      "end" : 104,
      "text" : "great",
      "whiteSpace" : false
    }, {
      "id" : "s1-t4",
      "begin" : 105,
      "end" : 107,
      "text" : "in",
      "whiteSpace" : false
    }, {
      "id" : "s1-t5",
      "begin" : 108,
      "end" : 109,
      "text" : "a",
      "whiteSpace" : false
    }, {
      "id" : "s1-t6",
      "begin" : 110,
      "end" : 114,
      "text" : "Stir",
      "whiteSpace" : false
    }, {
      "id" : "s1-t7",
      "begin" : 115,
      "end" : 120,
      "text" : "Crazy",
      "whiteSpace" : false
    }, {
      "id" : "s1-t8",
      "begin" : 120,
      "end" : 121,
      "text" : "]",
      "whiteSpace" : false
    }, {
      "id" : "s1-t9",
      "begin" : 122,
      "end" : 123,
      "text" : "I",
      "whiteSpace" : false
    }, {
      "id" : "s1-t10",
      "begin" : 124,
      "end" : 128,
      "text" : "will",
      "whiteSpace" : false
    }, {
      "id" : "s1-t11",
      "begin" : 129,
      "end" : 131,
      "text" : "be",
      "whiteSpace" : false
    }, {
      "id" : "s1-t12",
      "begin" : 132,
      "end" : 141,
      "text" : "repeating",
      "whiteSpace" : false
    }, {
      "id" : "s1-t13",
      "begin" : 142,
      "end" : 146,
      "text" : "what",
      "whiteSpace" : false
    }, {
      "id" : "s1-t14",
      "begin" : 147,
      "end" : 151,
      "text" : "many",
      "whiteSpace" : false
    }, {
      "id" : "s1-t15",
      "begin" : 152,
      "end" : 156,
      "text" : "have",
      "whiteSpace" : false
    }, {
      "id" : "s1-t16",
      "begin" : 157,
      "end" : 161,
      "text" : "said",
      "whiteSpace" : false
    }, {
      "id" : "s1-t17",
      "begin" : 161,
      "end" : 162,
      "text" : ",",
      "whiteSpace" : false
    }, {
      "id" : "s1-t18",
      "begin" : 163,
      "end" : 166,
      "text" : "but",
      "whiteSpace" : false
    }, {
      "id" : "s1-t19",
      "begin" : 167,
      "end" : 171,
      "text" : "just",
      "whiteSpace" : false
    }, {
      "id" : "s1-t20",
      "begin" : 172,
      "end" : 174,
      "text" : "to",
      "whiteSpace" : false
    }, {
      "id" : "s1-t21",
      "begin" : 175,
      "end" : 178,
      "text" : "add",
      "whiteSpace" : false
    }, {
      "id" : "s1-t22",
      "begin" : 179,
      "end" : 181,
      "text" : "my",
      "whiteSpace" : false
    }, {
      "id" : "s1-t23",
      "begin" : 182,
      "end" : 190,
      "text" : "thoughts",
      "whiteSpace" : false
    }, {
      "id" : "s1-t24",
      "begin" : 190,
      "end" : 194,
      "text" : "....",
      "whiteSpace" : false
    }, {
      "id" : "s1-t25",
      "begin" : 194,
      "end" : 195,
      "text" : "I",
      "whiteSpace" : false
    }, {
      "id" : "s1-t26",
      "begin" : 196,
      "end" : 200,
      "text" : "hope",
      "whiteSpace" : false
    }, {
      "id" : "s1-t27",
      "begin" : 201,
      "end" : 207,
      "text" : "Amazon",
      "whiteSpace" : false
    }, {
      "id" : "s1-t28",
      "begin" : 208,
      "end" : 214,
      "text" : "stocks",
      "whiteSpace" : false
    }, {
      "id" : "s1-t29",
      "begin" : 215,
      "end" : 219,
      "text" : "this",
      "whiteSpace" : false
    }, {
      "id" : "s1-t30",
      "begin" : 220,
      "end" : 227,
      "text" : "FOREVER",
      "whiteSpace" : false
    }, {
      "id" : "s1-t31",
      "begin" : 228,
      "end" : 229,
      "text" : "!",
      "whiteSpace" : false
    } ]
  }, {
    "id" : "s2",
    "begin" : 229,
    "end" : 285,
    "text" : "!  Smells lovely, like coconut, reminds me of the beach.",
    "tokens" : [ {
      "id" : "s2-t0",
      "begin" : 229,
      "end" : 230,
      "text" : "!",
      "whiteSpace" : false
    }, {
      "id" : "s2-t1",
      "begin" : 232,
      "end" : 238,
      "text" : "Smells",
      "whiteSpace" : false
    }, {
      "id" : "s2-t2",
      "begin" : 239,
      "end" : 245,
      "text" : "lovely",
      "whiteSpace" : false
    }, {
      "id" : "s2-t3",
      "begin" : 245,
      "end" : 246,
      "text" : ",",
      "whiteSpace" : false
    }, {
      "id" : "s2-t4",
      "begin" : 247,
      "end" : 251,
      "text" : "like",
      "whiteSpace" : false
    }, {
      "id" : "s2-t5",
      "begin" : 252,
      "end" : 259,
      "text" : "coconut",
      "whiteSpace" : false
    }, {
      "id" : "s2-t6",
      "begin" : 259,
      "end" : 260,
      "text" : ",",
      "whiteSpace" : false
    }, {
      "id" : "s2-t7",
      "begin" : 261,
      "end" : 268,
      "text" : "reminds",
      "whiteSpace" : false
    }, {
      "id" : "s2-t8",
      "begin" : 269,
      "end" : 271,
      "text" : "me",
      "whiteSpace" : false
    }, {
      "id" : "s2-t9",
      "begin" : 272,
      "end" : 274,
      "text" : "of",
      "whiteSpace" : false
    }, {
      "id" : "s2-t10",
      "begin" : 275,
      "end" : 278,
      "text" : "the",
      "whiteSpace" : false
    }, {
      "id" : "s2-t11",
      "begin" : 279,
      "end" : 284,
      "text" : "beach",
      "whiteSpace" : false
    }, {
      "id" : "s2-t12",
      "begin" : 284,
      "end" : 285,
      "text" : ".",
      "whiteSpace" : false
    } ]
  }, {
    "id" : "s3",
    "begin" : 286,
    "end" : 409,
    "text" : "At room temperature, it is solid....and if I have one tiny complaint, it can be a little difficult to spoon out of the jar.",
    "tokens" : [ {
      "id" : "s3-t0",
      "begin" : 286,
      "end" : 288,
      "text" : "At",
      "whiteSpace" : false
    }, {
      "id" : "s3-t1",
      "begin" : 289,
      "end" : 293,
      "text" : "room",
      "whiteSpace" : false
    }, {
      "id" : "s3-t2",
      "begin" : 294,
      "end" : 305,
      "text" : "temperature",
      "whiteSpace" : false
    }, {
      "id" : "s3-t3",
      "begin" : 305,
      "end" : 306,
      "text" : ",",
      "whiteSpace" : false
    }, {
      "id" : "s3-t4",
      "begin" : 307,
      "end" : 309,
      "text" : "it",
      "whiteSpace" : false
    }, {
      "id" : "s3-t5",
      "begin" : 310,
      "end" : 312,
      "text" : "is",
      "whiteSpace" : false
    }, {
      "id" : "s3-t6",
      "begin" : 313,
      "end" : 318,
      "text" : "solid",
      "whiteSpace" : false
    }, {
      "id" : "s3-t7",
      "begin" : 318,
      "end" : 322,
      "text" : "....",
      "whiteSpace" : false
    }, {
      "id" : "s3-t8",
      "begin" : 322,
      "end" : 325,
      "text" : "and",
      "whiteSpace" : false
    }, {
      "id" : "s3-t9",
      "begin" : 326,
      "end" : 328,
      "text" : "if",
      "whiteSpace" : false
    }, {
      "id" : "s3-t10",
      "begin" : 329,
      "end" : 330,
      "text" : "I",
      "whiteSpace" : false
    }, {
      "id" : "s3-t11",
      "begin" : 331,
      "end" : 335,
      "text" : "have",
      "whiteSpace" : false
    }, {
      "id" : "s3-t12",
      "begin" : 336,
      "end" : 339,
      "text" : "one",
      "whiteSpace" : false
    }, {
      "id" : "s3-t13",
      "begin" : 340,
      "end" : 344,
      "text" : "tiny",
      "whiteSpace" : false
    }, {
      "id" : "s3-t14",
      "begin" : 345,
      "end" : 354,
      "text" : "complaint",
      "whiteSpace" : false
    }, {
      "id" : "s3-t15",
      "begin" : 354,
      "end" : 355,
      "text" : ",",
      "whiteSpace" : false
    }, {
      "id" : "s3-t16",
      "begin" : 356,
      "end" : 358,
      "text" : "it",
      "whiteSpace" : false
    }, {
      "id" : "s3-t17",
      "begin" : 359,
      "end" : 362,
      "text" : "can",
      "whiteSpace" : false
    }, {
      "id" : "s3-t18",
      "begin" : 363,
      "end" : 365,
      "text" : "be",
      "whiteSpace" : false
    }, {
      "id" : "s3-t19",
      "begin" : 366,
      "end" : 367,
      "text" : "a",
      "whiteSpace" : false
    }, {
      "id" : "s3-t20",
      "begin" : 368,
      "end" : 374,
      "text" : "little",
      "whiteSpace" : false
    }, {
      "id" : "s3-t21",
      "begin" : 375,
      "end" : 384,
      "text" : "difficult",
      "whiteSpace" : false
    }, {
      "id" : "s3-t22",
      "begin" : 385,
      "end" : 387,
      "text" : "to",
      "whiteSpace" : false
    }, {
      "id" : "s3-t23",
      "begin" : 388,
      "end" : 393,
      "text" : "spoon",
      "whiteSpace" : false
    }, {
      "id" : "s3-t24",
      "begin" : 394,
      "end" : 397,
      "text" : "out",
      "whiteSpace" : false
    }, {
      "id" : "s3-t25",
      "begin" : 398,
      "end" : 400,
      "text" : "of",
      "whiteSpace" : false
    }, {
      "id" : "s3-t26",
      "begin" : 401,
      "end" : 404,
      "text" : "the",
      "whiteSpace" : false
    }, {
      "id" : "s3-t27",
      "begin" : 405,
      "end" : 408,
      "text" : "jar",
      "whiteSpace" : false
    }, {
      "id" : "s3-t28",
      "begin" : 408,
      "end" : 409,
      "text" : ".",
      "whiteSpace" : false
    } ]
  }, {
    "id" : "s4",
    "begin" : 410,
    "end" : 510,
    "text" : "I don't want to soften/melt it each time I need a teaspoonful, so I struggle a bit and scoop it out.",
    "tokens" : [ {
      "id" : "s4-t0",
      "begin" : 410,
      "end" : 411,
      "text" : "I",
      "whiteSpace" : false
    }, {
      "id" : "s4-t1",
      "begin" : 412,
      "end" : 414,
      "text" : "do",
      "whiteSpace" : false
    }, {
      "id" : "s4-t2",
      "begin" : 414,
      "end" : 417,
      "text" : "n't",
      "whiteSpace" : false
    }, {
      "id" : "s4-t3",
      "begin" : 418,
      "end" : 422,
      "text" : "want",
      "whiteSpace" : false
    }, {
      "id" : "s4-t4",
      "begin" : 423,
      "end" : 425,
      "text" : "to",
      "whiteSpace" : false
    }, {
      "id" : "s4-t5",
      "begin" : 426,
      "end" : 432,
      "text" : "soften",
      "whiteSpace" : false
    }, {
      "id" : "s4-t6",
      "begin" : 432,
      "end" : 433,
      "text" : "/",
      "whiteSpace" : false
    }, {
      "id" : "s4-t7",
      "begin" : 433,
      "end" : 437,
      "text" : "melt",
      "whiteSpace" : false
    }, {
      "id" : "s4-t8",
      "begin" : 438,
      "end" : 440,
      "text" : "it",
      "whiteSpace" : false
    }, {
      "id" : "s4-t9",
      "begin" : 441,
      "end" : 445,
      "text" : "each",
      "whiteSpace" : false
    }, {
      "id" : "s4-t10",
      "begin" : 446,
      "end" : 450,
      "text" : "time",
      "whiteSpace" : false
    }, {
      "id" : "s4-t11",
      "begin" : 451,
      "end" : 452,
      "text" : "I",
      "whiteSpace" : false
    }, {
      "id" : "s4-t12",
      "begin" : 453,
      "end" : 457,
      "text" : "need",
      "whiteSpace" : false
    }, {
      "id" : "s4-t13",
      "begin" : 458,
      "end" : 459,
      "text" : "a",
      "whiteSpace" : false
    }, {
      "id" : "s4-t14",
      "begin" : 460,
      "end" : 471,
      "text" : "teaspoonful",
      "whiteSpace" : false
    }, {
      "id" : "s4-t15",
      "begin" : 471,
      "end" : 472,
      "text" : ",",
      "whiteSpace" : false
    }, {
      "id" : "s4-t16",
      "begin" : 473,
      "end" : 475,
      "text" : "so",
      "whiteSpace" : false
    }, {
      "id" : "s4-t17",
      "begin" : 476,
      "end" : 477,
      "text" : "I",
      "whiteSpace" : false
    }, {
      "id" : "s4-t18",
      "begin" : 478,
      "end" : 486,
      "text" : "struggle",
      "whiteSpace" : false
    }, {
      "id" : "s4-t19",
      "begin" : 487,
      "end" : 488,
      "text" : "a",
      "whiteSpace" : false
    }, {
      "id" : "s4-t20",
      "begin" : 489,
      "end" : 492,
      "text" : "bit",
      "whiteSpace" : false
    }, {
      "id" : "s4-t21",
      "begin" : 493,
      "end" : 496,
      "text" : "and",
      "whiteSpace" : false
    }, {
      "id" : "s4-t22",
      "begin" : 497,
      "end" : 502,
      "text" : "scoop",
      "whiteSpace" : false
    }, {
      "id" : "s4-t23",
      "begin" : 503,
      "end" : 505,
      "text" : "it",
      "whiteSpace" : false
    }, {
      "id" : "s4-t24",
      "begin" : 506,
      "end" : 509,
      "text" : "out",
      "whiteSpace" : false
    }, {
      "id" : "s4-t25",
      "begin" : 509,
      "end" : 510,
      "text" : ".",
      "whiteSpace" : false
    } ]
  }, {
    "id" : "s5",
    "begin" : 510,
    "end" : 740,
    "text" : "<br /><br />  On toast or English muffins, you can use it just like butter, but it seems to have a much more pleasant taste, and leaves the bread more crispy, {never soggy like butter can sometimes pool on toast in little patches.",
    "tokens" : [ {
      "id" : "s5-t0",
      "begin" : 510,
      "end" : 513,
      "text" : "<br",
      "whiteSpace" : false
    }, {
      "id" : "s5-t1",
      "begin" : 514,
      "end" : 516,
      "text" : "/>",
      "whiteSpace" : false
    }, {
      "id" : "s5-t2",
      "begin" : 516,
      "end" : 519,
      "text" : "<br",
      "whiteSpace" : false
    }, {
      "id" : "s5-t3",
      "begin" : 520,
      "end" : 522,
      "text" : "/>",
      "whiteSpace" : false
    }, {
      "id" : "s5-t4",
      "begin" : 524,
      "end" : 526,
      "text" : "On",
      "whiteSpace" : false
    }, {
      "id" : "s5-t5",
      "begin" : 527,
      "end" : 532,
      "text" : "toast",
      "whiteSpace" : false
    }, {
      "id" : "s5-t6",
      "begin" : 533,
      "end" : 535,
      "text" : "or",
      "whiteSpace" : false
    }, {
      "id" : "s5-t7",
      "begin" : 536,
      "end" : 543,
      "text" : "English",
      "whiteSpace" : false
    }, {
      "id" : "s5-t8",
      "begin" : 544,
      "end" : 551,
      "text" : "muffins",
      "whiteSpace" : false
    }, {
      "id" : "s5-t9",
      "begin" : 551,
      "end" : 552,
      "text" : ",",
      "whiteSpace" : false
    }, {
      "id" : "s5-t10",
      "begin" : 553,
      "end" : 556,
      "text" : "you",
      "whiteSpace" : false
    }, {
      "id" : "s5-t11",
      "begin" : 557,
      "end" : 560,
      "text" : "can",
      "whiteSpace" : false
    }, {
      "id" : "s5-t12",
      "begin" : 561,
      "end" : 564,
      "text" : "use",
      "whiteSpace" : false
    }, {
      "id" : "s5-t13",
      "begin" : 565,
      "end" : 567,
      "text" : "it",
      "whiteSpace" : false
    }, {
      "id" : "s5-t14",
      "begin" : 568,
      "end" : 572,
      "text" : "just",
      "whiteSpace" : false
    }, {
      "id" : "s5-t15",
      "begin" : 573,
      "end" : 577,
      "text" : "like",
      "whiteSpace" : false
    }, {
      "id" : "s5-t16",
      "begin" : 578,
      "end" : 584,
      "text" : "butter",
      "whiteSpace" : false
    }, {
      "id" : "s5-t17",
      "begin" : 584,
      "end" : 585,
      "text" : ",",
      "whiteSpace" : false
    }, {
      "id" : "s5-t18",
      "begin" : 586,
      "end" : 589,
      "text" : "but",
      "whiteSpace" : false
    }, {
      "id" : "s5-t19",
      "begin" : 590,
      "end" : 592,
      "text" : "it",
      "whiteSpace" : false
    }, {
      "id" : "s5-t20",
      "begin" : 593,
      "end" : 598,
      "text" : "seems",
      "whiteSpace" : false
    }, {
      "id" : "s5-t21",
      "begin" : 599,
      "end" : 601,
      "text" : "to",
      "whiteSpace" : false
    }, {
      "id" : "s5-t22",
      "begin" : 602,
      "end" : 606,
      "text" : "have",
      "whiteSpace" : false
    }, {
      "id" : "s5-t23",
      "begin" : 607,
      "end" : 608,
      "text" : "a",
      "whiteSpace" : false
    }, {
      "id" : "s5-t24",
      "begin" : 609,
      "end" : 613,
      "text" : "much",
      "whiteSpace" : false
    }, {
      "id" : "s5-t25",
      "begin" : 614,
      "end" : 618,
      "text" : "more",
      "whiteSpace" : false
    }, {
      "id" : "s5-t26",
      "begin" : 619,
      "end" : 627,
      "text" : "pleasant",
      "whiteSpace" : false
    }, {
      "id" : "s5-t27",
      "begin" : 628,
      "end" : 633,
      "text" : "taste",
      "whiteSpace" : false
    }, {
      "id" : "s5-t28",
      "begin" : 633,
      "end" : 634,
      "text" : ",",
      "whiteSpace" : false
    }, {
      "id" : "s5-t29",
      "begin" : 635,
      "end" : 638,
      "text" : "and",
      "whiteSpace" : false
    }, {
      "id" : "s5-t30",
      "begin" : 639,
      "end" : 645,
      "text" : "leaves",
      "whiteSpace" : false
    }, {
      "id" : "s5-t31",
      "begin" : 646,
      "end" : 649,
      "text" : "the",
      "whiteSpace" : false
    }, {
      "id" : "s5-t32",
      "begin" : 650,
      "end" : 655,
      "text" : "bread",
      "whiteSpace" : false
    }, {
      "id" : "s5-t33",
      "begin" : 656,
      "end" : 660,
      "text" : "more",
      "whiteSpace" : false
    }, {
      "id" : "s5-t34",
      "begin" : 661,
      "end" : 667,
      "text" : "crispy",
      "whiteSpace" : false
    }, {
      "id" : "s5-t35",
      "begin" : 667,
      "end" : 668,
      "text" : ",",
      "whiteSpace" : false
    }, {
      "id" : "s5-t36",
      "begin" : 669,
      "end" : 670,
      "text" : "{",
      "whiteSpace" : false
    }, {
      "id" : "s5-t37",
      "begin" : 670,
      "end" : 675,
      "text" : "never",
      "whiteSpace" : false
    }, {
      "id" : "s5-t38",
      "begin" : 676,
      "end" : 681,
      "text" : "soggy",
      "whiteSpace" : false
    }, {
      "id" : "s5-t39",
      "begin" : 682,
      "end" : 686,
      "text" : "like",
      "whiteSpace" : false
    }, {
      "id" : "s5-t40",
      "begin" : 687,
      "end" : 693,
      "text" : "butter",
      "whiteSpace" : false
    }, {
      "id" : "s5-t41",
      "begin" : 694,
      "end" : 697,
      "text" : "can",
      "whiteSpace" : false
    }, {
      "id" : "s5-t42",
      "begin" : 698,
      "end" : 707,
      "text" : "sometimes",
      "whiteSpace" : false
    }, {
      "id" : "s5-t43",
      "begin" : 708,
      "end" : 712,
      "text" : "pool",
      "whiteSpace" : false
    }, {
      "id" : "s5-t44",
      "begin" : 713,
      "end" : 715,
      "text" : "on",
      "whiteSpace" : false
    }, {
      "id" : "s5-t45",
      "begin" : 716,
      "end" : 721,
      "text" : "toast",
      "whiteSpace" : false
    }, {
      "id" : "s5-t46",
      "begin" : 722,
      "end" : 724,
      "text" : "in",
      "whiteSpace" : false
    }, {
      "id" : "s5-t47",
      "begin" : 725,
      "end" : 731,
      "text" : "little",
      "whiteSpace" : false
    }, {
      "id" : "s5-t48",
      "begin" : 732,
      "end" : 739,
      "text" : "patches",
      "whiteSpace" : false
    }, {
      "id" : "s5-t49",
      "begin" : 739,
      "end" : 740,
      "text" : ".",
      "whiteSpace" : false
    } ]
  } ],
  "mentions" : [ {
    "id" : "s0-m1",
    "properties" : {
      "SIRE_MENTION_ROLE" : "Product",
      "SIRE_ENTITY_SUBTYPE" : "NONE",
      "SIRE_MENTION_TYPE" : "NONE",
      "SIRE_MENTION_CLASS" : "SPC"
    },
    "type" : "Product",
    "begin" : 30,
    "end" : 41,
    "inCoref" : true
  }, {
    "id" : "s1-m1",
    "properties" : {
      "SIRE_MENTION_ROLE" : "Product",
      "SIRE_ENTITY_SUBTYPE" : "NONE",
      "SIRE_MENTION_TYPE" : "NONE",
      "SIRE_MENTION_CLASS" : "SPC"
    },
    "type" : "Product",
    "begin" : 215,
    "end" : 219,
    "inCoref" : true
  }, {
    "id" : "s3-m1",
    "properties" : {
      "SIRE_MENTION_ROLE" : "Product",
      "SIRE_ENTITY_SUBTYPE" : "NONE",
      "SIRE_MENTION_TYPE" : "NONE",
      "SIRE_MENTION_CLASS" : "SPC"
    },
    "type" : "Product",
    "begin" : 307,
    "end" : 309,
    "inCoref" : true
  }, {
    "id" : "s3-m2",
    "properties" : {
      "SIRE_MENTION_ROLE" : "Product",
      "SIRE_ENTITY_SUBTYPE" : "NONE",
      "SIRE_MENTION_TYPE" : "NONE",
      "SIRE_MENTION_CLASS" : "SPC"
    },
    "type" : "Product",
    "begin" : 356,
    "end" : 358,
    "inCoref" : true
  }, {
    "id" : "s4-m1",
    "properties" : {
      "SIRE_MENTION_ROLE" : "Product",
      "SIRE_ENTITY_SUBTYPE" : "NONE",
      "SIRE_MENTION_TYPE" : "NONE",
      "SIRE_MENTION_CLASS" : "SPC"
    },
    "type" : "Product",
    "begin" : 438,
    "end" : 440,
    "inCoref" : true
  }, {
    "id" : "s4-m2",
    "properties" : {
      "SIRE_MENTION_ROLE" : "Product",
      "SIRE_ENTITY_SUBTYPE" : "NONE",
      "SIRE_MENTION_TYPE" : "NONE",
      "SIRE_MENTION_CLASS" : "SPC"
    },
    "type" : "Product",
    "begin" : 503,
    "end" : 505,
    "inCoref" : true
  }, {
    "id" : "s5-m1",
    "properties" : {
      "SIRE_MENTION_ROLE" : "Product",
      "SIRE_ENTITY_SUBTYPE" : "NONE",
      "SIRE_MENTION_TYPE" : "NONE",
      "SIRE_MENTION_CLASS" : "SPC"
    },
    "type" : "Product",
    "begin" : 565,
    "end" : 567,
    "inCoref" : true
  }, {
    "id" : "s5-m2",
    "properties" : {
      "SIRE_MENTION_ROLE" : "Product",
      "SIRE_ENTITY_SUBTYPE" : "NONE",
      "SIRE_MENTION_TYPE" : "NONE",
      "SIRE_MENTION_CLASS" : "SPC"
    },
    "type" : "Product",
    "begin" : 578,
    "end" : 584,
    "inCoref" : true
  }, {
    "id" : "s5-m3",
    "properties" : {
      "SIRE_MENTION_ROLE" : "Product",
      "SIRE_ENTITY_SUBTYPE" : "NONE",
      "SIRE_MENTION_TYPE" : "NONE",
      "SIRE_MENTION_CLASS" : "SPC"
    },
    "type" : "Product",
    "begin" : 590,
    "end" : 592,
    "inCoref" : true
  }, {
    "id" : "s5-m4",
    "properties" : {
      "SIRE_MENTION_ROLE" : "Product",
      "SIRE_ENTITY_SUBTYPE" : "NONE",
      "SIRE_MENTION_TYPE" : "NONE",
      "SIRE_MENTION_CLASS" : "SPC"
    },
    "type" : "Product",
    "begin" : 687,
    "end" : 693,
    "inCoref" : true
  } ],
  "relations" : [ ],
  "corefs" : [ {
    "id" : "c1",
    "properties" : { },
    "mentions" : [ "s0-m1", "s1-m1", "s3-m1", "s4-m1", "s3-m2", "s4-m2", "s5-m1", "s5-m3" ]
  }, {
    "id" : "c2",
    "properties" : { },
    "mentions" : [ "s5-m2", "s5-m4" ]
  } ],
  "typeResolved" : true,
  "userResolved" : false
}