{
  "id" : "bc2e7dc0-32ab-11e8-9c9d-6505f4419106-88",
  "name" : "review_1424.json",
  "createdDate" : 0,
  "version" : 3,
  "text" : "This was a great kick in the pants!  Not too large, so none of that icky-stomach feeling.  Yet it perked me up mid afternoon and tasted great.  I also liked that it is lightly sweetened, but not super sweet like those Starbucks drinks that feel like pure sugar.<br /><br />I do think this is better ice cold in the can instead of over ice: with ice it loses it gets diluted quick. But the shape of the can makes it quick to chill and keep on the go.<br /><br />Much better than the illy espresso shot, which doesn't taste as full-bodied as this.  Before, I was hesitant about stocking up on these, as they are pricey, but if it keeps me from running into a 7-eleven or AM/PM to buy one, it saves me the element of risk of running into all that junk food! So, keeping this at home cold is a treat that doesn't involve having to look at a rack of Snickers and being tempted to buy one of those too!  It will be cheaper in the long run!",
  "docLength" : 0,
  "language" : "EN",
  "status" : "SUBMITTED",
  "modifiedDate" : 1522303672315,
  "documentSet" : [ ],
  "preannotation" : [ ],
  "sentences" : [ {
    "id" : "s0",
    "begin" : 0,
    "end" : 35,
    "text" : "This was a great kick in the pants!",
    "tokens" : [ {
      "id" : "s0-t0",
      "begin" : 0,
      "end" : 4,
      "text" : "This",
      "whiteSpace" : false
    }, {
      "id" : "s0-t1",
      "begin" : 5,
      "end" : 8,
      "text" : "was",
      "whiteSpace" : false
    }, {
      "id" : "s0-t2",
      "begin" : 9,
      "end" : 10,
      "text" : "a",
      "whiteSpace" : false
    }, {
      "id" : "s0-t3",
      "begin" : 11,
      "end" : 16,
      "text" : "great",
      "whiteSpace" : false
    }, {
      "id" : "s0-t4",
      "begin" : 17,
      "end" : 21,
      "text" : "kick",
      "whiteSpace" : false
    }, {
      "id" : "s0-t5",
      "begin" : 22,
      "end" : 24,
      "text" : "in",
      "whiteSpace" : false
    }, {
      "id" : "s0-t6",
      "begin" : 25,
      "end" : 28,
      "text" : "the",
      "whiteSpace" : false
    }, {
      "id" : "s0-t7",
      "begin" : 29,
      "end" : 34,
      "text" : "pants",
      "whiteSpace" : false
    }, {
      "id" : "s0-t8",
      "begin" : 34,
      "end" : 35,
      "text" : "!",
      "whiteSpace" : false
    } ]
  }, {
    "id" : "s1",
    "begin" : 37,
    "end" : 89,
    "text" : "Not too large, so none of that icky-stomach feeling.",
    "tokens" : [ {
      "id" : "s1-t0",
      "begin" : 37,
      "end" : 40,
      "text" : "Not",
      "whiteSpace" : false
    }, {
      "id" : "s1-t1",
      "begin" : 41,
      "end" : 44,
      "text" : "too",
      "whiteSpace" : false
    }, {
      "id" : "s1-t2",
      "begin" : 45,
      "end" : 50,
      "text" : "large",
      "whiteSpace" : false
    }, {
      "id" : "s1-t3",
      "begin" : 50,
      "end" : 51,
      "text" : ",",
      "whiteSpace" : false
    }, {
      "id" : "s1-t4",
      "begin" : 52,
      "end" : 54,
      "text" : "so",
      "whiteSpace" : false
    }, {
      "id" : "s1-t5",
      "begin" : 55,
      "end" : 59,
      "text" : "none",
      "whiteSpace" : false
    }, {
      "id" : "s1-t6",
      "begin" : 60,
      "end" : 62,
      "text" : "of",
      "whiteSpace" : false
    }, {
      "id" : "s1-t7",
      "begin" : 63,
      "end" : 67,
      "text" : "that",
      "whiteSpace" : false
    }, {
      "id" : "s1-t8",
      "begin" : 68,
      "end" : 72,
      "text" : "icky",
      "whiteSpace" : false
    }, {
      "id" : "s1-t9",
      "begin" : 72,
      "end" : 73,
      "text" : "-",
      "whiteSpace" : false
    }, {
      "id" : "s1-t10",
      "begin" : 73,
      "end" : 80,
      "text" : "stomach",
      "whiteSpace" : false
    }, {
      "id" : "s1-t11",
      "begin" : 81,
      "end" : 88,
      "text" : "feeling",
      "whiteSpace" : false
    }, {
      "id" : "s1-t12",
      "begin" : 88,
      "end" : 89,
      "text" : ".",
      "whiteSpace" : false
    } ]
  }, {
    "id" : "s2",
    "begin" : 91,
    "end" : 142,
    "text" : "Yet it perked me up mid afternoon and tasted great.",
    "tokens" : [ {
      "id" : "s2-t0",
      "begin" : 91,
      "end" : 94,
      "text" : "Yet",
      "whiteSpace" : false
    }, {
      "id" : "s2-t1",
      "begin" : 95,
      "end" : 97,
      "text" : "it",
      "whiteSpace" : false
    }, {
      "id" : "s2-t2",
      "begin" : 98,
      "end" : 104,
      "text" : "perked",
      "whiteSpace" : false
    }, {
      "id" : "s2-t3",
      "begin" : 105,
      "end" : 107,
      "text" : "me",
      "whiteSpace" : false
    }, {
      "id" : "s2-t4",
      "begin" : 108,
      "end" : 110,
      "text" : "up",
      "whiteSpace" : false
    }, {
      "id" : "s2-t5",
      "begin" : 111,
      "end" : 114,
      "text" : "mid",
      "whiteSpace" : false
    }, {
      "id" : "s2-t6",
      "begin" : 115,
      "end" : 124,
      "text" : "afternoon",
      "whiteSpace" : false
    }, {
      "id" : "s2-t7",
      "begin" : 125,
      "end" : 128,
      "text" : "and",
      "whiteSpace" : false
    }, {
      "id" : "s2-t8",
      "begin" : 129,
      "end" : 135,
      "text" : "tasted",
      "whiteSpace" : false
    }, {
      "id" : "s2-t9",
      "begin" : 136,
      "end" : 141,
      "text" : "great",
      "whiteSpace" : false
    }, {
      "id" : "s2-t10",
      "begin" : 141,
      "end" : 142,
      "text" : ".",
      "whiteSpace" : false
    } ]
  }, {
    "id" : "s3",
    "begin" : 144,
    "end" : 261,
    "text" : "I also liked that it is lightly sweetened, but not super sweet like those Starbucks drinks that feel like pure sugar.",
    "tokens" : [ {
      "id" : "s3-t0",
      "begin" : 144,
      "end" : 145,
      "text" : "I",
      "whiteSpace" : false
    }, {
      "id" : "s3-t1",
      "begin" : 146,
      "end" : 150,
      "text" : "also",
      "whiteSpace" : false
    }, {
      "id" : "s3-t2",
      "begin" : 151,
      "end" : 156,
      "text" : "liked",
      "whiteSpace" : false
    }, {
      "id" : "s3-t3",
      "begin" : 157,
      "end" : 161,
      "text" : "that",
      "whiteSpace" : false
    }, {
      "id" : "s3-t4",
      "begin" : 162,
      "end" : 164,
      "text" : "it",
      "whiteSpace" : false
    }, {
      "id" : "s3-t5",
      "begin" : 165,
      "end" : 167,
      "text" : "is",
      "whiteSpace" : false
    }, {
      "id" : "s3-t6",
      "begin" : 168,
      "end" : 175,
      "text" : "lightly",
      "whiteSpace" : false
    }, {
      "id" : "s3-t7",
      "begin" : 176,
      "end" : 185,
      "text" : "sweetened",
      "whiteSpace" : false
    }, {
      "id" : "s3-t8",
      "begin" : 185,
      "end" : 186,
      "text" : ",",
      "whiteSpace" : false
    }, {
      "id" : "s3-t9",
      "begin" : 187,
      "end" : 190,
      "text" : "but",
      "whiteSpace" : false
    }, {
      "id" : "s3-t10",
      "begin" : 191,
      "end" : 194,
      "text" : "not",
      "whiteSpace" : false
    }, {
      "id" : "s3-t11",
      "begin" : 195,
      "end" : 200,
      "text" : "super",
      "whiteSpace" : false
    }, {
      "id" : "s3-t12",
      "begin" : 201,
      "end" : 206,
      "text" : "sweet",
      "whiteSpace" : false
    }, {
      "id" : "s3-t13",
      "begin" : 207,
      "end" : 211,
      "text" : "like",
      "whiteSpace" : false
    }, {
      "id" : "s3-t14",
      "begin" : 212,
      "end" : 217,
      "text" : "those",
      "whiteSpace" : false
    }, {
      "id" : "s3-t15",
      "begin" : 218,
      "end" : 227,
      "text" : "Starbucks",
      "whiteSpace" : false
    }, {
      "id" : "s3-t16",
      "begin" : 228,
      "end" : 234,
      "text" : "drinks",
      "whiteSpace" : false
    }, {
      "id" : "s3-t17",
      "begin" : 235,
      "end" : 239,
      "text" : "that",
      "whiteSpace" : false
    }, {
      "id" : "s3-t18",
      "begin" : 240,
      "end" : 244,
      "text" : "feel",
      "whiteSpace" : false
    }, {
      "id" : "s3-t19",
      "begin" : 245,
      "end" : 249,
      "text" : "like",
      "whiteSpace" : false
    }, {
      "id" : "s3-t20",
      "begin" : 250,
      "end" : 254,
      "text" : "pure",
      "whiteSpace" : false
    }, {
      "id" : "s3-t21",
      "begin" : 255,
      "end" : 260,
      "text" : "sugar",
      "whiteSpace" : false
    }, {
      "id" : "s3-t22",
      "begin" : 260,
      "end" : 261,
      "text" : ".",
      "whiteSpace" : false
    } ]
  }, {
    "id" : "s4",
    "begin" : 261,
    "end" : 380,
    "text" : "<br /><br />I do think this is better ice cold in the can instead of over ice: with ice it loses it gets diluted quick.",
    "tokens" : [ {
      "id" : "s4-t0",
      "begin" : 261,
      "end" : 264,
      "text" : "<br",
      "whiteSpace" : false
    }, {
      "id" : "s4-t1",
      "begin" : 265,
      "end" : 267,
      "text" : "/>",
      "whiteSpace" : false
    }, {
      "id" : "s4-t2",
      "begin" : 267,
      "end" : 270,
      "text" : "<br",
      "whiteSpace" : false
    }, {
      "id" : "s4-t3",
      "begin" : 271,
      "end" : 273,
      "text" : "/>",
      "whiteSpace" : false
    }, {
      "id" : "s4-t4",
      "begin" : 273,
      "end" : 274,
      "text" : "I",
      "whiteSpace" : false
    }, {
      "id" : "s4-t5",
      "begin" : 275,
      "end" : 277,
      "text" : "do",
      "whiteSpace" : false
    }, {
      "id" : "s4-t6",
      "begin" : 278,
      "end" : 283,
      "text" : "think",
      "whiteSpace" : false
    }, {
      "id" : "s4-t7",
      "begin" : 284,
      "end" : 288,
      "text" : "this",
      "whiteSpace" : false
    }, {
      "id" : "s4-t8",
      "begin" : 289,
      "end" : 291,
      "text" : "is",
      "whiteSpace" : false
    }, {
      "id" : "s4-t9",
      "begin" : 292,
      "end" : 298,
      "text" : "better",
      "whiteSpace" : false
    }, {
      "id" : "s4-t10",
      "begin" : 299,
      "end" : 302,
      "text" : "ice",
      "whiteSpace" : false
    }, {
      "id" : "s4-t11",
      "begin" : 303,
      "end" : 307,
      "text" : "cold",
      "whiteSpace" : false
    }, {
      "id" : "s4-t12",
      "begin" : 308,
      "end" : 310,
      "text" : "in",
      "whiteSpace" : false
    }, {
      "id" : "s4-t13",
      "begin" : 311,
      "end" : 314,
      "text" : "the",
      "whiteSpace" : false
    }, {
      "id" : "s4-t14",
      "begin" : 315,
      "end" : 318,
      "text" : "can",
      "whiteSpace" : false
    }, {
      "id" : "s4-t15",
      "begin" : 319,
      "end" : 326,
      "text" : "instead",
      "whiteSpace" : false
    }, {
      "id" : "s4-t16",
      "begin" : 327,
      "end" : 329,
      "text" : "of",
      "whiteSpace" : false
    }, {
      "id" : "s4-t17",
      "begin" : 330,
      "end" : 334,
      "text" : "over",
      "whiteSpace" : false
    }, {
      "id" : "s4-t18",
      "begin" : 335,
      "end" : 338,
      "text" : "ice",
      "whiteSpace" : false
    }, {
      "id" : "s4-t19",
      "begin" : 338,
      "end" : 339,
      "text" : ":",
      "whiteSpace" : false
    }, {
      "id" : "s4-t20",
      "begin" : 340,
      "end" : 344,
      "text" : "with",
      "whiteSpace" : false
    }, {
      "id" : "s4-t21",
      "begin" : 345,
      "end" : 348,
      "text" : "ice",
      "whiteSpace" : false
    }, {
      "id" : "s4-t22",
      "begin" : 349,
      "end" : 351,
      "text" : "it",
      "whiteSpace" : false
    }, {
      "id" : "s4-t23",
      "begin" : 352,
      "end" : 357,
      "text" : "loses",
      "whiteSpace" : false
    }, {
      "id" : "s4-t24",
      "begin" : 358,
      "end" : 360,
      "text" : "it",
      "whiteSpace" : false
    }, {
      "id" : "s4-t25",
      "begin" : 361,
      "end" : 365,
      "text" : "gets",
      "whiteSpace" : false
    }, {
      "id" : "s4-t26",
      "begin" : 366,
      "end" : 373,
      "text" : "diluted",
      "whiteSpace" : false
    }, {
      "id" : "s4-t27",
      "begin" : 374,
      "end" : 379,
      "text" : "quick",
      "whiteSpace" : false
    }, {
      "id" : "s4-t28",
      "begin" : 379,
      "end" : 380,
      "text" : ".",
      "whiteSpace" : false
    } ]
  }, {
    "id" : "s5",
    "begin" : 381,
    "end" : 449,
    "text" : "But the shape of the can makes it quick to chill and keep on the go.",
    "tokens" : [ {
      "id" : "s5-t0",
      "begin" : 381,
      "end" : 384,
      "text" : "But",
      "whiteSpace" : false
    }, {
      "id" : "s5-t1",
      "begin" : 385,
      "end" : 388,
      "text" : "the",
      "whiteSpace" : false
    }, {
      "id" : "s5-t2",
      "begin" : 389,
      "end" : 394,
      "text" : "shape",
      "whiteSpace" : false
    }, {
      "id" : "s5-t3",
      "begin" : 395,
      "end" : 397,
      "text" : "of",
      "whiteSpace" : false
    }, {
      "id" : "s5-t4",
      "begin" : 398,
      "end" : 401,
      "text" : "the",
      "whiteSpace" : false
    }, {
      "id" : "s5-t5",
      "begin" : 402,
      "end" : 405,
      "text" : "can",
      "whiteSpace" : false
    }, {
      "id" : "s5-t6",
      "begin" : 406,
      "end" : 411,
      "text" : "makes",
      "whiteSpace" : false
    }, {
      "id" : "s5-t7",
      "begin" : 412,
      "end" : 414,
      "text" : "it",
      "whiteSpace" : false
    }, {
      "id" : "s5-t8",
      "begin" : 415,
      "end" : 420,
      "text" : "quick",
      "whiteSpace" : false
    }, {
      "id" : "s5-t9",
      "begin" : 421,
      "end" : 423,
      "text" : "to",
      "whiteSpace" : false
    }, {
      "id" : "s5-t10",
      "begin" : 424,
      "end" : 429,
      "text" : "chill",
      "whiteSpace" : false
    }, {
      "id" : "s5-t11",
      "begin" : 430,
      "end" : 433,
      "text" : "and",
      "whiteSpace" : false
    }, {
      "id" : "s5-t12",
      "begin" : 434,
      "end" : 438,
      "text" : "keep",
      "whiteSpace" : false
    }, {
      "id" : "s5-t13",
      "begin" : 439,
      "end" : 441,
      "text" : "on",
      "whiteSpace" : false
    }, {
      "id" : "s5-t14",
      "begin" : 442,
      "end" : 445,
      "text" : "the",
      "whiteSpace" : false
    }, {
      "id" : "s5-t15",
      "begin" : 446,
      "end" : 448,
      "text" : "go",
      "whiteSpace" : false
    }, {
      "id" : "s5-t16",
      "begin" : 448,
      "end" : 449,
      "text" : ".",
      "whiteSpace" : false
    } ]
  }, {
    "id" : "s6",
    "begin" : 449,
    "end" : 545,
    "text" : "<br /><br />Much better than the illy espresso shot, which doesn't taste as full-bodied as this.",
    "tokens" : [ {
      "id" : "s6-t0",
      "begin" : 449,
      "end" : 452,
      "text" : "<br",
      "whiteSpace" : false
    }, {
      "id" : "s6-t1",
      "begin" : 453,
      "end" : 455,
      "text" : "/>",
      "whiteSpace" : false
    }, {
      "id" : "s6-t2",
      "begin" : 455,
      "end" : 458,
      "text" : "<br",
      "whiteSpace" : false
    }, {
      "id" : "s6-t3",
      "begin" : 459,
      "end" : 461,
      "text" : "/>",
      "whiteSpace" : false
    }, {
      "id" : "s6-t4",
      "begin" : 461,
      "end" : 465,
      "text" : "Much",
      "whiteSpace" : false
    }, {
      "id" : "s6-t5",
      "begin" : 466,
      "end" : 472,
      "text" : "better",
      "whiteSpace" : false
    }, {
      "id" : "s6-t6",
      "begin" : 473,
      "end" : 477,
      "text" : "than",
      "whiteSpace" : false
    }, {
      "id" : "s6-t7",
      "begin" : 478,
      "end" : 481,
      "text" : "the",
      "whiteSpace" : false
    }, {
      "id" : "s6-t8",
      "begin" : 482,
      "end" : 486,
      "text" : "illy",
      "whiteSpace" : false
    }, {
      "id" : "s6-t9",
      "begin" : 487,
      "end" : 495,
      "text" : "espresso",
      "whiteSpace" : false
    }, {
      "id" : "s6-t10",
      "begin" : 496,
      "end" : 500,
      "text" : "shot",
      "whiteSpace" : false
    }, {
      "id" : "s6-t11",
      "begin" : 500,
      "end" : 501,
      "text" : ",",
      "whiteSpace" : false
    }, {
      "id" : "s6-t12",
      "begin" : 502,
      "end" : 507,
      "text" : "which",
      "whiteSpace" : false
    }, {
      "id" : "s6-t13",
      "begin" : 508,
      "end" : 512,
      "text" : "does",
      "whiteSpace" : false
    }, {
      "id" : "s6-t14",
      "begin" : 512,
      "end" : 515,
      "text" : "n't",
      "whiteSpace" : false
    }, {
      "id" : "s6-t15",
      "begin" : 516,
      "end" : 521,
      "text" : "taste",
      "whiteSpace" : false
    }, {
      "id" : "s6-t16",
      "begin" : 522,
      "end" : 524,
      "text" : "as",
      "whiteSpace" : false
    }, {
      "id" : "s6-t17",
      "begin" : 525,
      "end" : 536,
      "text" : "full-bodied",
      "whiteSpace" : false
    }, {
      "id" : "s6-t18",
      "begin" : 537,
      "end" : 539,
      "text" : "as",
      "whiteSpace" : false
    }, {
      "id" : "s6-t19",
      "begin" : 540,
      "end" : 544,
      "text" : "this",
      "whiteSpace" : false
    }, {
      "id" : "s6-t20",
      "begin" : 544,
      "end" : 545,
      "text" : ".",
      "whiteSpace" : false
    } ]
  }, {
    "id" : "s7",
    "begin" : 547,
    "end" : 754,
    "text" : "Before, I was hesitant about stocking up on these, as they are pricey, but if it keeps me from running into a 7-eleven or AM/PM to buy one, it saves me the element of risk of running into all that junk food!",
    "tokens" : [ {
      "id" : "s7-t0",
      "begin" : 547,
      "end" : 553,
      "text" : "Before",
      "whiteSpace" : false
    }, {
      "id" : "s7-t1",
      "begin" : 553,
      "end" : 554,
      "text" : ",",
      "whiteSpace" : false
    }, {
      "id" : "s7-t2",
      "begin" : 555,
      "end" : 556,
      "text" : "I",
      "whiteSpace" : false
    }, {
      "id" : "s7-t3",
      "begin" : 557,
      "end" : 560,
      "text" : "was",
      "whiteSpace" : false
    }, {
      "id" : "s7-t4",
      "begin" : 561,
      "end" : 569,
      "text" : "hesitant",
      "whiteSpace" : false
    }, {
      "id" : "s7-t5",
      "begin" : 570,
      "end" : 575,
      "text" : "about",
      "whiteSpace" : false
    }, {
      "id" : "s7-t6",
      "begin" : 576,
      "end" : 584,
      "text" : "stocking",
      "whiteSpace" : false
    }, {
      "id" : "s7-t7",
      "begin" : 585,
      "end" : 587,
      "text" : "up",
      "whiteSpace" : false
    }, {
      "id" : "s7-t8",
      "begin" : 588,
      "end" : 590,
      "text" : "on",
      "whiteSpace" : false
    }, {
      "id" : "s7-t9",
      "begin" : 591,
      "end" : 596,
      "text" : "these",
      "whiteSpace" : false
    }, {
      "id" : "s7-t10",
      "begin" : 596,
      "end" : 597,
      "text" : ",",
      "whiteSpace" : false
    }, {
      "id" : "s7-t11",
      "begin" : 598,
      "end" : 600,
      "text" : "as",
      "whiteSpace" : false
    }, {
      "id" : "s7-t12",
      "begin" : 601,
      "end" : 605,
      "text" : "they",
      "whiteSpace" : false
    }, {
      "id" : "s7-t13",
      "begin" : 606,
      "end" : 609,
      "text" : "are",
      "whiteSpace" : false
    }, {
      "id" : "s7-t14",
      "begin" : 610,
      "end" : 616,
      "text" : "pricey",
      "whiteSpace" : false
    }, {
      "id" : "s7-t15",
      "begin" : 616,
      "end" : 617,
      "text" : ",",
      "whiteSpace" : false
    }, {
      "id" : "s7-t16",
      "begin" : 618,
      "end" : 621,
      "text" : "but",
      "whiteSpace" : false
    }, {
      "id" : "s7-t17",
      "begin" : 622,
      "end" : 624,
      "text" : "if",
      "whiteSpace" : false
    }, {
      "id" : "s7-t18",
      "begin" : 625,
      "end" : 627,
      "text" : "it",
      "whiteSpace" : false
    }, {
      "id" : "s7-t19",
      "begin" : 628,
      "end" : 633,
      "text" : "keeps",
      "whiteSpace" : false
    }, {
      "id" : "s7-t20",
      "begin" : 634,
      "end" : 636,
      "text" : "me",
      "whiteSpace" : false
    }, {
      "id" : "s7-t21",
      "begin" : 637,
      "end" : 641,
      "text" : "from",
      "whiteSpace" : false
    }, {
      "id" : "s7-t22",
      "begin" : 642,
      "end" : 649,
      "text" : "running",
      "whiteSpace" : false
    }, {
      "id" : "s7-t23",
      "begin" : 650,
      "end" : 654,
      "text" : "into",
      "whiteSpace" : false
    }, {
      "id" : "s7-t24",
      "begin" : 655,
      "end" : 656,
      "text" : "a",
      "whiteSpace" : false
    }, {
      "id" : "s7-t25",
      "begin" : 657,
      "end" : 658,
      "text" : "7",
      "whiteSpace" : false
    }, {
      "id" : "s7-t26",
      "begin" : 658,
      "end" : 659,
      "text" : "-",
      "whiteSpace" : false
    }, {
      "id" : "s7-t27",
      "begin" : 659,
      "end" : 665,
      "text" : "eleven",
      "whiteSpace" : false
    }, {
      "id" : "s7-t28",
      "begin" : 666,
      "end" : 668,
      "text" : "or",
      "whiteSpace" : false
    }, {
      "id" : "s7-t29",
      "begin" : 669,
      "end" : 674,
      "text" : "AM/PM",
      "whiteSpace" : false
    }, {
      "id" : "s7-t30",
      "begin" : 675,
      "end" : 677,
      "text" : "to",
      "whiteSpace" : false
    }, {
      "id" : "s7-t31",
      "begin" : 678,
      "end" : 681,
      "text" : "buy",
      "whiteSpace" : false
    }, {
      "id" : "s7-t32",
      "begin" : 682,
      "end" : 685,
      "text" : "one",
      "whiteSpace" : false
    }, {
      "id" : "s7-t33",
      "begin" : 685,
      "end" : 686,
      "text" : ",",
      "whiteSpace" : false
    }, {
      "id" : "s7-t34",
      "begin" : 687,
      "end" : 689,
      "text" : "it",
      "whiteSpace" : false
    }, {
      "id" : "s7-t35",
      "begin" : 690,
      "end" : 695,
      "text" : "saves",
      "whiteSpace" : false
    }, {
      "id" : "s7-t36",
      "begin" : 696,
      "end" : 698,
      "text" : "me",
      "whiteSpace" : false
    }, {
      "id" : "s7-t37",
      "begin" : 699,
      "end" : 702,
      "text" : "the",
      "whiteSpace" : false
    }, {
      "id" : "s7-t38",
      "begin" : 703,
      "end" : 710,
      "text" : "element",
      "whiteSpace" : false
    }, {
      "id" : "s7-t39",
      "begin" : 711,
      "end" : 713,
      "text" : "of",
      "whiteSpace" : false
    }, {
      "id" : "s7-t40",
      "begin" : 714,
      "end" : 718,
      "text" : "risk",
      "whiteSpace" : false
    }, {
      "id" : "s7-t41",
      "begin" : 719,
      "end" : 721,
      "text" : "of",
      "whiteSpace" : false
    }, {
      "id" : "s7-t42",
      "begin" : 722,
      "end" : 729,
      "text" : "running",
      "whiteSpace" : false
    }, {
      "id" : "s7-t43",
      "begin" : 730,
      "end" : 734,
      "text" : "into",
      "whiteSpace" : false
    }, {
      "id" : "s7-t44",
      "begin" : 735,
      "end" : 738,
      "text" : "all",
      "whiteSpace" : false
    }, {
      "id" : "s7-t45",
      "begin" : 739,
      "end" : 743,
      "text" : "that",
      "whiteSpace" : false
    }, {
      "id" : "s7-t46",
      "begin" : 744,
      "end" : 748,
      "text" : "junk",
      "whiteSpace" : false
    }, {
      "id" : "s7-t47",
      "begin" : 749,
      "end" : 753,
      "text" : "food",
      "whiteSpace" : false
    }, {
      "id" : "s7-t48",
      "begin" : 753,
      "end" : 754,
      "text" : "!",
      "whiteSpace" : false
    } ]
  }, {
    "id" : "s8",
    "begin" : 755,
    "end" : 896,
    "text" : "So, keeping this at home cold is a treat that doesn't involve having to look at a rack of Snickers and being tempted to buy one of those too!",
    "tokens" : [ {
      "id" : "s8-t0",
      "begin" : 755,
      "end" : 757,
      "text" : "So",
      "whiteSpace" : false
    }, {
      "id" : "s8-t1",
      "begin" : 757,
      "end" : 758,
      "text" : ",",
      "whiteSpace" : false
    }, {
      "id" : "s8-t2",
      "begin" : 759,
      "end" : 766,
      "text" : "keeping",
      "whiteSpace" : false
    }, {
      "id" : "s8-t3",
      "begin" : 767,
      "end" : 771,
      "text" : "this",
      "whiteSpace" : false
    }, {
      "id" : "s8-t4",
      "begin" : 772,
      "end" : 774,
      "text" : "at",
      "whiteSpace" : false
    }, {
      "id" : "s8-t5",
      "begin" : 775,
      "end" : 779,
      "text" : "home",
      "whiteSpace" : false
    }, {
      "id" : "s8-t6",
      "begin" : 780,
      "end" : 784,
      "text" : "cold",
      "whiteSpace" : false
    }, {
      "id" : "s8-t7",
      "begin" : 785,
      "end" : 787,
      "text" : "is",
      "whiteSpace" : false
    }, {
      "id" : "s8-t8",
      "begin" : 788,
      "end" : 789,
      "text" : "a",
      "whiteSpace" : false
    }, {
      "id" : "s8-t9",
      "begin" : 790,
      "end" : 795,
      "text" : "treat",
      "whiteSpace" : false
    }, {
      "id" : "s8-t10",
      "begin" : 796,
      "end" : 800,
      "text" : "that",
      "whiteSpace" : false
    }, {
      "id" : "s8-t11",
      "begin" : 801,
      "end" : 805,
      "text" : "does",
      "whiteSpace" : false
    }, {
      "id" : "s8-t12",
      "begin" : 805,
      "end" : 808,
      "text" : "n't",
      "whiteSpace" : false
    }, {
      "id" : "s8-t13",
      "begin" : 809,
      "end" : 816,
      "text" : "involve",
      "whiteSpace" : false
    }, {
      "id" : "s8-t14",
      "begin" : 817,
      "end" : 823,
      "text" : "having",
      "whiteSpace" : false
    }, {
      "id" : "s8-t15",
      "begin" : 824,
      "end" : 826,
      "text" : "to",
      "whiteSpace" : false
    }, {
      "id" : "s8-t16",
      "begin" : 827,
      "end" : 831,
      "text" : "look",
      "whiteSpace" : false
    }, {
      "id" : "s8-t17",
      "begin" : 832,
      "end" : 834,
      "text" : "at",
      "whiteSpace" : false
    }, {
      "id" : "s8-t18",
      "begin" : 835,
      "end" : 836,
      "text" : "a",
      "whiteSpace" : false
    }, {
      "id" : "s8-t19",
      "begin" : 837,
      "end" : 841,
      "text" : "rack",
      "whiteSpace" : false
    }, {
      "id" : "s8-t20",
      "begin" : 842,
      "end" : 844,
      "text" : "of",
      "whiteSpace" : false
    }, {
      "id" : "s8-t21",
      "begin" : 845,
      "end" : 853,
      "text" : "Snickers",
      "whiteSpace" : false
    }, {
      "id" : "s8-t22",
      "begin" : 854,
      "end" : 857,
      "text" : "and",
      "whiteSpace" : false
    }, {
      "id" : "s8-t23",
      "begin" : 858,
      "end" : 863,
      "text" : "being",
      "whiteSpace" : false
    }, {
      "id" : "s8-t24",
      "begin" : 864,
      "end" : 871,
      "text" : "tempted",
      "whiteSpace" : false
    }, {
      "id" : "s8-t25",
      "begin" : 872,
      "end" : 874,
      "text" : "to",
      "whiteSpace" : false
    }, {
      "id" : "s8-t26",
      "begin" : 875,
      "end" : 878,
      "text" : "buy",
      "whiteSpace" : false
    }, {
      "id" : "s8-t27",
      "begin" : 879,
      "end" : 882,
      "text" : "one",
      "whiteSpace" : false
    }, {
      "id" : "s8-t28",
      "begin" : 883,
      "end" : 885,
      "text" : "of",
      "whiteSpace" : false
    }, {
      "id" : "s8-t29",
      "begin" : 886,
      "end" : 891,
      "text" : "those",
      "whiteSpace" : false
    }, {
      "id" : "s8-t30",
      "begin" : 892,
      "end" : 895,
      "text" : "too",
      "whiteSpace" : false
    }, {
      "id" : "s8-t31",
      "begin" : 895,
      "end" : 896,
      "text" : "!",
      "whiteSpace" : false
    } ]
  }, {
    "id" : "s9",
    "begin" : 898,
    "end" : 933,
    "text" : "It will be cheaper in the long run!",
    "tokens" : [ {
      "id" : "s9-t0",
      "begin" : 898,
      "end" : 900,
      "text" : "It",
      "whiteSpace" : false
    }, {
      "id" : "s9-t1",
      "begin" : 901,
      "end" : 905,
      "text" : "will",
      "whiteSpace" : false
    }, {
      "id" : "s9-t2",
      "begin" : 906,
      "end" : 908,
      "text" : "be",
      "whiteSpace" : false
    }, {
      "id" : "s9-t3",
      "begin" : 909,
      "end" : 916,
      "text" : "cheaper",
      "whiteSpace" : false
    }, {
      "id" : "s9-t4",
      "begin" : 917,
      "end" : 919,
      "text" : "in",
      "whiteSpace" : false
    }, {
      "id" : "s9-t5",
      "begin" : 920,
      "end" : 923,
      "text" : "the",
      "whiteSpace" : false
    }, {
      "id" : "s9-t6",
      "begin" : 924,
      "end" : 928,
      "text" : "long",
      "whiteSpace" : false
    }, {
      "id" : "s9-t7",
      "begin" : 929,
      "end" : 932,
      "text" : "run",
      "whiteSpace" : false
    }, {
      "id" : "s9-t8",
      "begin" : 932,
      "end" : 933,
      "text" : "!",
      "whiteSpace" : false
    } ]
  } ],
  "mentions" : [ {
    "id" : "s0-m1",
    "properties" : {
      "SIRE_MENTION_ROLE" : "Product",
      "SIRE_ENTITY_SUBTYPE" : "NONE",
      "SIRE_MENTION_TYPE" : "NONE",
      "SIRE_MENTION_CLASS" : "SPC"
    },
    "type" : "Product",
    "begin" : 0,
    "end" : 4,
    "inCoref" : true
  }, {
    "id" : "s2-m1",
    "properties" : {
      "SIRE_MENTION_ROLE" : "Product",
      "SIRE_ENTITY_SUBTYPE" : "NONE",
      "SIRE_MENTION_TYPE" : "NONE",
      "SIRE_MENTION_CLASS" : "SPC"
    },
    "type" : "Product",
    "begin" : 95,
    "end" : 97,
    "inCoref" : true
  }, {
    "id" : "s3-m1",
    "properties" : {
      "SIRE_MENTION_ROLE" : "Product",
      "SIRE_ENTITY_SUBTYPE" : "NONE",
      "SIRE_MENTION_TYPE" : "NONE",
      "SIRE_MENTION_CLASS" : "SPC"
    },
    "type" : "Product",
    "begin" : 162,
    "end" : 164,
    "inCoref" : true
  }, {
    "id" : "s3-m2",
    "properties" : {
      "SIRE_MENTION_ROLE" : "Brand",
      "SIRE_ENTITY_SUBTYPE" : "NONE",
      "SIRE_MENTION_TYPE" : "NONE",
      "SIRE_MENTION_CLASS" : "SPC"
    },
    "type" : "Brand",
    "begin" : 218,
    "end" : 227,
    "inCoref" : false
  }, {
    "id" : "s3-m3",
    "properties" : {
      "SIRE_MENTION_ROLE" : "Product",
      "SIRE_ENTITY_SUBTYPE" : "NONE",
      "SIRE_MENTION_TYPE" : "NONE",
      "SIRE_MENTION_CLASS" : "SPC"
    },
    "type" : "Product",
    "begin" : 228,
    "end" : 234,
    "inCoref" : false
  }, {
    "id" : "s4-m1",
    "properties" : {
      "SIRE_MENTION_ROLE" : "Product",
      "SIRE_ENTITY_SUBTYPE" : "NONE",
      "SIRE_MENTION_TYPE" : "NONE",
      "SIRE_MENTION_CLASS" : "SPC"
    },
    "type" : "Product",
    "begin" : 284,
    "end" : 288,
    "inCoref" : true
  }, {
    "id" : "s4-m2",
    "properties" : {
      "SIRE_MENTION_ROLE" : "Product",
      "SIRE_ENTITY_SUBTYPE" : "NONE",
      "SIRE_MENTION_TYPE" : "NONE",
      "SIRE_MENTION_CLASS" : "SPC"
    },
    "type" : "Product",
    "begin" : 349,
    "end" : 351,
    "inCoref" : true
  }, {
    "id" : "s5-m1",
    "properties" : {
      "SIRE_MENTION_ROLE" : "Product",
      "SIRE_ENTITY_SUBTYPE" : "NONE",
      "SIRE_MENTION_TYPE" : "NONE",
      "SIRE_MENTION_CLASS" : "SPC"
    },
    "type" : "Product",
    "begin" : 412,
    "end" : 414,
    "inCoref" : true
  }, {
    "id" : "s6-m1",
    "properties" : {
      "SIRE_MENTION_ROLE" : "Brand",
      "SIRE_ENTITY_SUBTYPE" : "NONE",
      "SIRE_MENTION_TYPE" : "NONE",
      "SIRE_MENTION_CLASS" : "SPC"
    },
    "type" : "Brand",
    "begin" : 482,
    "end" : 486,
    "inCoref" : false
  }, {
    "id" : "s6-m2",
    "properties" : {
      "SIRE_MENTION_ROLE" : "Attribute",
      "SIRE_ENTITY_SUBTYPE" : "NONE",
      "SIRE_MENTION_TYPE" : "NONE",
      "SIRE_MENTION_CLASS" : "SPC"
    },
    "type" : "Attribute",
    "begin" : 487,
    "end" : 495,
    "inCoref" : false
  }, {
    "id" : "s6-m3",
    "properties" : {
      "SIRE_MENTION_ROLE" : "Product",
      "SIRE_ENTITY_SUBTYPE" : "NONE",
      "SIRE_MENTION_TYPE" : "NONE",
      "SIRE_MENTION_CLASS" : "SPC"
    },
    "type" : "Product",
    "begin" : 496,
    "end" : 500,
    "inCoref" : false
  }, {
    "id" : "s6-m4",
    "properties" : {
      "SIRE_MENTION_ROLE" : "Product",
      "SIRE_ENTITY_SUBTYPE" : "NONE",
      "SIRE_MENTION_TYPE" : "NONE",
      "SIRE_MENTION_CLASS" : "SPC"
    },
    "type" : "Product",
    "begin" : 540,
    "end" : 544,
    "inCoref" : true
  }, {
    "id" : "s7-m1",
    "properties" : {
      "SIRE_MENTION_ROLE" : "Product",
      "SIRE_ENTITY_SUBTYPE" : "NONE",
      "SIRE_MENTION_TYPE" : "NONE",
      "SIRE_MENTION_CLASS" : "SPC"
    },
    "type" : "Product",
    "begin" : 591,
    "end" : 596,
    "inCoref" : true
  }, {
    "id" : "s7-m2",
    "properties" : {
      "SIRE_MENTION_ROLE" : "Product",
      "SIRE_ENTITY_SUBTYPE" : "NONE",
      "SIRE_MENTION_TYPE" : "NONE",
      "SIRE_MENTION_CLASS" : "SPC"
    },
    "type" : "Product",
    "begin" : 601,
    "end" : 605,
    "inCoref" : true
  }, {
    "id" : "s7-m3",
    "properties" : {
      "SIRE_MENTION_ROLE" : "Product",
      "SIRE_ENTITY_SUBTYPE" : "NONE",
      "SIRE_MENTION_TYPE" : "NONE",
      "SIRE_MENTION_CLASS" : "SPC"
    },
    "type" : "Product",
    "begin" : 625,
    "end" : 627,
    "inCoref" : true
  }, {
    "id" : "s7-m4",
    "properties" : {
      "SIRE_MENTION_ROLE" : "Product",
      "SIRE_ENTITY_SUBTYPE" : "NONE",
      "SIRE_MENTION_TYPE" : "NONE",
      "SIRE_MENTION_CLASS" : "SPC"
    },
    "type" : "Product",
    "begin" : 682,
    "end" : 685,
    "inCoref" : true
  }, {
    "id" : "s7-m5",
    "properties" : {
      "SIRE_MENTION_ROLE" : "Product",
      "SIRE_ENTITY_SUBTYPE" : "NONE",
      "SIRE_MENTION_TYPE" : "NONE",
      "SIRE_MENTION_CLASS" : "SPC"
    },
    "type" : "Product",
    "begin" : 687,
    "end" : 689,
    "inCoref" : true
  }, {
    "id" : "s8-m1",
    "properties" : {
      "SIRE_MENTION_ROLE" : "Product",
      "SIRE_ENTITY_SUBTYPE" : "NONE",
      "SIRE_MENTION_TYPE" : "NONE",
      "SIRE_MENTION_CLASS" : "SPC"
    },
    "type" : "Product",
    "begin" : 767,
    "end" : 771,
    "inCoref" : true
  }, {
    "id" : "s9-m1",
    "properties" : {
      "SIRE_MENTION_ROLE" : "Product",
      "SIRE_ENTITY_SUBTYPE" : "NONE",
      "SIRE_MENTION_TYPE" : "NONE",
      "SIRE_MENTION_CLASS" : "SPC"
    },
    "type" : "Product",
    "begin" : 898,
    "end" : 900,
    "inCoref" : true
  } ],
  "relations" : [ {
    "id" : "s3-r1",
    "properties" : { },
    "type" : "brandOf",
    "args" : [ "s3-m2", "s3-m3" ]
  }, {
    "id" : "s6-r1",
    "properties" : { },
    "type" : "propertyOf",
    "args" : [ "s6-m2", "s6-m3" ]
  }, {
    "id" : "s6-r2",
    "properties" : { },
    "type" : "brandOf",
    "args" : [ "s6-m1", "s6-m3" ]
  } ],
  "corefs" : [ {
    "id" : "c1",
    "properties" : { },
    "mentions" : [ "s0-m1", "s2-m1", "s3-m1", "s4-m1", "s5-m1", "s6-m4", "s7-m1", "s7-m2", "s7-m4", "s7-m5", "s8-m1", "s9-m1", "s7-m3", "s4-m2" ]
  } ],
  "typeResolved" : true,
  "userResolved" : false
}