{
  "id" : "bc2e7dc0-32ab-11e8-9c9d-6505f4419106-53",
  "name" : "review_0884.json",
  "createdDate" : 0,
  "version" : 3,
  "text" : "Love chocolate coconut water (even though I hate the taste of plain coconut water.) This is great for the day after too much wine, when you have a cold or any other time that you need some serious hydration.",
  "docLength" : 0,
  "language" : "EN",
  "status" : "SUBMITTED",
  "modifiedDate" : 1522294585181,
  "documentSet" : [ ],
  "preannotation" : [ ],
  "sentences" : [ {
    "id" : "s0",
    "begin" : 0,
    "end" : 82,
    "text" : "Love chocolate coconut water (even though I hate the taste of plain coconut water.",
    "tokens" : [ {
      "id" : "s0-t0",
      "begin" : 0,
      "end" : 4,
      "text" : "Love",
      "whiteSpace" : false
    }, {
      "id" : "s0-t1",
      "begin" : 5,
      "end" : 14,
      "text" : "chocolate",
      "whiteSpace" : false
    }, {
      "id" : "s0-t2",
      "begin" : 15,
      "end" : 22,
      "text" : "coconut",
      "whiteSpace" : false
    }, {
      "id" : "s0-t3",
      "begin" : 23,
      "end" : 28,
      "text" : "water",
      "whiteSpace" : false
    }, {
      "id" : "s0-t4",
      "begin" : 29,
      "end" : 30,
      "text" : "(",
      "whiteSpace" : false
    }, {
      "id" : "s0-t5",
      "begin" : 30,
      "end" : 34,
      "text" : "even",
      "whiteSpace" : false
    }, {
      "id" : "s0-t6",
      "begin" : 35,
      "end" : 41,
      "text" : "though",
      "whiteSpace" : false
    }, {
      "id" : "s0-t7",
      "begin" : 42,
      "end" : 43,
      "text" : "I",
      "whiteSpace" : false
    }, {
      "id" : "s0-t8",
      "begin" : 44,
      "end" : 48,
      "text" : "hate",
      "whiteSpace" : false
    }, {
      "id" : "s0-t9",
      "begin" : 49,
      "end" : 52,
      "text" : "the",
      "whiteSpace" : false
    }, {
      "id" : "s0-t10",
      "begin" : 53,
      "end" : 58,
      "text" : "taste",
      "whiteSpace" : false
    }, {
      "id" : "s0-t11",
      "begin" : 59,
      "end" : 61,
      "text" : "of",
      "whiteSpace" : false
    }, {
      "id" : "s0-t12",
      "begin" : 62,
      "end" : 67,
      "text" : "plain",
      "whiteSpace" : false
    }, {
      "id" : "s0-t13",
      "begin" : 68,
      "end" : 75,
      "text" : "coconut",
      "whiteSpace" : false
    }, {
      "id" : "s0-t14",
      "begin" : 76,
      "end" : 81,
      "text" : "water",
      "whiteSpace" : false
    }, {
      "id" : "s0-t15",
      "begin" : 81,
      "end" : 82,
      "text" : ".",
      "whiteSpace" : false
    } ]
  }, {
    "id" : "s1",
    "begin" : 82,
    "end" : 207,
    "text" : ") This is great for the day after too much wine, when you have a cold or any other time that you need some serious hydration.",
    "tokens" : [ {
      "id" : "s1-t0",
      "begin" : 82,
      "end" : 83,
      "text" : ")",
      "whiteSpace" : false
    }, {
      "id" : "s1-t1",
      "begin" : 84,
      "end" : 88,
      "text" : "This",
      "whiteSpace" : false
    }, {
      "id" : "s1-t2",
      "begin" : 89,
      "end" : 91,
      "text" : "is",
      "whiteSpace" : false
    }, {
      "id" : "s1-t3",
      "begin" : 92,
      "end" : 97,
      "text" : "great",
      "whiteSpace" : false
    }, {
      "id" : "s1-t4",
      "begin" : 98,
      "end" : 101,
      "text" : "for",
      "whiteSpace" : false
    }, {
      "id" : "s1-t5",
      "begin" : 102,
      "end" : 105,
      "text" : "the",
      "whiteSpace" : false
    }, {
      "id" : "s1-t6",
      "begin" : 106,
      "end" : 109,
      "text" : "day",
      "whiteSpace" : false
    }, {
      "id" : "s1-t7",
      "begin" : 110,
      "end" : 115,
      "text" : "after",
      "whiteSpace" : false
    }, {
      "id" : "s1-t8",
      "begin" : 116,
      "end" : 119,
      "text" : "too",
      "whiteSpace" : false
    }, {
      "id" : "s1-t9",
      "begin" : 120,
      "end" : 124,
      "text" : "much",
      "whiteSpace" : false
    }, {
      "id" : "s1-t10",
      "begin" : 125,
      "end" : 129,
      "text" : "wine",
      "whiteSpace" : false
    }, {
      "id" : "s1-t11",
      "begin" : 129,
      "end" : 130,
      "text" : ",",
      "whiteSpace" : false
    }, {
      "id" : "s1-t12",
      "begin" : 131,
      "end" : 135,
      "text" : "when",
      "whiteSpace" : false
    }, {
      "id" : "s1-t13",
      "begin" : 136,
      "end" : 139,
      "text" : "you",
      "whiteSpace" : false
    }, {
      "id" : "s1-t14",
      "begin" : 140,
      "end" : 144,
      "text" : "have",
      "whiteSpace" : false
    }, {
      "id" : "s1-t15",
      "begin" : 145,
      "end" : 146,
      "text" : "a",
      "whiteSpace" : false
    }, {
      "id" : "s1-t16",
      "begin" : 147,
      "end" : 151,
      "text" : "cold",
      "whiteSpace" : false
    }, {
      "id" : "s1-t17",
      "begin" : 152,
      "end" : 154,
      "text" : "or",
      "whiteSpace" : false
    }, {
      "id" : "s1-t18",
      "begin" : 155,
      "end" : 158,
      "text" : "any",
      "whiteSpace" : false
    }, {
      "id" : "s1-t19",
      "begin" : 159,
      "end" : 164,
      "text" : "other",
      "whiteSpace" : false
    }, {
      "id" : "s1-t20",
      "begin" : 165,
      "end" : 169,
      "text" : "time",
      "whiteSpace" : false
    }, {
      "id" : "s1-t21",
      "begin" : 170,
      "end" : 174,
      "text" : "that",
      "whiteSpace" : false
    }, {
      "id" : "s1-t22",
      "begin" : 175,
      "end" : 178,
      "text" : "you",
      "whiteSpace" : false
    }, {
      "id" : "s1-t23",
      "begin" : 179,
      "end" : 183,
      "text" : "need",
      "whiteSpace" : false
    }, {
      "id" : "s1-t24",
      "begin" : 184,
      "end" : 188,
      "text" : "some",
      "whiteSpace" : false
    }, {
      "id" : "s1-t25",
      "begin" : 189,
      "end" : 196,
      "text" : "serious",
      "whiteSpace" : false
    }, {
      "id" : "s1-t26",
      "begin" : 197,
      "end" : 206,
      "text" : "hydration",
      "whiteSpace" : false
    }, {
      "id" : "s1-t27",
      "begin" : 206,
      "end" : 207,
      "text" : ".",
      "whiteSpace" : false
    } ]
  } ],
  "mentions" : [ {
    "id" : "s0-m4",
    "properties" : {
      "SIRE_MENTION_ROLE" : "Attribute",
      "SIRE_ENTITY_SUBTYPE" : "NONE",
      "SIRE_MENTION_TYPE" : "NONE",
      "SIRE_MENTION_CLASS" : "SPC"
    },
    "type" : "Attribute",
    "begin" : 5,
    "end" : 14,
    "inCoref" : false
  }, {
    "id" : "s0-m1",
    "properties" : {
      "SIRE_MENTION_ROLE" : "Product",
      "SIRE_ENTITY_SUBTYPE" : "NONE",
      "SIRE_MENTION_TYPE" : "NONE",
      "SIRE_MENTION_CLASS" : "SPC"
    },
    "type" : "Product",
    "begin" : 15,
    "end" : 28,
    "inCoref" : true
  }, {
    "id" : "s0-m3",
    "properties" : {
      "SIRE_MENTION_ROLE" : "Attribute",
      "SIRE_ENTITY_SUBTYPE" : "NONE",
      "SIRE_MENTION_TYPE" : "NONE",
      "SIRE_MENTION_CLASS" : "SPC"
    },
    "type" : "Attribute",
    "begin" : 62,
    "end" : 67,
    "inCoref" : false
  }, {
    "id" : "s0-m2",
    "properties" : {
      "SIRE_MENTION_ROLE" : "Product",
      "SIRE_ENTITY_SUBTYPE" : "NONE",
      "SIRE_MENTION_TYPE" : "NONE",
      "SIRE_MENTION_CLASS" : "SPC"
    },
    "type" : "Product",
    "begin" : 68,
    "end" : 81,
    "inCoref" : false
  }, {
    "id" : "s1-m1",
    "properties" : {
      "SIRE_MENTION_ROLE" : "Product",
      "SIRE_ENTITY_SUBTYPE" : "NONE",
      "SIRE_MENTION_TYPE" : "NONE",
      "SIRE_MENTION_CLASS" : "SPC"
    },
    "type" : "Product",
    "begin" : 84,
    "end" : 88,
    "inCoref" : true
  } ],
  "relations" : [ {
    "id" : "s0-r1",
    "properties" : { },
    "type" : "propertyOf",
    "args" : [ "s0-m4", "s0-m1" ]
  }, {
    "id" : "s0-r2",
    "properties" : { },
    "type" : "propertyOf",
    "args" : [ "s0-m3", "s0-m2" ]
  } ],
  "corefs" : [ {
    "id" : "c1",
    "properties" : { },
    "mentions" : [ "s0-m1", "s1-m1" ]
  } ],
  "typeResolved" : true,
  "userResolved" : false
}