{
  "id" : "bc2e7dc0-32ab-11e8-9c9d-6505f4419106-2",
  "name" : "review_0014.json",
  "createdDate" : 0,
  "version" : 3,
  "text" : "Greenies are an excellant way to whiten your dogs teeth. The costs were much lower here, than what you can buy locally at the dog food stores. They have made a great improvment in my dog(s) breath, tarter and overall mouth smell!",
  "docLength" : 0,
  "language" : "EN",
  "status" : "SUBMITTED",
  "modifiedDate" : 1522293100171,
  "documentSet" : [ ],
  "preannotation" : [ ],
  "sentences" : [ {
    "id" : "s0",
    "begin" : 0,
    "end" : 56,
    "text" : "Greenies are an excellant way to whiten your dogs teeth.",
    "tokens" : [ {
      "id" : "s0-t0",
      "begin" : 0,
      "end" : 8,
      "text" : "Greenies",
      "whiteSpace" : false
    }, {
      "id" : "s0-t1",
      "begin" : 9,
      "end" : 12,
      "text" : "are",
      "whiteSpace" : false
    }, {
      "id" : "s0-t2",
      "begin" : 13,
      "end" : 15,
      "text" : "an",
      "whiteSpace" : false
    }, {
      "id" : "s0-t3",
      "begin" : 16,
      "end" : 25,
      "text" : "excellant",
      "whiteSpace" : false
    }, {
      "id" : "s0-t4",
      "begin" : 26,
      "end" : 29,
      "text" : "way",
      "whiteSpace" : false
    }, {
      "id" : "s0-t5",
      "begin" : 30,
      "end" : 32,
      "text" : "to",
      "whiteSpace" : false
    }, {
      "id" : "s0-t6",
      "begin" : 33,
      "end" : 39,
      "text" : "whiten",
      "whiteSpace" : false
    }, {
      "id" : "s0-t7",
      "begin" : 40,
      "end" : 44,
      "text" : "your",
      "whiteSpace" : false
    }, {
      "id" : "s0-t8",
      "begin" : 45,
      "end" : 49,
      "text" : "dogs",
      "whiteSpace" : false
    }, {
      "id" : "s0-t9",
      "begin" : 50,
      "end" : 55,
      "text" : "teeth",
      "whiteSpace" : false
    }, {
      "id" : "s0-t10",
      "begin" : 55,
      "end" : 56,
      "text" : ".",
      "whiteSpace" : false
    } ]
  }, {
    "id" : "s1",
    "begin" : 57,
    "end" : 142,
    "text" : "The costs were much lower here, than what you can buy locally at the dog food stores.",
    "tokens" : [ {
      "id" : "s1-t0",
      "begin" : 57,
      "end" : 60,
      "text" : "The",
      "whiteSpace" : false
    }, {
      "id" : "s1-t1",
      "begin" : 61,
      "end" : 66,
      "text" : "costs",
      "whiteSpace" : false
    }, {
      "id" : "s1-t2",
      "begin" : 67,
      "end" : 71,
      "text" : "were",
      "whiteSpace" : false
    }, {
      "id" : "s1-t3",
      "begin" : 72,
      "end" : 76,
      "text" : "much",
      "whiteSpace" : false
    }, {
      "id" : "s1-t4",
      "begin" : 77,
      "end" : 82,
      "text" : "lower",
      "whiteSpace" : false
    }, {
      "id" : "s1-t5",
      "begin" : 83,
      "end" : 87,
      "text" : "here",
      "whiteSpace" : false
    }, {
      "id" : "s1-t6",
      "begin" : 87,
      "end" : 88,
      "text" : ",",
      "whiteSpace" : false
    }, {
      "id" : "s1-t7",
      "begin" : 89,
      "end" : 93,
      "text" : "than",
      "whiteSpace" : false
    }, {
      "id" : "s1-t8",
      "begin" : 94,
      "end" : 98,
      "text" : "what",
      "whiteSpace" : false
    }, {
      "id" : "s1-t9",
      "begin" : 99,
      "end" : 102,
      "text" : "you",
      "whiteSpace" : false
    }, {
      "id" : "s1-t10",
      "begin" : 103,
      "end" : 106,
      "text" : "can",
      "whiteSpace" : false
    }, {
      "id" : "s1-t11",
      "begin" : 107,
      "end" : 110,
      "text" : "buy",
      "whiteSpace" : false
    }, {
      "id" : "s1-t12",
      "begin" : 111,
      "end" : 118,
      "text" : "locally",
      "whiteSpace" : false
    }, {
      "id" : "s1-t13",
      "begin" : 119,
      "end" : 121,
      "text" : "at",
      "whiteSpace" : false
    }, {
      "id" : "s1-t14",
      "begin" : 122,
      "end" : 125,
      "text" : "the",
      "whiteSpace" : false
    }, {
      "id" : "s1-t15",
      "begin" : 126,
      "end" : 129,
      "text" : "dog",
      "whiteSpace" : false
    }, {
      "id" : "s1-t16",
      "begin" : 130,
      "end" : 134,
      "text" : "food",
      "whiteSpace" : false
    }, {
      "id" : "s1-t17",
      "begin" : 135,
      "end" : 141,
      "text" : "stores",
      "whiteSpace" : false
    }, {
      "id" : "s1-t18",
      "begin" : 141,
      "end" : 142,
      "text" : ".",
      "whiteSpace" : false
    } ]
  }, {
    "id" : "s2",
    "begin" : 143,
    "end" : 229,
    "text" : "They have made a great improvment in my dog(s) breath, tarter and overall mouth smell!",
    "tokens" : [ {
      "id" : "s2-t0",
      "begin" : 143,
      "end" : 147,
      "text" : "They",
      "whiteSpace" : false
    }, {
      "id" : "s2-t1",
      "begin" : 148,
      "end" : 152,
      "text" : "have",
      "whiteSpace" : false
    }, {
      "id" : "s2-t2",
      "begin" : 153,
      "end" : 157,
      "text" : "made",
      "whiteSpace" : false
    }, {
      "id" : "s2-t3",
      "begin" : 158,
      "end" : 159,
      "text" : "a",
      "whiteSpace" : false
    }, {
      "id" : "s2-t4",
      "begin" : 160,
      "end" : 165,
      "text" : "great",
      "whiteSpace" : false
    }, {
      "id" : "s2-t5",
      "begin" : 166,
      "end" : 176,
      "text" : "improvment",
      "whiteSpace" : false
    }, {
      "id" : "s2-t6",
      "begin" : 177,
      "end" : 179,
      "text" : "in",
      "whiteSpace" : false
    }, {
      "id" : "s2-t7",
      "begin" : 180,
      "end" : 182,
      "text" : "my",
      "whiteSpace" : false
    }, {
      "id" : "s2-t8",
      "begin" : 183,
      "end" : 186,
      "text" : "dog",
      "whiteSpace" : false
    }, {
      "id" : "s2-t9",
      "begin" : 186,
      "end" : 187,
      "text" : "(",
      "whiteSpace" : false
    }, {
      "id" : "s2-t10",
      "begin" : 187,
      "end" : 188,
      "text" : "s",
      "whiteSpace" : false
    }, {
      "id" : "s2-t11",
      "begin" : 188,
      "end" : 189,
      "text" : ")",
      "whiteSpace" : false
    }, {
      "id" : "s2-t12",
      "begin" : 190,
      "end" : 196,
      "text" : "breath",
      "whiteSpace" : false
    }, {
      "id" : "s2-t13",
      "begin" : 196,
      "end" : 197,
      "text" : ",",
      "whiteSpace" : false
    }, {
      "id" : "s2-t14",
      "begin" : 198,
      "end" : 204,
      "text" : "tarter",
      "whiteSpace" : false
    }, {
      "id" : "s2-t15",
      "begin" : 205,
      "end" : 208,
      "text" : "and",
      "whiteSpace" : false
    }, {
      "id" : "s2-t16",
      "begin" : 209,
      "end" : 216,
      "text" : "overall",
      "whiteSpace" : false
    }, {
      "id" : "s2-t17",
      "begin" : 217,
      "end" : 222,
      "text" : "mouth",
      "whiteSpace" : false
    }, {
      "id" : "s2-t18",
      "begin" : 223,
      "end" : 228,
      "text" : "smell",
      "whiteSpace" : false
    }, {
      "id" : "s2-t19",
      "begin" : 228,
      "end" : 229,
      "text" : "!",
      "whiteSpace" : false
    } ]
  } ],
  "mentions" : [ {
    "id" : "s0-m1",
    "properties" : {
      "SIRE_MENTION_ROLE" : "Brand",
      "SIRE_ENTITY_SUBTYPE" : "NONE",
      "SIRE_MENTION_TYPE" : "NONE",
      "SIRE_MENTION_CLASS" : "SPC"
    },
    "type" : "Brand",
    "begin" : 0,
    "end" : 8,
    "inCoref" : false
  }, {
    "id" : "s2-m1",
    "properties" : {
      "SIRE_MENTION_ROLE" : "Product",
      "SIRE_ENTITY_SUBTYPE" : "NONE",
      "SIRE_MENTION_TYPE" : "NONE",
      "SIRE_MENTION_CLASS" : "SPC"
    },
    "type" : "Product",
    "begin" : 143,
    "end" : 147,
    "inCoref" : false
  } ],
  "relations" : [ ],
  "corefs" : [ ],
  "typeResolved" : true,
  "userResolved" : false
}