{
  "id" : "bc2e7dc0-32ab-11e8-9c9d-6505f4419106-112",
  "name" : "review_1818.json",
  "createdDate" : 0,
  "version" : 3,
  "text" : "I caught this as a \"Warehouse\" deal. $18.09 for 48 K-cups. This was my first experience with any Wolfgang Puck coffee.<br />The Rodeo Drive Blend is good, average coffee. Nothing exceptional. I prefer a little stronger, bolder coffee, but at this price, it works for me. There's other brands that I like a little better, but with K-cups, cost per unit is always something I have to factor in...<br />I'd buy it again @ $0.38/cup, but I probably wouldn't @ full price. If you keep your eyes peeled, you can always find a good deal... just have to be patient and stock up when the deals arise.",
  "docLength" : 0,
  "language" : "EN",
  "status" : "SUBMITTED",
  "modifiedDate" : 1522304557853,
  "documentSet" : [ ],
  "preannotation" : [ ],
  "sentences" : [ {
    "id" : "s0",
    "begin" : 0,
    "end" : 36,
    "text" : "I caught this as a \"Warehouse\" deal.",
    "tokens" : [ {
      "id" : "s0-t0",
      "begin" : 0,
      "end" : 1,
      "text" : "I",
      "whiteSpace" : false
    }, {
      "id" : "s0-t1",
      "begin" : 2,
      "end" : 8,
      "text" : "caught",
      "whiteSpace" : false
    }, {
      "id" : "s0-t2",
      "begin" : 9,
      "end" : 13,
      "text" : "this",
      "whiteSpace" : false
    }, {
      "id" : "s0-t3",
      "begin" : 14,
      "end" : 16,
      "text" : "as",
      "whiteSpace" : false
    }, {
      "id" : "s0-t4",
      "begin" : 17,
      "end" : 18,
      "text" : "a",
      "whiteSpace" : false
    }, {
      "id" : "s0-t5",
      "begin" : 19,
      "end" : 20,
      "text" : "\"",
      "whiteSpace" : false
    }, {
      "id" : "s0-t6",
      "begin" : 20,
      "end" : 29,
      "text" : "Warehouse",
      "whiteSpace" : false
    }, {
      "id" : "s0-t7",
      "begin" : 29,
      "end" : 30,
      "text" : "\"",
      "whiteSpace" : false
    }, {
      "id" : "s0-t8",
      "begin" : 31,
      "end" : 35,
      "text" : "deal",
      "whiteSpace" : false
    }, {
      "id" : "s0-t9",
      "begin" : 35,
      "end" : 36,
      "text" : ".",
      "whiteSpace" : false
    } ]
  }, {
    "id" : "s1",
    "begin" : 37,
    "end" : 58,
    "text" : "$18.09 for 48 K-cups.",
    "tokens" : [ {
      "id" : "s1-t0",
      "begin" : 37,
      "end" : 38,
      "text" : "$",
      "whiteSpace" : false
    }, {
      "id" : "s1-t1",
      "begin" : 38,
      "end" : 43,
      "text" : "18.09",
      "whiteSpace" : false
    }, {
      "id" : "s1-t2",
      "begin" : 44,
      "end" : 47,
      "text" : "for",
      "whiteSpace" : false
    }, {
      "id" : "s1-t3",
      "begin" : 48,
      "end" : 50,
      "text" : "48",
      "whiteSpace" : false
    }, {
      "id" : "s1-t4",
      "begin" : 51,
      "end" : 57,
      "text" : "K-cups",
      "whiteSpace" : false
    }, {
      "id" : "s1-t5",
      "begin" : 57,
      "end" : 58,
      "text" : ".",
      "whiteSpace" : false
    } ]
  }, {
    "id" : "s2",
    "begin" : 59,
    "end" : 118,
    "text" : "This was my first experience with any Wolfgang Puck coffee.",
    "tokens" : [ {
      "id" : "s2-t0",
      "begin" : 59,
      "end" : 63,
      "text" : "This",
      "whiteSpace" : false
    }, {
      "id" : "s2-t1",
      "begin" : 64,
      "end" : 67,
      "text" : "was",
      "whiteSpace" : false
    }, {
      "id" : "s2-t2",
      "begin" : 68,
      "end" : 70,
      "text" : "my",
      "whiteSpace" : false
    }, {
      "id" : "s2-t3",
      "begin" : 71,
      "end" : 76,
      "text" : "first",
      "whiteSpace" : false
    }, {
      "id" : "s2-t4",
      "begin" : 77,
      "end" : 87,
      "text" : "experience",
      "whiteSpace" : false
    }, {
      "id" : "s2-t5",
      "begin" : 88,
      "end" : 92,
      "text" : "with",
      "whiteSpace" : false
    }, {
      "id" : "s2-t6",
      "begin" : 93,
      "end" : 96,
      "text" : "any",
      "whiteSpace" : false
    }, {
      "id" : "s2-t7",
      "begin" : 97,
      "end" : 105,
      "text" : "Wolfgang",
      "whiteSpace" : false
    }, {
      "id" : "s2-t8",
      "begin" : 106,
      "end" : 110,
      "text" : "Puck",
      "whiteSpace" : false
    }, {
      "id" : "s2-t9",
      "begin" : 111,
      "end" : 117,
      "text" : "coffee",
      "whiteSpace" : false
    }, {
      "id" : "s2-t10",
      "begin" : 117,
      "end" : 118,
      "text" : ".",
      "whiteSpace" : false
    } ]
  }, {
    "id" : "s3",
    "begin" : 118,
    "end" : 170,
    "text" : "<br />The Rodeo Drive Blend is good, average coffee.",
    "tokens" : [ {
      "id" : "s3-t0",
      "begin" : 118,
      "end" : 121,
      "text" : "<br",
      "whiteSpace" : false
    }, {
      "id" : "s3-t1",
      "begin" : 122,
      "end" : 124,
      "text" : "/>",
      "whiteSpace" : false
    }, {
      "id" : "s3-t2",
      "begin" : 124,
      "end" : 127,
      "text" : "The",
      "whiteSpace" : false
    }, {
      "id" : "s3-t3",
      "begin" : 128,
      "end" : 133,
      "text" : "Rodeo",
      "whiteSpace" : false
    }, {
      "id" : "s3-t4",
      "begin" : 134,
      "end" : 139,
      "text" : "Drive",
      "whiteSpace" : false
    }, {
      "id" : "s3-t5",
      "begin" : 140,
      "end" : 145,
      "text" : "Blend",
      "whiteSpace" : false
    }, {
      "id" : "s3-t6",
      "begin" : 146,
      "end" : 148,
      "text" : "is",
      "whiteSpace" : false
    }, {
      "id" : "s3-t7",
      "begin" : 149,
      "end" : 153,
      "text" : "good",
      "whiteSpace" : false
    }, {
      "id" : "s3-t8",
      "begin" : 153,
      "end" : 154,
      "text" : ",",
      "whiteSpace" : false
    }, {
      "id" : "s3-t9",
      "begin" : 155,
      "end" : 162,
      "text" : "average",
      "whiteSpace" : false
    }, {
      "id" : "s3-t10",
      "begin" : 163,
      "end" : 169,
      "text" : "coffee",
      "whiteSpace" : false
    }, {
      "id" : "s3-t11",
      "begin" : 169,
      "end" : 170,
      "text" : ".",
      "whiteSpace" : false
    } ]
  }, {
    "id" : "s4",
    "begin" : 171,
    "end" : 191,
    "text" : "Nothing exceptional.",
    "tokens" : [ {
      "id" : "s4-t0",
      "begin" : 171,
      "end" : 178,
      "text" : "Nothing",
      "whiteSpace" : false
    }, {
      "id" : "s4-t1",
      "begin" : 179,
      "end" : 190,
      "text" : "exceptional",
      "whiteSpace" : false
    }, {
      "id" : "s4-t2",
      "begin" : 190,
      "end" : 191,
      "text" : ".",
      "whiteSpace" : false
    } ]
  }, {
    "id" : "s5",
    "begin" : 192,
    "end" : 270,
    "text" : "I prefer a little stronger, bolder coffee, but at this price, it works for me.",
    "tokens" : [ {
      "id" : "s5-t0",
      "begin" : 192,
      "end" : 193,
      "text" : "I",
      "whiteSpace" : false
    }, {
      "id" : "s5-t1",
      "begin" : 194,
      "end" : 200,
      "text" : "prefer",
      "whiteSpace" : false
    }, {
      "id" : "s5-t2",
      "begin" : 201,
      "end" : 202,
      "text" : "a",
      "whiteSpace" : false
    }, {
      "id" : "s5-t3",
      "begin" : 203,
      "end" : 209,
      "text" : "little",
      "whiteSpace" : false
    }, {
      "id" : "s5-t4",
      "begin" : 210,
      "end" : 218,
      "text" : "stronger",
      "whiteSpace" : false
    }, {
      "id" : "s5-t5",
      "begin" : 218,
      "end" : 219,
      "text" : ",",
      "whiteSpace" : false
    }, {
      "id" : "s5-t6",
      "begin" : 220,
      "end" : 226,
      "text" : "bolder",
      "whiteSpace" : false
    }, {
      "id" : "s5-t7",
      "begin" : 227,
      "end" : 233,
      "text" : "coffee",
      "whiteSpace" : false
    }, {
      "id" : "s5-t8",
      "begin" : 233,
      "end" : 234,
      "text" : ",",
      "whiteSpace" : false
    }, {
      "id" : "s5-t9",
      "begin" : 235,
      "end" : 238,
      "text" : "but",
      "whiteSpace" : false
    }, {
      "id" : "s5-t10",
      "begin" : 239,
      "end" : 241,
      "text" : "at",
      "whiteSpace" : false
    }, {
      "id" : "s5-t11",
      "begin" : 242,
      "end" : 246,
      "text" : "this",
      "whiteSpace" : false
    }, {
      "id" : "s5-t12",
      "begin" : 247,
      "end" : 252,
      "text" : "price",
      "whiteSpace" : false
    }, {
      "id" : "s5-t13",
      "begin" : 252,
      "end" : 253,
      "text" : ",",
      "whiteSpace" : false
    }, {
      "id" : "s5-t14",
      "begin" : 254,
      "end" : 256,
      "text" : "it",
      "whiteSpace" : false
    }, {
      "id" : "s5-t15",
      "begin" : 257,
      "end" : 262,
      "text" : "works",
      "whiteSpace" : false
    }, {
      "id" : "s5-t16",
      "begin" : 263,
      "end" : 266,
      "text" : "for",
      "whiteSpace" : false
    }, {
      "id" : "s5-t17",
      "begin" : 267,
      "end" : 269,
      "text" : "me",
      "whiteSpace" : false
    }, {
      "id" : "s5-t18",
      "begin" : 269,
      "end" : 270,
      "text" : ".",
      "whiteSpace" : false
    } ]
  }, {
    "id" : "s6",
    "begin" : 271,
    "end" : 467,
    "text" : "There's other brands that I like a little better, but with K-cups, cost per unit is always something I have to factor in...<br />I'd buy it again @ $0.38/cup, but I probably wouldn't @ full price.",
    "tokens" : [ {
      "id" : "s6-t0",
      "begin" : 271,
      "end" : 276,
      "text" : "There",
      "whiteSpace" : false
    }, {
      "id" : "s6-t1",
      "begin" : 276,
      "end" : 278,
      "text" : "'s",
      "whiteSpace" : false
    }, {
      "id" : "s6-t2",
      "begin" : 279,
      "end" : 284,
      "text" : "other",
      "whiteSpace" : false
    }, {
      "id" : "s6-t3",
      "begin" : 285,
      "end" : 291,
      "text" : "brands",
      "whiteSpace" : false
    }, {
      "id" : "s6-t4",
      "begin" : 292,
      "end" : 296,
      "text" : "that",
      "whiteSpace" : false
    }, {
      "id" : "s6-t5",
      "begin" : 297,
      "end" : 298,
      "text" : "I",
      "whiteSpace" : false
    }, {
      "id" : "s6-t6",
      "begin" : 299,
      "end" : 303,
      "text" : "like",
      "whiteSpace" : false
    }, {
      "id" : "s6-t7",
      "begin" : 304,
      "end" : 305,
      "text" : "a",
      "whiteSpace" : false
    }, {
      "id" : "s6-t8",
      "begin" : 306,
      "end" : 312,
      "text" : "little",
      "whiteSpace" : false
    }, {
      "id" : "s6-t9",
      "begin" : 313,
      "end" : 319,
      "text" : "better",
      "whiteSpace" : false
    }, {
      "id" : "s6-t10",
      "begin" : 319,
      "end" : 320,
      "text" : ",",
      "whiteSpace" : false
    }, {
      "id" : "s6-t11",
      "begin" : 321,
      "end" : 324,
      "text" : "but",
      "whiteSpace" : false
    }, {
      "id" : "s6-t12",
      "begin" : 325,
      "end" : 329,
      "text" : "with",
      "whiteSpace" : false
    }, {
      "id" : "s6-t13",
      "begin" : 330,
      "end" : 336,
      "text" : "K-cups",
      "whiteSpace" : false
    }, {
      "id" : "s6-t14",
      "begin" : 336,
      "end" : 337,
      "text" : ",",
      "whiteSpace" : false
    }, {
      "id" : "s6-t15",
      "begin" : 338,
      "end" : 342,
      "text" : "cost",
      "whiteSpace" : false
    }, {
      "id" : "s6-t16",
      "begin" : 343,
      "end" : 346,
      "text" : "per",
      "whiteSpace" : false
    }, {
      "id" : "s6-t17",
      "begin" : 347,
      "end" : 351,
      "text" : "unit",
      "whiteSpace" : false
    }, {
      "id" : "s6-t18",
      "begin" : 352,
      "end" : 354,
      "text" : "is",
      "whiteSpace" : false
    }, {
      "id" : "s6-t19",
      "begin" : 355,
      "end" : 361,
      "text" : "always",
      "whiteSpace" : false
    }, {
      "id" : "s6-t20",
      "begin" : 362,
      "end" : 371,
      "text" : "something",
      "whiteSpace" : false
    }, {
      "id" : "s6-t21",
      "begin" : 372,
      "end" : 373,
      "text" : "I",
      "whiteSpace" : false
    }, {
      "id" : "s6-t22",
      "begin" : 374,
      "end" : 378,
      "text" : "have",
      "whiteSpace" : false
    }, {
      "id" : "s6-t23",
      "begin" : 379,
      "end" : 381,
      "text" : "to",
      "whiteSpace" : false
    }, {
      "id" : "s6-t24",
      "begin" : 382,
      "end" : 388,
      "text" : "factor",
      "whiteSpace" : false
    }, {
      "id" : "s6-t25",
      "begin" : 389,
      "end" : 391,
      "text" : "in",
      "whiteSpace" : false
    }, {
      "id" : "s6-t26",
      "begin" : 391,
      "end" : 394,
      "text" : "...",
      "whiteSpace" : false
    }, {
      "id" : "s6-t27",
      "begin" : 394,
      "end" : 397,
      "text" : "<br",
      "whiteSpace" : false
    }, {
      "id" : "s6-t28",
      "begin" : 398,
      "end" : 400,
      "text" : "/>",
      "whiteSpace" : false
    }, {
      "id" : "s6-t29",
      "begin" : 400,
      "end" : 401,
      "text" : "I",
      "whiteSpace" : false
    }, {
      "id" : "s6-t30",
      "begin" : 401,
      "end" : 403,
      "text" : "'d",
      "whiteSpace" : false
    }, {
      "id" : "s6-t31",
      "begin" : 404,
      "end" : 407,
      "text" : "buy",
      "whiteSpace" : false
    }, {
      "id" : "s6-t32",
      "begin" : 408,
      "end" : 410,
      "text" : "it",
      "whiteSpace" : false
    }, {
      "id" : "s6-t33",
      "begin" : 411,
      "end" : 416,
      "text" : "again",
      "whiteSpace" : false
    }, {
      "id" : "s6-t34",
      "begin" : 417,
      "end" : 418,
      "text" : "@",
      "whiteSpace" : false
    }, {
      "id" : "s6-t35",
      "begin" : 419,
      "end" : 420,
      "text" : "$",
      "whiteSpace" : false
    }, {
      "id" : "s6-t36",
      "begin" : 420,
      "end" : 428,
      "text" : "0.38/cup",
      "whiteSpace" : false
    }, {
      "id" : "s6-t37",
      "begin" : 428,
      "end" : 429,
      "text" : ",",
      "whiteSpace" : false
    }, {
      "id" : "s6-t38",
      "begin" : 430,
      "end" : 433,
      "text" : "but",
      "whiteSpace" : false
    }, {
      "id" : "s6-t39",
      "begin" : 434,
      "end" : 435,
      "text" : "I",
      "whiteSpace" : false
    }, {
      "id" : "s6-t40",
      "begin" : 436,
      "end" : 444,
      "text" : "probably",
      "whiteSpace" : false
    }, {
      "id" : "s6-t41",
      "begin" : 445,
      "end" : 450,
      "text" : "would",
      "whiteSpace" : false
    }, {
      "id" : "s6-t42",
      "begin" : 450,
      "end" : 453,
      "text" : "n't",
      "whiteSpace" : false
    }, {
      "id" : "s6-t43",
      "begin" : 454,
      "end" : 455,
      "text" : "@",
      "whiteSpace" : false
    }, {
      "id" : "s6-t44",
      "begin" : 456,
      "end" : 460,
      "text" : "full",
      "whiteSpace" : false
    }, {
      "id" : "s6-t45",
      "begin" : 461,
      "end" : 466,
      "text" : "price",
      "whiteSpace" : false
    }, {
      "id" : "s6-t46",
      "begin" : 466,
      "end" : 467,
      "text" : ".",
      "whiteSpace" : false
    } ]
  }, {
    "id" : "s7",
    "begin" : 468,
    "end" : 591,
    "text" : "If you keep your eyes peeled, you can always find a good deal... just have to be patient and stock up when the deals arise.",
    "tokens" : [ {
      "id" : "s7-t0",
      "begin" : 468,
      "end" : 470,
      "text" : "If",
      "whiteSpace" : false
    }, {
      "id" : "s7-t1",
      "begin" : 471,
      "end" : 474,
      "text" : "you",
      "whiteSpace" : false
    }, {
      "id" : "s7-t2",
      "begin" : 475,
      "end" : 479,
      "text" : "keep",
      "whiteSpace" : false
    }, {
      "id" : "s7-t3",
      "begin" : 480,
      "end" : 484,
      "text" : "your",
      "whiteSpace" : false
    }, {
      "id" : "s7-t4",
      "begin" : 485,
      "end" : 489,
      "text" : "eyes",
      "whiteSpace" : false
    }, {
      "id" : "s7-t5",
      "begin" : 490,
      "end" : 496,
      "text" : "peeled",
      "whiteSpace" : false
    }, {
      "id" : "s7-t6",
      "begin" : 496,
      "end" : 497,
      "text" : ",",
      "whiteSpace" : false
    }, {
      "id" : "s7-t7",
      "begin" : 498,
      "end" : 501,
      "text" : "you",
      "whiteSpace" : false
    }, {
      "id" : "s7-t8",
      "begin" : 502,
      "end" : 505,
      "text" : "can",
      "whiteSpace" : false
    }, {
      "id" : "s7-t9",
      "begin" : 506,
      "end" : 512,
      "text" : "always",
      "whiteSpace" : false
    }, {
      "id" : "s7-t10",
      "begin" : 513,
      "end" : 517,
      "text" : "find",
      "whiteSpace" : false
    }, {
      "id" : "s7-t11",
      "begin" : 518,
      "end" : 519,
      "text" : "a",
      "whiteSpace" : false
    }, {
      "id" : "s7-t12",
      "begin" : 520,
      "end" : 524,
      "text" : "good",
      "whiteSpace" : false
    }, {
      "id" : "s7-t13",
      "begin" : 525,
      "end" : 529,
      "text" : "deal",
      "whiteSpace" : false
    }, {
      "id" : "s7-t14",
      "begin" : 529,
      "end" : 532,
      "text" : "...",
      "whiteSpace" : false
    }, {
      "id" : "s7-t15",
      "begin" : 533,
      "end" : 537,
      "text" : "just",
      "whiteSpace" : false
    }, {
      "id" : "s7-t16",
      "begin" : 538,
      "end" : 542,
      "text" : "have",
      "whiteSpace" : false
    }, {
      "id" : "s7-t17",
      "begin" : 543,
      "end" : 545,
      "text" : "to",
      "whiteSpace" : false
    }, {
      "id" : "s7-t18",
      "begin" : 546,
      "end" : 548,
      "text" : "be",
      "whiteSpace" : false
    }, {
      "id" : "s7-t19",
      "begin" : 549,
      "end" : 556,
      "text" : "patient",
      "whiteSpace" : false
    }, {
      "id" : "s7-t20",
      "begin" : 557,
      "end" : 560,
      "text" : "and",
      "whiteSpace" : false
    }, {
      "id" : "s7-t21",
      "begin" : 561,
      "end" : 566,
      "text" : "stock",
      "whiteSpace" : false
    }, {
      "id" : "s7-t22",
      "begin" : 567,
      "end" : 569,
      "text" : "up",
      "whiteSpace" : false
    }, {
      "id" : "s7-t23",
      "begin" : 570,
      "end" : 574,
      "text" : "when",
      "whiteSpace" : false
    }, {
      "id" : "s7-t24",
      "begin" : 575,
      "end" : 578,
      "text" : "the",
      "whiteSpace" : false
    }, {
      "id" : "s7-t25",
      "begin" : 579,
      "end" : 584,
      "text" : "deals",
      "whiteSpace" : false
    }, {
      "id" : "s7-t26",
      "begin" : 585,
      "end" : 590,
      "text" : "arise",
      "whiteSpace" : false
    }, {
      "id" : "s7-t27",
      "begin" : 590,
      "end" : 591,
      "text" : ".",
      "whiteSpace" : false
    } ]
  } ],
  "mentions" : [ {
    "id" : "s1-m1",
    "properties" : {
      "SIRE_MENTION_ROLE" : "Product",
      "SIRE_ENTITY_SUBTYPE" : "NONE",
      "SIRE_MENTION_TYPE" : "NONE",
      "SIRE_MENTION_CLASS" : "SPC"
    },
    "type" : "Product",
    "begin" : 51,
    "end" : 57,
    "inCoref" : true
  }, {
    "id" : "s2-m1",
    "properties" : {
      "SIRE_MENTION_ROLE" : "Brand",
      "SIRE_ENTITY_SUBTYPE" : "NONE",
      "SIRE_MENTION_TYPE" : "NONE",
      "SIRE_MENTION_CLASS" : "SPC"
    },
    "type" : "Brand",
    "begin" : 97,
    "end" : 110,
    "inCoref" : false
  }, {
    "id" : "s2-m2",
    "properties" : {
      "SIRE_MENTION_ROLE" : "Product",
      "SIRE_ENTITY_SUBTYPE" : "NONE",
      "SIRE_MENTION_TYPE" : "NONE",
      "SIRE_MENTION_CLASS" : "SPC"
    },
    "type" : "Product",
    "begin" : 111,
    "end" : 117,
    "inCoref" : true
  }, {
    "id" : "s3-m1",
    "properties" : {
      "SIRE_MENTION_ROLE" : "Attribute",
      "SIRE_ENTITY_SUBTYPE" : "NONE",
      "SIRE_MENTION_TYPE" : "NONE",
      "SIRE_MENTION_CLASS" : "SPC"
    },
    "type" : "Attribute",
    "begin" : 128,
    "end" : 145,
    "inCoref" : false
  }, {
    "id" : "s3-m2",
    "properties" : {
      "SIRE_MENTION_ROLE" : "Product",
      "SIRE_ENTITY_SUBTYPE" : "NONE",
      "SIRE_MENTION_TYPE" : "NONE",
      "SIRE_MENTION_CLASS" : "SPC"
    },
    "type" : "Product",
    "begin" : 163,
    "end" : 169,
    "inCoref" : true
  }, {
    "id" : "s5-m1",
    "properties" : {
      "SIRE_MENTION_ROLE" : "Product",
      "SIRE_ENTITY_SUBTYPE" : "NONE",
      "SIRE_MENTION_TYPE" : "NONE",
      "SIRE_MENTION_CLASS" : "SPC"
    },
    "type" : "Product",
    "begin" : 227,
    "end" : 233,
    "inCoref" : false
  }, {
    "id" : "s6-m1",
    "properties" : {
      "SIRE_MENTION_ROLE" : "Product",
      "SIRE_ENTITY_SUBTYPE" : "NONE",
      "SIRE_MENTION_TYPE" : "NONE",
      "SIRE_MENTION_CLASS" : "SPC"
    },
    "type" : "Product",
    "begin" : 330,
    "end" : 336,
    "inCoref" : true
  }, {
    "id" : "s6-m2",
    "properties" : {
      "SIRE_MENTION_ROLE" : "Product",
      "SIRE_ENTITY_SUBTYPE" : "NONE",
      "SIRE_MENTION_TYPE" : "NONE",
      "SIRE_MENTION_CLASS" : "SPC"
    },
    "type" : "Product",
    "begin" : 408,
    "end" : 410,
    "inCoref" : true
  } ],
  "relations" : [ {
    "id" : "s2-r1",
    "properties" : { },
    "type" : "brandOf",
    "args" : [ "s2-m1", "s2-m2" ]
  }, {
    "id" : "s3-r1",
    "properties" : { },
    "type" : "propertyOf",
    "args" : [ "s3-m1", "s3-m2" ]
  } ],
  "corefs" : [ {
    "id" : "c1",
    "properties" : { },
    "mentions" : [ "s1-m1", "s2-m2", "s3-m2", "s6-m2", "s6-m1" ]
  } ],
  "typeResolved" : true,
  "userResolved" : false
}