{
  "id" : "bc2e7dc0-32ab-11e8-9c9d-6505f4419106-7",
  "name" : "review_0086.json",
  "createdDate" : 0,
  "version" : 3,
  "text" : "Taste is ok,reminds of the milk leftover in the bowl after eating your cereal.<br /><br />***BEWARE***<br />My biggest issue is that its made from concentrate.(Very disappointing)<br />Shame on them.They do not tell you that before purchase.<br />Would not have purchased had I known.<br /><br />Amy and Brian's is my favorite.W/or W/out coconut pieces.<br /><br />I will only drink this as back-up<br />I drink 1 glass a day.",
  "docLength" : 0,
  "language" : "EN",
  "status" : "SUBMITTED",
  "modifiedDate" : 1522293756390,
  "documentSet" : [ ],
  "preannotation" : [ ],
  "sentences" : [ {
    "id" : "s0",
    "begin" : 0,
    "end" : 78,
    "text" : "Taste is ok,reminds of the milk leftover in the bowl after eating your cereal.",
    "tokens" : [ {
      "id" : "s0-t0",
      "begin" : 0,
      "end" : 5,
      "text" : "Taste",
      "whiteSpace" : false
    }, {
      "id" : "s0-t1",
      "begin" : 6,
      "end" : 8,
      "text" : "is",
      "whiteSpace" : false
    }, {
      "id" : "s0-t2",
      "begin" : 9,
      "end" : 11,
      "text" : "ok",
      "whiteSpace" : false
    }, {
      "id" : "s0-t3",
      "begin" : 11,
      "end" : 12,
      "text" : ",",
      "whiteSpace" : false
    }, {
      "id" : "s0-t4",
      "begin" : 12,
      "end" : 19,
      "text" : "reminds",
      "whiteSpace" : false
    }, {
      "id" : "s0-t5",
      "begin" : 20,
      "end" : 22,
      "text" : "of",
      "whiteSpace" : false
    }, {
      "id" : "s0-t6",
      "begin" : 23,
      "end" : 26,
      "text" : "the",
      "whiteSpace" : false
    }, {
      "id" : "s0-t7",
      "begin" : 27,
      "end" : 31,
      "text" : "milk",
      "whiteSpace" : false
    }, {
      "id" : "s0-t8",
      "begin" : 32,
      "end" : 40,
      "text" : "leftover",
      "whiteSpace" : false
    }, {
      "id" : "s0-t9",
      "begin" : 41,
      "end" : 43,
      "text" : "in",
      "whiteSpace" : false
    }, {
      "id" : "s0-t10",
      "begin" : 44,
      "end" : 47,
      "text" : "the",
      "whiteSpace" : false
    }, {
      "id" : "s0-t11",
      "begin" : 48,
      "end" : 52,
      "text" : "bowl",
      "whiteSpace" : false
    }, {
      "id" : "s0-t12",
      "begin" : 53,
      "end" : 58,
      "text" : "after",
      "whiteSpace" : false
    }, {
      "id" : "s0-t13",
      "begin" : 59,
      "end" : 65,
      "text" : "eating",
      "whiteSpace" : false
    }, {
      "id" : "s0-t14",
      "begin" : 66,
      "end" : 70,
      "text" : "your",
      "whiteSpace" : false
    }, {
      "id" : "s0-t15",
      "begin" : 71,
      "end" : 77,
      "text" : "cereal",
      "whiteSpace" : false
    }, {
      "id" : "s0-t16",
      "begin" : 77,
      "end" : 78,
      "text" : ".",
      "whiteSpace" : false
    } ]
  }, {
    "id" : "s1",
    "begin" : 78,
    "end" : 159,
    "text" : "<br /><br />***BEWARE***<br />My biggest issue is that its made from concentrate.",
    "tokens" : [ {
      "id" : "s1-t0",
      "begin" : 78,
      "end" : 81,
      "text" : "<br",
      "whiteSpace" : false
    }, {
      "id" : "s1-t1",
      "begin" : 82,
      "end" : 84,
      "text" : "/>",
      "whiteSpace" : false
    }, {
      "id" : "s1-t2",
      "begin" : 84,
      "end" : 87,
      "text" : "<br",
      "whiteSpace" : false
    }, {
      "id" : "s1-t3",
      "begin" : 88,
      "end" : 90,
      "text" : "/>",
      "whiteSpace" : false
    }, {
      "id" : "s1-t4",
      "begin" : 90,
      "end" : 91,
      "text" : "*",
      "whiteSpace" : false
    }, {
      "id" : "s1-t5",
      "begin" : 91,
      "end" : 93,
      "text" : "**",
      "whiteSpace" : false
    }, {
      "id" : "s1-t6",
      "begin" : 93,
      "end" : 100,
      "text" : "BEWARE*",
      "whiteSpace" : false
    }, {
      "id" : "s1-t7",
      "begin" : 100,
      "end" : 102,
      "text" : "**",
      "whiteSpace" : false
    }, {
      "id" : "s1-t8",
      "begin" : 102,
      "end" : 105,
      "text" : "<br",
      "whiteSpace" : false
    }, {
      "id" : "s1-t9",
      "begin" : 106,
      "end" : 108,
      "text" : "/>",
      "whiteSpace" : false
    }, {
      "id" : "s1-t10",
      "begin" : 108,
      "end" : 110,
      "text" : "My",
      "whiteSpace" : false
    }, {
      "id" : "s1-t11",
      "begin" : 111,
      "end" : 118,
      "text" : "biggest",
      "whiteSpace" : false
    }, {
      "id" : "s1-t12",
      "begin" : 119,
      "end" : 124,
      "text" : "issue",
      "whiteSpace" : false
    }, {
      "id" : "s1-t13",
      "begin" : 125,
      "end" : 127,
      "text" : "is",
      "whiteSpace" : false
    }, {
      "id" : "s1-t14",
      "begin" : 128,
      "end" : 132,
      "text" : "that",
      "whiteSpace" : false
    }, {
      "id" : "s1-t15",
      "begin" : 133,
      "end" : 136,
      "text" : "its",
      "whiteSpace" : false
    }, {
      "id" : "s1-t16",
      "begin" : 137,
      "end" : 141,
      "text" : "made",
      "whiteSpace" : false
    }, {
      "id" : "s1-t17",
      "begin" : 142,
      "end" : 146,
      "text" : "from",
      "whiteSpace" : false
    }, {
      "id" : "s1-t18",
      "begin" : 147,
      "end" : 158,
      "text" : "concentrate",
      "whiteSpace" : false
    }, {
      "id" : "s1-t19",
      "begin" : 158,
      "end" : 159,
      "text" : ".",
      "whiteSpace" : false
    } ]
  }, {
    "id" : "s2",
    "begin" : 159,
    "end" : 199,
    "text" : "(Very disappointing)<br />Shame on them.",
    "tokens" : [ {
      "id" : "s2-t0",
      "begin" : 159,
      "end" : 160,
      "text" : "(",
      "whiteSpace" : false
    }, {
      "id" : "s2-t1",
      "begin" : 160,
      "end" : 164,
      "text" : "Very",
      "whiteSpace" : false
    }, {
      "id" : "s2-t2",
      "begin" : 165,
      "end" : 178,
      "text" : "disappointing",
      "whiteSpace" : false
    }, {
      "id" : "s2-t3",
      "begin" : 178,
      "end" : 179,
      "text" : ")",
      "whiteSpace" : false
    }, {
      "id" : "s2-t4",
      "begin" : 179,
      "end" : 182,
      "text" : "<br",
      "whiteSpace" : false
    }, {
      "id" : "s2-t5",
      "begin" : 183,
      "end" : 185,
      "text" : "/>",
      "whiteSpace" : false
    }, {
      "id" : "s2-t6",
      "begin" : 185,
      "end" : 190,
      "text" : "Shame",
      "whiteSpace" : false
    }, {
      "id" : "s2-t7",
      "begin" : 191,
      "end" : 193,
      "text" : "on",
      "whiteSpace" : false
    }, {
      "id" : "s2-t8",
      "begin" : 194,
      "end" : 198,
      "text" : "them",
      "whiteSpace" : false
    }, {
      "id" : "s2-t9",
      "begin" : 198,
      "end" : 199,
      "text" : ".",
      "whiteSpace" : false
    } ]
  }, {
    "id" : "s3",
    "begin" : 199,
    "end" : 241,
    "text" : "They do not tell you that before purchase.",
    "tokens" : [ {
      "id" : "s3-t0",
      "begin" : 199,
      "end" : 203,
      "text" : "They",
      "whiteSpace" : false
    }, {
      "id" : "s3-t1",
      "begin" : 204,
      "end" : 206,
      "text" : "do",
      "whiteSpace" : false
    }, {
      "id" : "s3-t2",
      "begin" : 207,
      "end" : 210,
      "text" : "not",
      "whiteSpace" : false
    }, {
      "id" : "s3-t3",
      "begin" : 211,
      "end" : 215,
      "text" : "tell",
      "whiteSpace" : false
    }, {
      "id" : "s3-t4",
      "begin" : 216,
      "end" : 219,
      "text" : "you",
      "whiteSpace" : false
    }, {
      "id" : "s3-t5",
      "begin" : 220,
      "end" : 224,
      "text" : "that",
      "whiteSpace" : false
    }, {
      "id" : "s3-t6",
      "begin" : 225,
      "end" : 231,
      "text" : "before",
      "whiteSpace" : false
    }, {
      "id" : "s3-t7",
      "begin" : 232,
      "end" : 240,
      "text" : "purchase",
      "whiteSpace" : false
    }, {
      "id" : "s3-t8",
      "begin" : 240,
      "end" : 241,
      "text" : ".",
      "whiteSpace" : false
    } ]
  }, {
    "id" : "s4",
    "begin" : 241,
    "end" : 284,
    "text" : "<br />Would not have purchased had I known.",
    "tokens" : [ {
      "id" : "s4-t0",
      "begin" : 241,
      "end" : 244,
      "text" : "<br",
      "whiteSpace" : false
    }, {
      "id" : "s4-t1",
      "begin" : 245,
      "end" : 247,
      "text" : "/>",
      "whiteSpace" : false
    }, {
      "id" : "s4-t2",
      "begin" : 247,
      "end" : 252,
      "text" : "Would",
      "whiteSpace" : false
    }, {
      "id" : "s4-t3",
      "begin" : 253,
      "end" : 256,
      "text" : "not",
      "whiteSpace" : false
    }, {
      "id" : "s4-t4",
      "begin" : 257,
      "end" : 261,
      "text" : "have",
      "whiteSpace" : false
    }, {
      "id" : "s4-t5",
      "begin" : 262,
      "end" : 271,
      "text" : "purchased",
      "whiteSpace" : false
    }, {
      "id" : "s4-t6",
      "begin" : 272,
      "end" : 275,
      "text" : "had",
      "whiteSpace" : false
    }, {
      "id" : "s4-t7",
      "begin" : 276,
      "end" : 277,
      "text" : "I",
      "whiteSpace" : false
    }, {
      "id" : "s4-t8",
      "begin" : 278,
      "end" : 283,
      "text" : "known",
      "whiteSpace" : false
    }, {
      "id" : "s4-t9",
      "begin" : 283,
      "end" : 284,
      "text" : ".",
      "whiteSpace" : false
    } ]
  }, {
    "id" : "s5",
    "begin" : 284,
    "end" : 353,
    "text" : "<br /><br />Amy and Brian's is my favorite.W/or W/out coconut pieces.",
    "tokens" : [ {
      "id" : "s5-t0",
      "begin" : 284,
      "end" : 287,
      "text" : "<br",
      "whiteSpace" : false
    }, {
      "id" : "s5-t1",
      "begin" : 288,
      "end" : 290,
      "text" : "/>",
      "whiteSpace" : false
    }, {
      "id" : "s5-t2",
      "begin" : 290,
      "end" : 293,
      "text" : "<br",
      "whiteSpace" : false
    }, {
      "id" : "s5-t3",
      "begin" : 294,
      "end" : 296,
      "text" : "/>",
      "whiteSpace" : false
    }, {
      "id" : "s5-t4",
      "begin" : 296,
      "end" : 299,
      "text" : "Amy",
      "whiteSpace" : false
    }, {
      "id" : "s5-t5",
      "begin" : 300,
      "end" : 303,
      "text" : "and",
      "whiteSpace" : false
    }, {
      "id" : "s5-t6",
      "begin" : 304,
      "end" : 309,
      "text" : "Brian",
      "whiteSpace" : false
    }, {
      "id" : "s5-t7",
      "begin" : 309,
      "end" : 311,
      "text" : "'s",
      "whiteSpace" : false
    }, {
      "id" : "s5-t8",
      "begin" : 312,
      "end" : 314,
      "text" : "is",
      "whiteSpace" : false
    }, {
      "id" : "s5-t9",
      "begin" : 315,
      "end" : 317,
      "text" : "my",
      "whiteSpace" : false
    }, {
      "id" : "s5-t10",
      "begin" : 318,
      "end" : 331,
      "text" : "favorite.W/or",
      "whiteSpace" : false
    }, {
      "id" : "s5-t11",
      "begin" : 332,
      "end" : 337,
      "text" : "W/out",
      "whiteSpace" : false
    }, {
      "id" : "s5-t12",
      "begin" : 338,
      "end" : 345,
      "text" : "coconut",
      "whiteSpace" : false
    }, {
      "id" : "s5-t13",
      "begin" : 346,
      "end" : 352,
      "text" : "pieces",
      "whiteSpace" : false
    }, {
      "id" : "s5-t14",
      "begin" : 352,
      "end" : 353,
      "text" : ".",
      "whiteSpace" : false
    } ]
  }, {
    "id" : "s6",
    "begin" : 353,
    "end" : 426,
    "text" : "<br /><br />I will only drink this as back-up<br />I drink 1 glass a day.",
    "tokens" : [ {
      "id" : "s6-t0",
      "begin" : 353,
      "end" : 356,
      "text" : "<br",
      "whiteSpace" : false
    }, {
      "id" : "s6-t1",
      "begin" : 357,
      "end" : 359,
      "text" : "/>",
      "whiteSpace" : false
    }, {
      "id" : "s6-t2",
      "begin" : 359,
      "end" : 362,
      "text" : "<br",
      "whiteSpace" : false
    }, {
      "id" : "s6-t3",
      "begin" : 363,
      "end" : 365,
      "text" : "/>",
      "whiteSpace" : false
    }, {
      "id" : "s6-t4",
      "begin" : 365,
      "end" : 366,
      "text" : "I",
      "whiteSpace" : false
    }, {
      "id" : "s6-t5",
      "begin" : 367,
      "end" : 371,
      "text" : "will",
      "whiteSpace" : false
    }, {
      "id" : "s6-t6",
      "begin" : 372,
      "end" : 376,
      "text" : "only",
      "whiteSpace" : false
    }, {
      "id" : "s6-t7",
      "begin" : 377,
      "end" : 382,
      "text" : "drink",
      "whiteSpace" : false
    }, {
      "id" : "s6-t8",
      "begin" : 383,
      "end" : 387,
      "text" : "this",
      "whiteSpace" : false
    }, {
      "id" : "s6-t9",
      "begin" : 388,
      "end" : 390,
      "text" : "as",
      "whiteSpace" : false
    }, {
      "id" : "s6-t10",
      "begin" : 391,
      "end" : 395,
      "text" : "back",
      "whiteSpace" : false
    }, {
      "id" : "s6-t11",
      "begin" : 395,
      "end" : 396,
      "text" : "-",
      "whiteSpace" : false
    }, {
      "id" : "s6-t12",
      "begin" : 396,
      "end" : 398,
      "text" : "up",
      "whiteSpace" : false
    }, {
      "id" : "s6-t13",
      "begin" : 398,
      "end" : 401,
      "text" : "<br",
      "whiteSpace" : false
    }, {
      "id" : "s6-t14",
      "begin" : 402,
      "end" : 404,
      "text" : "/>",
      "whiteSpace" : false
    }, {
      "id" : "s6-t15",
      "begin" : 404,
      "end" : 405,
      "text" : "I",
      "whiteSpace" : false
    }, {
      "id" : "s6-t16",
      "begin" : 406,
      "end" : 411,
      "text" : "drink",
      "whiteSpace" : false
    }, {
      "id" : "s6-t17",
      "begin" : 412,
      "end" : 413,
      "text" : "1",
      "whiteSpace" : false
    }, {
      "id" : "s6-t18",
      "begin" : 414,
      "end" : 419,
      "text" : "glass",
      "whiteSpace" : false
    }, {
      "id" : "s6-t19",
      "begin" : 420,
      "end" : 421,
      "text" : "a",
      "whiteSpace" : false
    }, {
      "id" : "s6-t20",
      "begin" : 422,
      "end" : 425,
      "text" : "day",
      "whiteSpace" : false
    }, {
      "id" : "s6-t21",
      "begin" : 425,
      "end" : 426,
      "text" : ".",
      "whiteSpace" : false
    } ]
  } ],
  "mentions" : [ {
    "id" : "s5-m1",
    "properties" : {
      "SIRE_MENTION_ROLE" : "Brand",
      "SIRE_ENTITY_SUBTYPE" : "NONE",
      "SIRE_MENTION_TYPE" : "NONE",
      "SIRE_MENTION_CLASS" : "SPC"
    },
    "type" : "Brand",
    "begin" : 296,
    "end" : 311,
    "inCoref" : false
  }, {
    "id" : "s6-m1",
    "properties" : {
      "SIRE_MENTION_ROLE" : "Product",
      "SIRE_ENTITY_SUBTYPE" : "NONE",
      "SIRE_MENTION_TYPE" : "NONE",
      "SIRE_MENTION_CLASS" : "SPC"
    },
    "type" : "Product",
    "begin" : 383,
    "end" : 387,
    "inCoref" : false
  } ],
  "relations" : [ ],
  "corefs" : [ ],
  "typeResolved" : true,
  "userResolved" : false
}