{
  "id" : "bc2e7dc0-32ab-11e8-9c9d-6505f4419106-122",
  "name" : "review_1988.json",
  "createdDate" : 0,
  "version" : 3,
  "text" : "Great taste and packaging. Perfect for lunch boxes and take along snacks. We have enjoyed these cookies and look forward to more flavors.",
  "docLength" : 0,
  "language" : "EN",
  "status" : "SUBMITTED",
  "modifiedDate" : 1522281694025,
  "documentSet" : [ ],
  "preannotation" : [ ],
  "sentences" : [ {
    "id" : "s0",
    "begin" : 0,
    "end" : 26,
    "text" : "Great taste and packaging.",
    "tokens" : [ {
      "id" : "s0-t0",
      "begin" : 0,
      "end" : 5,
      "text" : "Great",
      "whiteSpace" : false
    }, {
      "id" : "s0-t1",
      "begin" : 6,
      "end" : 11,
      "text" : "taste",
      "whiteSpace" : false
    }, {
      "id" : "s0-t2",
      "begin" : 12,
      "end" : 15,
      "text" : "and",
      "whiteSpace" : false
    }, {
      "id" : "s0-t3",
      "begin" : 16,
      "end" : 25,
      "text" : "packaging",
      "whiteSpace" : false
    }, {
      "id" : "s0-t4",
      "begin" : 25,
      "end" : 26,
      "text" : ".",
      "whiteSpace" : false
    } ]
  }, {
    "id" : "s1",
    "begin" : 27,
    "end" : 73,
    "text" : "Perfect for lunch boxes and take along snacks.",
    "tokens" : [ {
      "id" : "s1-t0",
      "begin" : 27,
      "end" : 34,
      "text" : "Perfect",
      "whiteSpace" : false
    }, {
      "id" : "s1-t1",
      "begin" : 35,
      "end" : 38,
      "text" : "for",
      "whiteSpace" : false
    }, {
      "id" : "s1-t2",
      "begin" : 39,
      "end" : 44,
      "text" : "lunch",
      "whiteSpace" : false
    }, {
      "id" : "s1-t3",
      "begin" : 45,
      "end" : 50,
      "text" : "boxes",
      "whiteSpace" : false
    }, {
      "id" : "s1-t4",
      "begin" : 51,
      "end" : 54,
      "text" : "and",
      "whiteSpace" : false
    }, {
      "id" : "s1-t5",
      "begin" : 55,
      "end" : 59,
      "text" : "take",
      "whiteSpace" : false
    }, {
      "id" : "s1-t6",
      "begin" : 60,
      "end" : 65,
      "text" : "along",
      "whiteSpace" : false
    }, {
      "id" : "s1-t7",
      "begin" : 66,
      "end" : 72,
      "text" : "snacks",
      "whiteSpace" : false
    }, {
      "id" : "s1-t8",
      "begin" : 72,
      "end" : 73,
      "text" : ".",
      "whiteSpace" : false
    } ]
  }, {
    "id" : "s2",
    "begin" : 74,
    "end" : 137,
    "text" : "We have enjoyed these cookies and look forward to more flavors.",
    "tokens" : [ {
      "id" : "s2-t0",
      "begin" : 74,
      "end" : 76,
      "text" : "We",
      "whiteSpace" : false
    }, {
      "id" : "s2-t1",
      "begin" : 77,
      "end" : 81,
      "text" : "have",
      "whiteSpace" : false
    }, {
      "id" : "s2-t2",
      "begin" : 82,
      "end" : 89,
      "text" : "enjoyed",
      "whiteSpace" : false
    }, {
      "id" : "s2-t3",
      "begin" : 90,
      "end" : 95,
      "text" : "these",
      "whiteSpace" : false
    }, {
      "id" : "s2-t4",
      "begin" : 96,
      "end" : 103,
      "text" : "cookies",
      "whiteSpace" : false
    }, {
      "id" : "s2-t5",
      "begin" : 104,
      "end" : 107,
      "text" : "and",
      "whiteSpace" : false
    }, {
      "id" : "s2-t6",
      "begin" : 108,
      "end" : 112,
      "text" : "look",
      "whiteSpace" : false
    }, {
      "id" : "s2-t7",
      "begin" : 113,
      "end" : 120,
      "text" : "forward",
      "whiteSpace" : false
    }, {
      "id" : "s2-t8",
      "begin" : 121,
      "end" : 123,
      "text" : "to",
      "whiteSpace" : false
    }, {
      "id" : "s2-t9",
      "begin" : 124,
      "end" : 128,
      "text" : "more",
      "whiteSpace" : false
    }, {
      "id" : "s2-t10",
      "begin" : 129,
      "end" : 136,
      "text" : "flavors",
      "whiteSpace" : false
    }, {
      "id" : "s2-t11",
      "begin" : 136,
      "end" : 137,
      "text" : ".",
      "whiteSpace" : false
    } ]
  } ],
  "mentions" : [ {
    "id" : "s2-m1",
    "properties" : {
      "SIRE_MENTION_ROLE" : "Product",
      "SIRE_ENTITY_SUBTYPE" : "NONE",
      "SIRE_MENTION_TYPE" : "NONE",
      "SIRE_MENTION_CLASS" : "SPC"
    },
    "type" : "Product",
    "begin" : 96,
    "end" : 103,
    "inCoref" : false
  }, {
    "id" : "s2-m2",
    "properties" : {
      "SIRE_MENTION_ROLE" : "Attribute",
      "SIRE_ENTITY_SUBTYPE" : "NONE",
      "SIRE_MENTION_TYPE" : "NONE",
      "SIRE_MENTION_CLASS" : "SPC"
    },
    "type" : "Attribute",
    "begin" : 129,
    "end" : 136,
    "inCoref" : false
  } ],
  "relations" : [ ],
  "corefs" : [ ],
  "typeResolved" : true,
  "userResolved" : false
}