{
  "id" : "bc2e7dc0-32ab-11e8-9c9d-6505f4419106-98",
  "name" : "review_1594.json",
  "createdDate" : 0,
  "version" : 3,
  "text" : "First and foremost, shame on me. I thought these were going to taste like dry, boring, bland chip replacements. Imagine my surprise halfway through the first bite. It has the tang of a regular chip with BBQ flavor, but has the light and non-salty taste of a healthy snack. I literally had to hide the bag to prevent eating them all in one sitting. With a nice glass of sparkling water, they are a true treat and a great alternative to the usual processed chips we've all come to know, love, and mindlessly consume. I truly suggest you open your mind and buy a bag. These were absolutely wonderful to have as a late night snack, a mid-afternoon pick-me-up, and something to share with the children in my life. After one bag, you might not want to share.",
  "docLength" : 0,
  "language" : "EN",
  "status" : "SUBMITTED",
  "modifiedDate" : 1522301271611,
  "documentSet" : [ ],
  "preannotation" : [ ],
  "sentences" : [ {
    "id" : "s0",
    "begin" : 0,
    "end" : 32,
    "text" : "First and foremost, shame on me.",
    "tokens" : [ {
      "id" : "s0-t0",
      "begin" : 0,
      "end" : 5,
      "text" : "First",
      "whiteSpace" : false
    }, {
      "id" : "s0-t1",
      "begin" : 6,
      "end" : 9,
      "text" : "and",
      "whiteSpace" : false
    }, {
      "id" : "s0-t2",
      "begin" : 10,
      "end" : 18,
      "text" : "foremost",
      "whiteSpace" : false
    }, {
      "id" : "s0-t3",
      "begin" : 18,
      "end" : 19,
      "text" : ",",
      "whiteSpace" : false
    }, {
      "id" : "s0-t4",
      "begin" : 20,
      "end" : 25,
      "text" : "shame",
      "whiteSpace" : false
    }, {
      "id" : "s0-t5",
      "begin" : 26,
      "end" : 28,
      "text" : "on",
      "whiteSpace" : false
    }, {
      "id" : "s0-t6",
      "begin" : 29,
      "end" : 31,
      "text" : "me",
      "whiteSpace" : false
    }, {
      "id" : "s0-t7",
      "begin" : 31,
      "end" : 32,
      "text" : ".",
      "whiteSpace" : false
    } ]
  }, {
    "id" : "s1",
    "begin" : 33,
    "end" : 111,
    "text" : "I thought these were going to taste like dry, boring, bland chip replacements.",
    "tokens" : [ {
      "id" : "s1-t0",
      "begin" : 33,
      "end" : 34,
      "text" : "I",
      "whiteSpace" : false
    }, {
      "id" : "s1-t1",
      "begin" : 35,
      "end" : 42,
      "text" : "thought",
      "whiteSpace" : false
    }, {
      "id" : "s1-t2",
      "begin" : 43,
      "end" : 48,
      "text" : "these",
      "whiteSpace" : false
    }, {
      "id" : "s1-t3",
      "begin" : 49,
      "end" : 53,
      "text" : "were",
      "whiteSpace" : false
    }, {
      "id" : "s1-t4",
      "begin" : 54,
      "end" : 59,
      "text" : "going",
      "whiteSpace" : false
    }, {
      "id" : "s1-t5",
      "begin" : 60,
      "end" : 62,
      "text" : "to",
      "whiteSpace" : false
    }, {
      "id" : "s1-t6",
      "begin" : 63,
      "end" : 68,
      "text" : "taste",
      "whiteSpace" : false
    }, {
      "id" : "s1-t7",
      "begin" : 69,
      "end" : 73,
      "text" : "like",
      "whiteSpace" : false
    }, {
      "id" : "s1-t8",
      "begin" : 74,
      "end" : 77,
      "text" : "dry",
      "whiteSpace" : false
    }, {
      "id" : "s1-t9",
      "begin" : 77,
      "end" : 78,
      "text" : ",",
      "whiteSpace" : false
    }, {
      "id" : "s1-t10",
      "begin" : 79,
      "end" : 85,
      "text" : "boring",
      "whiteSpace" : false
    }, {
      "id" : "s1-t11",
      "begin" : 85,
      "end" : 86,
      "text" : ",",
      "whiteSpace" : false
    }, {
      "id" : "s1-t12",
      "begin" : 87,
      "end" : 92,
      "text" : "bland",
      "whiteSpace" : false
    }, {
      "id" : "s1-t13",
      "begin" : 93,
      "end" : 97,
      "text" : "chip",
      "whiteSpace" : false
    }, {
      "id" : "s1-t14",
      "begin" : 98,
      "end" : 110,
      "text" : "replacements",
      "whiteSpace" : false
    }, {
      "id" : "s1-t15",
      "begin" : 110,
      "end" : 111,
      "text" : ".",
      "whiteSpace" : false
    } ]
  }, {
    "id" : "s2",
    "begin" : 112,
    "end" : 163,
    "text" : "Imagine my surprise halfway through the first bite.",
    "tokens" : [ {
      "id" : "s2-t0",
      "begin" : 112,
      "end" : 119,
      "text" : "Imagine",
      "whiteSpace" : false
    }, {
      "id" : "s2-t1",
      "begin" : 120,
      "end" : 122,
      "text" : "my",
      "whiteSpace" : false
    }, {
      "id" : "s2-t2",
      "begin" : 123,
      "end" : 131,
      "text" : "surprise",
      "whiteSpace" : false
    }, {
      "id" : "s2-t3",
      "begin" : 132,
      "end" : 139,
      "text" : "halfway",
      "whiteSpace" : false
    }, {
      "id" : "s2-t4",
      "begin" : 140,
      "end" : 147,
      "text" : "through",
      "whiteSpace" : false
    }, {
      "id" : "s2-t5",
      "begin" : 148,
      "end" : 151,
      "text" : "the",
      "whiteSpace" : false
    }, {
      "id" : "s2-t6",
      "begin" : 152,
      "end" : 157,
      "text" : "first",
      "whiteSpace" : false
    }, {
      "id" : "s2-t7",
      "begin" : 158,
      "end" : 162,
      "text" : "bite",
      "whiteSpace" : false
    }, {
      "id" : "s2-t8",
      "begin" : 162,
      "end" : 163,
      "text" : ".",
      "whiteSpace" : false
    } ]
  }, {
    "id" : "s3",
    "begin" : 164,
    "end" : 272,
    "text" : "It has the tang of a regular chip with BBQ flavor, but has the light and non-salty taste of a healthy snack.",
    "tokens" : [ {
      "id" : "s3-t0",
      "begin" : 164,
      "end" : 166,
      "text" : "It",
      "whiteSpace" : false
    }, {
      "id" : "s3-t1",
      "begin" : 167,
      "end" : 170,
      "text" : "has",
      "whiteSpace" : false
    }, {
      "id" : "s3-t2",
      "begin" : 171,
      "end" : 174,
      "text" : "the",
      "whiteSpace" : false
    }, {
      "id" : "s3-t3",
      "begin" : 175,
      "end" : 179,
      "text" : "tang",
      "whiteSpace" : false
    }, {
      "id" : "s3-t4",
      "begin" : 180,
      "end" : 182,
      "text" : "of",
      "whiteSpace" : false
    }, {
      "id" : "s3-t5",
      "begin" : 183,
      "end" : 184,
      "text" : "a",
      "whiteSpace" : false
    }, {
      "id" : "s3-t6",
      "begin" : 185,
      "end" : 192,
      "text" : "regular",
      "whiteSpace" : false
    }, {
      "id" : "s3-t7",
      "begin" : 193,
      "end" : 197,
      "text" : "chip",
      "whiteSpace" : false
    }, {
      "id" : "s3-t8",
      "begin" : 198,
      "end" : 202,
      "text" : "with",
      "whiteSpace" : false
    }, {
      "id" : "s3-t9",
      "begin" : 203,
      "end" : 206,
      "text" : "BBQ",
      "whiteSpace" : false
    }, {
      "id" : "s3-t10",
      "begin" : 207,
      "end" : 213,
      "text" : "flavor",
      "whiteSpace" : false
    }, {
      "id" : "s3-t11",
      "begin" : 213,
      "end" : 214,
      "text" : ",",
      "whiteSpace" : false
    }, {
      "id" : "s3-t12",
      "begin" : 215,
      "end" : 218,
      "text" : "but",
      "whiteSpace" : false
    }, {
      "id" : "s3-t13",
      "begin" : 219,
      "end" : 222,
      "text" : "has",
      "whiteSpace" : false
    }, {
      "id" : "s3-t14",
      "begin" : 223,
      "end" : 226,
      "text" : "the",
      "whiteSpace" : false
    }, {
      "id" : "s3-t15",
      "begin" : 227,
      "end" : 232,
      "text" : "light",
      "whiteSpace" : false
    }, {
      "id" : "s3-t16",
      "begin" : 233,
      "end" : 236,
      "text" : "and",
      "whiteSpace" : false
    }, {
      "id" : "s3-t17",
      "begin" : 237,
      "end" : 240,
      "text" : "non",
      "whiteSpace" : false
    }, {
      "id" : "s3-t18",
      "begin" : 240,
      "end" : 241,
      "text" : "-",
      "whiteSpace" : false
    }, {
      "id" : "s3-t19",
      "begin" : 241,
      "end" : 246,
      "text" : "salty",
      "whiteSpace" : false
    }, {
      "id" : "s3-t20",
      "begin" : 247,
      "end" : 252,
      "text" : "taste",
      "whiteSpace" : false
    }, {
      "id" : "s3-t21",
      "begin" : 253,
      "end" : 255,
      "text" : "of",
      "whiteSpace" : false
    }, {
      "id" : "s3-t22",
      "begin" : 256,
      "end" : 257,
      "text" : "a",
      "whiteSpace" : false
    }, {
      "id" : "s3-t23",
      "begin" : 258,
      "end" : 265,
      "text" : "healthy",
      "whiteSpace" : false
    }, {
      "id" : "s3-t24",
      "begin" : 266,
      "end" : 271,
      "text" : "snack",
      "whiteSpace" : false
    }, {
      "id" : "s3-t25",
      "begin" : 271,
      "end" : 272,
      "text" : ".",
      "whiteSpace" : false
    } ]
  }, {
    "id" : "s4",
    "begin" : 273,
    "end" : 347,
    "text" : "I literally had to hide the bag to prevent eating them all in one sitting.",
    "tokens" : [ {
      "id" : "s4-t0",
      "begin" : 273,
      "end" : 274,
      "text" : "I",
      "whiteSpace" : false
    }, {
      "id" : "s4-t1",
      "begin" : 275,
      "end" : 284,
      "text" : "literally",
      "whiteSpace" : false
    }, {
      "id" : "s4-t2",
      "begin" : 285,
      "end" : 288,
      "text" : "had",
      "whiteSpace" : false
    }, {
      "id" : "s4-t3",
      "begin" : 289,
      "end" : 291,
      "text" : "to",
      "whiteSpace" : false
    }, {
      "id" : "s4-t4",
      "begin" : 292,
      "end" : 296,
      "text" : "hide",
      "whiteSpace" : false
    }, {
      "id" : "s4-t5",
      "begin" : 297,
      "end" : 300,
      "text" : "the",
      "whiteSpace" : false
    }, {
      "id" : "s4-t6",
      "begin" : 301,
      "end" : 304,
      "text" : "bag",
      "whiteSpace" : false
    }, {
      "id" : "s4-t7",
      "begin" : 305,
      "end" : 307,
      "text" : "to",
      "whiteSpace" : false
    }, {
      "id" : "s4-t8",
      "begin" : 308,
      "end" : 315,
      "text" : "prevent",
      "whiteSpace" : false
    }, {
      "id" : "s4-t9",
      "begin" : 316,
      "end" : 322,
      "text" : "eating",
      "whiteSpace" : false
    }, {
      "id" : "s4-t10",
      "begin" : 323,
      "end" : 327,
      "text" : "them",
      "whiteSpace" : false
    }, {
      "id" : "s4-t11",
      "begin" : 328,
      "end" : 331,
      "text" : "all",
      "whiteSpace" : false
    }, {
      "id" : "s4-t12",
      "begin" : 332,
      "end" : 334,
      "text" : "in",
      "whiteSpace" : false
    }, {
      "id" : "s4-t13",
      "begin" : 335,
      "end" : 338,
      "text" : "one",
      "whiteSpace" : false
    }, {
      "id" : "s4-t14",
      "begin" : 339,
      "end" : 346,
      "text" : "sitting",
      "whiteSpace" : false
    }, {
      "id" : "s4-t15",
      "begin" : 346,
      "end" : 347,
      "text" : ".",
      "whiteSpace" : false
    } ]
  }, {
    "id" : "s5",
    "begin" : 348,
    "end" : 514,
    "text" : "With a nice glass of sparkling water, they are a true treat and a great alternative to the usual processed chips we've all come to know, love, and mindlessly consume.",
    "tokens" : [ {
      "id" : "s5-t0",
      "begin" : 348,
      "end" : 352,
      "text" : "With",
      "whiteSpace" : false
    }, {
      "id" : "s5-t1",
      "begin" : 353,
      "end" : 354,
      "text" : "a",
      "whiteSpace" : false
    }, {
      "id" : "s5-t2",
      "begin" : 355,
      "end" : 359,
      "text" : "nice",
      "whiteSpace" : false
    }, {
      "id" : "s5-t3",
      "begin" : 360,
      "end" : 365,
      "text" : "glass",
      "whiteSpace" : false
    }, {
      "id" : "s5-t4",
      "begin" : 366,
      "end" : 368,
      "text" : "of",
      "whiteSpace" : false
    }, {
      "id" : "s5-t5",
      "begin" : 369,
      "end" : 378,
      "text" : "sparkling",
      "whiteSpace" : false
    }, {
      "id" : "s5-t6",
      "begin" : 379,
      "end" : 384,
      "text" : "water",
      "whiteSpace" : false
    }, {
      "id" : "s5-t7",
      "begin" : 384,
      "end" : 385,
      "text" : ",",
      "whiteSpace" : false
    }, {
      "id" : "s5-t8",
      "begin" : 386,
      "end" : 390,
      "text" : "they",
      "whiteSpace" : false
    }, {
      "id" : "s5-t9",
      "begin" : 391,
      "end" : 394,
      "text" : "are",
      "whiteSpace" : false
    }, {
      "id" : "s5-t10",
      "begin" : 395,
      "end" : 396,
      "text" : "a",
      "whiteSpace" : false
    }, {
      "id" : "s5-t11",
      "begin" : 397,
      "end" : 401,
      "text" : "true",
      "whiteSpace" : false
    }, {
      "id" : "s5-t12",
      "begin" : 402,
      "end" : 407,
      "text" : "treat",
      "whiteSpace" : false
    }, {
      "id" : "s5-t13",
      "begin" : 408,
      "end" : 411,
      "text" : "and",
      "whiteSpace" : false
    }, {
      "id" : "s5-t14",
      "begin" : 412,
      "end" : 413,
      "text" : "a",
      "whiteSpace" : false
    }, {
      "id" : "s5-t15",
      "begin" : 414,
      "end" : 419,
      "text" : "great",
      "whiteSpace" : false
    }, {
      "id" : "s5-t16",
      "begin" : 420,
      "end" : 431,
      "text" : "alternative",
      "whiteSpace" : false
    }, {
      "id" : "s5-t17",
      "begin" : 432,
      "end" : 434,
      "text" : "to",
      "whiteSpace" : false
    }, {
      "id" : "s5-t18",
      "begin" : 435,
      "end" : 438,
      "text" : "the",
      "whiteSpace" : false
    }, {
      "id" : "s5-t19",
      "begin" : 439,
      "end" : 444,
      "text" : "usual",
      "whiteSpace" : false
    }, {
      "id" : "s5-t20",
      "begin" : 445,
      "end" : 454,
      "text" : "processed",
      "whiteSpace" : false
    }, {
      "id" : "s5-t21",
      "begin" : 455,
      "end" : 460,
      "text" : "chips",
      "whiteSpace" : false
    }, {
      "id" : "s5-t22",
      "begin" : 461,
      "end" : 463,
      "text" : "we",
      "whiteSpace" : false
    }, {
      "id" : "s5-t23",
      "begin" : 463,
      "end" : 466,
      "text" : "'ve",
      "whiteSpace" : false
    }, {
      "id" : "s5-t24",
      "begin" : 467,
      "end" : 470,
      "text" : "all",
      "whiteSpace" : false
    }, {
      "id" : "s5-t25",
      "begin" : 471,
      "end" : 475,
      "text" : "come",
      "whiteSpace" : false
    }, {
      "id" : "s5-t26",
      "begin" : 476,
      "end" : 478,
      "text" : "to",
      "whiteSpace" : false
    }, {
      "id" : "s5-t27",
      "begin" : 479,
      "end" : 483,
      "text" : "know",
      "whiteSpace" : false
    }, {
      "id" : "s5-t28",
      "begin" : 483,
      "end" : 484,
      "text" : ",",
      "whiteSpace" : false
    }, {
      "id" : "s5-t29",
      "begin" : 485,
      "end" : 489,
      "text" : "love",
      "whiteSpace" : false
    }, {
      "id" : "s5-t30",
      "begin" : 489,
      "end" : 490,
      "text" : ",",
      "whiteSpace" : false
    }, {
      "id" : "s5-t31",
      "begin" : 491,
      "end" : 494,
      "text" : "and",
      "whiteSpace" : false
    }, {
      "id" : "s5-t32",
      "begin" : 495,
      "end" : 505,
      "text" : "mindlessly",
      "whiteSpace" : false
    }, {
      "id" : "s5-t33",
      "begin" : 506,
      "end" : 513,
      "text" : "consume",
      "whiteSpace" : false
    }, {
      "id" : "s5-t34",
      "begin" : 513,
      "end" : 514,
      "text" : ".",
      "whiteSpace" : false
    } ]
  }, {
    "id" : "s6",
    "begin" : 515,
    "end" : 564,
    "text" : "I truly suggest you open your mind and buy a bag.",
    "tokens" : [ {
      "id" : "s6-t0",
      "begin" : 515,
      "end" : 516,
      "text" : "I",
      "whiteSpace" : false
    }, {
      "id" : "s6-t1",
      "begin" : 517,
      "end" : 522,
      "text" : "truly",
      "whiteSpace" : false
    }, {
      "id" : "s6-t2",
      "begin" : 523,
      "end" : 530,
      "text" : "suggest",
      "whiteSpace" : false
    }, {
      "id" : "s6-t3",
      "begin" : 531,
      "end" : 534,
      "text" : "you",
      "whiteSpace" : false
    }, {
      "id" : "s6-t4",
      "begin" : 535,
      "end" : 539,
      "text" : "open",
      "whiteSpace" : false
    }, {
      "id" : "s6-t5",
      "begin" : 540,
      "end" : 544,
      "text" : "your",
      "whiteSpace" : false
    }, {
      "id" : "s6-t6",
      "begin" : 545,
      "end" : 549,
      "text" : "mind",
      "whiteSpace" : false
    }, {
      "id" : "s6-t7",
      "begin" : 550,
      "end" : 553,
      "text" : "and",
      "whiteSpace" : false
    }, {
      "id" : "s6-t8",
      "begin" : 554,
      "end" : 557,
      "text" : "buy",
      "whiteSpace" : false
    }, {
      "id" : "s6-t9",
      "begin" : 558,
      "end" : 559,
      "text" : "a",
      "whiteSpace" : false
    }, {
      "id" : "s6-t10",
      "begin" : 560,
      "end" : 563,
      "text" : "bag",
      "whiteSpace" : false
    }, {
      "id" : "s6-t11",
      "begin" : 563,
      "end" : 564,
      "text" : ".",
      "whiteSpace" : false
    } ]
  }, {
    "id" : "s7",
    "begin" : 565,
    "end" : 708,
    "text" : "These were absolutely wonderful to have as a late night snack, a mid-afternoon pick-me-up, and something to share with the children in my life.",
    "tokens" : [ {
      "id" : "s7-t0",
      "begin" : 565,
      "end" : 570,
      "text" : "These",
      "whiteSpace" : false
    }, {
      "id" : "s7-t1",
      "begin" : 571,
      "end" : 575,
      "text" : "were",
      "whiteSpace" : false
    }, {
      "id" : "s7-t2",
      "begin" : 576,
      "end" : 586,
      "text" : "absolutely",
      "whiteSpace" : false
    }, {
      "id" : "s7-t3",
      "begin" : 587,
      "end" : 596,
      "text" : "wonderful",
      "whiteSpace" : false
    }, {
      "id" : "s7-t4",
      "begin" : 597,
      "end" : 599,
      "text" : "to",
      "whiteSpace" : false
    }, {
      "id" : "s7-t5",
      "begin" : 600,
      "end" : 604,
      "text" : "have",
      "whiteSpace" : false
    }, {
      "id" : "s7-t6",
      "begin" : 605,
      "end" : 607,
      "text" : "as",
      "whiteSpace" : false
    }, {
      "id" : "s7-t7",
      "begin" : 608,
      "end" : 609,
      "text" : "a",
      "whiteSpace" : false
    }, {
      "id" : "s7-t8",
      "begin" : 610,
      "end" : 614,
      "text" : "late",
      "whiteSpace" : false
    }, {
      "id" : "s7-t9",
      "begin" : 615,
      "end" : 620,
      "text" : "night",
      "whiteSpace" : false
    }, {
      "id" : "s7-t10",
      "begin" : 621,
      "end" : 626,
      "text" : "snack",
      "whiteSpace" : false
    }, {
      "id" : "s7-t11",
      "begin" : 626,
      "end" : 627,
      "text" : ",",
      "whiteSpace" : false
    }, {
      "id" : "s7-t12",
      "begin" : 628,
      "end" : 629,
      "text" : "a",
      "whiteSpace" : false
    }, {
      "id" : "s7-t13",
      "begin" : 630,
      "end" : 643,
      "text" : "mid-afternoon",
      "whiteSpace" : false
    }, {
      "id" : "s7-t14",
      "begin" : 644,
      "end" : 648,
      "text" : "pick",
      "whiteSpace" : false
    }, {
      "id" : "s7-t15",
      "begin" : 648,
      "end" : 649,
      "text" : "-",
      "whiteSpace" : false
    }, {
      "id" : "s7-t16",
      "begin" : 649,
      "end" : 651,
      "text" : "me",
      "whiteSpace" : false
    }, {
      "id" : "s7-t17",
      "begin" : 651,
      "end" : 652,
      "text" : "-",
      "whiteSpace" : false
    }, {
      "id" : "s7-t18",
      "begin" : 652,
      "end" : 654,
      "text" : "up",
      "whiteSpace" : false
    }, {
      "id" : "s7-t19",
      "begin" : 654,
      "end" : 655,
      "text" : ",",
      "whiteSpace" : false
    }, {
      "id" : "s7-t20",
      "begin" : 656,
      "end" : 659,
      "text" : "and",
      "whiteSpace" : false
    }, {
      "id" : "s7-t21",
      "begin" : 660,
      "end" : 669,
      "text" : "something",
      "whiteSpace" : false
    }, {
      "id" : "s7-t22",
      "begin" : 670,
      "end" : 672,
      "text" : "to",
      "whiteSpace" : false
    }, {
      "id" : "s7-t23",
      "begin" : 673,
      "end" : 678,
      "text" : "share",
      "whiteSpace" : false
    }, {
      "id" : "s7-t24",
      "begin" : 679,
      "end" : 683,
      "text" : "with",
      "whiteSpace" : false
    }, {
      "id" : "s7-t25",
      "begin" : 684,
      "end" : 687,
      "text" : "the",
      "whiteSpace" : false
    }, {
      "id" : "s7-t26",
      "begin" : 688,
      "end" : 696,
      "text" : "children",
      "whiteSpace" : false
    }, {
      "id" : "s7-t27",
      "begin" : 697,
      "end" : 699,
      "text" : "in",
      "whiteSpace" : false
    }, {
      "id" : "s7-t28",
      "begin" : 700,
      "end" : 702,
      "text" : "my",
      "whiteSpace" : false
    }, {
      "id" : "s7-t29",
      "begin" : 703,
      "end" : 707,
      "text" : "life",
      "whiteSpace" : false
    }, {
      "id" : "s7-t30",
      "begin" : 707,
      "end" : 708,
      "text" : ".",
      "whiteSpace" : false
    } ]
  }, {
    "id" : "s8",
    "begin" : 709,
    "end" : 752,
    "text" : "After one bag, you might not want to share.",
    "tokens" : [ {
      "id" : "s8-t0",
      "begin" : 709,
      "end" : 714,
      "text" : "After",
      "whiteSpace" : false
    }, {
      "id" : "s8-t1",
      "begin" : 715,
      "end" : 718,
      "text" : "one",
      "whiteSpace" : false
    }, {
      "id" : "s8-t2",
      "begin" : 719,
      "end" : 722,
      "text" : "bag",
      "whiteSpace" : false
    }, {
      "id" : "s8-t3",
      "begin" : 722,
      "end" : 723,
      "text" : ",",
      "whiteSpace" : false
    }, {
      "id" : "s8-t4",
      "begin" : 724,
      "end" : 727,
      "text" : "you",
      "whiteSpace" : false
    }, {
      "id" : "s8-t5",
      "begin" : 728,
      "end" : 733,
      "text" : "might",
      "whiteSpace" : false
    }, {
      "id" : "s8-t6",
      "begin" : 734,
      "end" : 737,
      "text" : "not",
      "whiteSpace" : false
    }, {
      "id" : "s8-t7",
      "begin" : 738,
      "end" : 742,
      "text" : "want",
      "whiteSpace" : false
    }, {
      "id" : "s8-t8",
      "begin" : 743,
      "end" : 745,
      "text" : "to",
      "whiteSpace" : false
    }, {
      "id" : "s8-t9",
      "begin" : 746,
      "end" : 751,
      "text" : "share",
      "whiteSpace" : false
    }, {
      "id" : "s8-t10",
      "begin" : 751,
      "end" : 752,
      "text" : ".",
      "whiteSpace" : false
    } ]
  } ],
  "mentions" : [ {
    "id" : "s1-m1",
    "properties" : {
      "SIRE_MENTION_ROLE" : "Product",
      "SIRE_ENTITY_SUBTYPE" : "NONE",
      "SIRE_MENTION_TYPE" : "NONE",
      "SIRE_MENTION_CLASS" : "SPC"
    },
    "type" : "Product",
    "begin" : 43,
    "end" : 48,
    "inCoref" : true
  }, {
    "id" : "s1-m2",
    "properties" : {
      "SIRE_MENTION_ROLE" : "Product",
      "SIRE_ENTITY_SUBTYPE" : "NONE",
      "SIRE_MENTION_TYPE" : "NONE",
      "SIRE_MENTION_CLASS" : "SPC"
    },
    "type" : "Product",
    "begin" : 93,
    "end" : 97,
    "inCoref" : true
  }, {
    "id" : "s3-m2",
    "properties" : {
      "SIRE_MENTION_ROLE" : "Product",
      "SIRE_ENTITY_SUBTYPE" : "NONE",
      "SIRE_MENTION_TYPE" : "NONE",
      "SIRE_MENTION_CLASS" : "SPC"
    },
    "type" : "Product",
    "begin" : 164,
    "end" : 166,
    "inCoref" : true
  }, {
    "id" : "s3-m1",
    "properties" : {
      "SIRE_MENTION_ROLE" : "Attribute",
      "SIRE_ENTITY_SUBTYPE" : "NONE",
      "SIRE_MENTION_TYPE" : "NONE",
      "SIRE_MENTION_CLASS" : "SPC"
    },
    "type" : "Attribute",
    "begin" : 203,
    "end" : 213,
    "inCoref" : true
  }, {
    "id" : "s4-m2",
    "properties" : {
      "SIRE_MENTION_ROLE" : "Product",
      "SIRE_ENTITY_SUBTYPE" : "NONE",
      "SIRE_MENTION_TYPE" : "NONE",
      "SIRE_MENTION_CLASS" : "SPC"
    },
    "type" : "Product",
    "begin" : 323,
    "end" : 327,
    "inCoref" : true
  }, {
    "id" : "s5-m1",
    "properties" : {
      "SIRE_MENTION_ROLE" : "Product",
      "SIRE_ENTITY_SUBTYPE" : "NONE",
      "SIRE_MENTION_TYPE" : "NONE",
      "SIRE_MENTION_CLASS" : "SPC"
    },
    "type" : "Product",
    "begin" : 386,
    "end" : 390,
    "inCoref" : true
  }, {
    "id" : "s5-m3",
    "properties" : {
      "SIRE_MENTION_ROLE" : "Attribute",
      "SIRE_ENTITY_SUBTYPE" : "NONE",
      "SIRE_MENTION_TYPE" : "NONE",
      "SIRE_MENTION_CLASS" : "SPC"
    },
    "type" : "Attribute",
    "begin" : 445,
    "end" : 454,
    "inCoref" : true
  }, {
    "id" : "s5-m2",
    "properties" : {
      "SIRE_MENTION_ROLE" : "Product",
      "SIRE_ENTITY_SUBTYPE" : "NONE",
      "SIRE_MENTION_TYPE" : "NONE",
      "SIRE_MENTION_CLASS" : "SPC"
    },
    "type" : "Product",
    "begin" : 455,
    "end" : 460,
    "inCoref" : true
  }, {
    "id" : "s6-m1",
    "properties" : {
      "SIRE_MENTION_ROLE" : "Product",
      "SIRE_ENTITY_SUBTYPE" : "NONE",
      "SIRE_MENTION_TYPE" : "NONE",
      "SIRE_MENTION_CLASS" : "SPC"
    },
    "type" : "Product",
    "begin" : 560,
    "end" : 563,
    "inCoref" : true
  }, {
    "id" : "s7-m1",
    "properties" : {
      "SIRE_MENTION_ROLE" : "Product",
      "SIRE_ENTITY_SUBTYPE" : "NONE",
      "SIRE_MENTION_TYPE" : "NONE",
      "SIRE_MENTION_CLASS" : "SPC"
    },
    "type" : "Product",
    "begin" : 565,
    "end" : 570,
    "inCoref" : true
  }, {
    "id" : "s8-m1",
    "properties" : {
      "SIRE_MENTION_ROLE" : "Product",
      "SIRE_ENTITY_SUBTYPE" : "NONE",
      "SIRE_MENTION_TYPE" : "NONE",
      "SIRE_MENTION_CLASS" : "SPC"
    },
    "type" : "Product",
    "begin" : 719,
    "end" : 722,
    "inCoref" : true
  } ],
  "relations" : [ {
    "id" : "s3-r1",
    "properties" : { },
    "type" : "propertyOf",
    "args" : [ "s3-m1", "s3-m2" ]
  }, {
    "id" : "s5-r1",
    "properties" : { },
    "type" : "propertyOf",
    "args" : [ "s5-m3", "s5-m2" ]
  } ],
  "corefs" : [ {
    "id" : "c1",
    "properties" : { },
    "mentions" : [ "s1-m1", "s3-m2", "s4-m2", "s5-m1", "s6-m1", "s7-m1", "s8-m1" ]
  }, {
    "id" : "c5",
    "properties" : { },
    "mentions" : [ "s1-m2", "s5-m2" ]
  }, {
    "id" : "c6",
    "properties" : { },
    "mentions" : [ "s3-m1" ]
  }, {
    "id" : "c7",
    "properties" : { },
    "mentions" : [ "s5-m3" ]
  } ],
  "typeResolved" : true,
  "userResolved" : false
}