{
  "id" : "bc2e7dc0-32ab-11e8-9c9d-6505f4419106-85",
  "name" : "review_1392.json",
  "createdDate" : 0,
  "version" : 3,
  "text" : "The bar has almost no cashew but lots of dates. The bar should be labeled \"Almond Date Bar.\" The label is misguided.",
  "docLength" : 0,
  "language" : "EN",
  "status" : "SUBMITTED",
  "modifiedDate" : 1522304100442,
  "documentSet" : [ ],
  "preannotation" : [ ],
  "sentences" : [ {
    "id" : "s0",
    "begin" : 0,
    "end" : 47,
    "text" : "The bar has almost no cashew but lots of dates.",
    "tokens" : [ {
      "id" : "s0-t0",
      "begin" : 0,
      "end" : 3,
      "text" : "The",
      "whiteSpace" : false
    }, {
      "id" : "s0-t1",
      "begin" : 4,
      "end" : 7,
      "text" : "bar",
      "whiteSpace" : false
    }, {
      "id" : "s0-t2",
      "begin" : 8,
      "end" : 11,
      "text" : "has",
      "whiteSpace" : false
    }, {
      "id" : "s0-t3",
      "begin" : 12,
      "end" : 18,
      "text" : "almost",
      "whiteSpace" : false
    }, {
      "id" : "s0-t4",
      "begin" : 19,
      "end" : 21,
      "text" : "no",
      "whiteSpace" : false
    }, {
      "id" : "s0-t5",
      "begin" : 22,
      "end" : 28,
      "text" : "cashew",
      "whiteSpace" : false
    }, {
      "id" : "s0-t6",
      "begin" : 29,
      "end" : 32,
      "text" : "but",
      "whiteSpace" : false
    }, {
      "id" : "s0-t7",
      "begin" : 33,
      "end" : 37,
      "text" : "lots",
      "whiteSpace" : false
    }, {
      "id" : "s0-t8",
      "begin" : 38,
      "end" : 40,
      "text" : "of",
      "whiteSpace" : false
    }, {
      "id" : "s0-t9",
      "begin" : 41,
      "end" : 46,
      "text" : "dates",
      "whiteSpace" : false
    }, {
      "id" : "s0-t10",
      "begin" : 46,
      "end" : 47,
      "text" : ".",
      "whiteSpace" : false
    } ]
  }, {
    "id" : "s1",
    "begin" : 48,
    "end" : 91,
    "text" : "The bar should be labeled \"Almond Date Bar.",
    "tokens" : [ {
      "id" : "s1-t0",
      "begin" : 48,
      "end" : 51,
      "text" : "The",
      "whiteSpace" : false
    }, {
      "id" : "s1-t1",
      "begin" : 52,
      "end" : 55,
      "text" : "bar",
      "whiteSpace" : false
    }, {
      "id" : "s1-t2",
      "begin" : 56,
      "end" : 62,
      "text" : "should",
      "whiteSpace" : false
    }, {
      "id" : "s1-t3",
      "begin" : 63,
      "end" : 65,
      "text" : "be",
      "whiteSpace" : false
    }, {
      "id" : "s1-t4",
      "begin" : 66,
      "end" : 73,
      "text" : "labeled",
      "whiteSpace" : false
    }, {
      "id" : "s1-t5",
      "begin" : 74,
      "end" : 75,
      "text" : "\"",
      "whiteSpace" : false
    }, {
      "id" : "s1-t6",
      "begin" : 75,
      "end" : 81,
      "text" : "Almond",
      "whiteSpace" : false
    }, {
      "id" : "s1-t7",
      "begin" : 82,
      "end" : 86,
      "text" : "Date",
      "whiteSpace" : false
    }, {
      "id" : "s1-t8",
      "begin" : 87,
      "end" : 90,
      "text" : "Bar",
      "whiteSpace" : false
    }, {
      "id" : "s1-t9",
      "begin" : 90,
      "end" : 91,
      "text" : ".",
      "whiteSpace" : false
    } ]
  }, {
    "id" : "s2",
    "begin" : 91,
    "end" : 116,
    "text" : "\" The label is misguided.",
    "tokens" : [ {
      "id" : "s2-t0",
      "begin" : 91,
      "end" : 92,
      "text" : "\"",
      "whiteSpace" : false
    }, {
      "id" : "s2-t1",
      "begin" : 93,
      "end" : 96,
      "text" : "The",
      "whiteSpace" : false
    }, {
      "id" : "s2-t2",
      "begin" : 97,
      "end" : 102,
      "text" : "label",
      "whiteSpace" : false
    }, {
      "id" : "s2-t3",
      "begin" : 103,
      "end" : 105,
      "text" : "is",
      "whiteSpace" : false
    }, {
      "id" : "s2-t4",
      "begin" : 106,
      "end" : 115,
      "text" : "misguided",
      "whiteSpace" : false
    }, {
      "id" : "s2-t5",
      "begin" : 115,
      "end" : 116,
      "text" : ".",
      "whiteSpace" : false
    } ]
  } ],
  "mentions" : [ {
    "id" : "s0-m1",
    "properties" : {
      "SIRE_MENTION_ROLE" : "Product",
      "SIRE_ENTITY_SUBTYPE" : "NONE",
      "SIRE_MENTION_TYPE" : "NONE",
      "SIRE_MENTION_CLASS" : "SPC"
    },
    "type" : "Product",
    "begin" : 4,
    "end" : 7,
    "inCoref" : true
  }, {
    "id" : "s0-m2",
    "properties" : {
      "SIRE_MENTION_ROLE" : "Attribute",
      "SIRE_ENTITY_SUBTYPE" : "NONE",
      "SIRE_MENTION_TYPE" : "NONE",
      "SIRE_MENTION_CLASS" : "SPC"
    },
    "type" : "Attribute",
    "begin" : 22,
    "end" : 28,
    "inCoref" : false
  }, {
    "id" : "s0-m3",
    "properties" : {
      "SIRE_MENTION_ROLE" : "Attribute",
      "SIRE_ENTITY_SUBTYPE" : "NONE",
      "SIRE_MENTION_TYPE" : "NONE",
      "SIRE_MENTION_CLASS" : "SPC"
    },
    "type" : "Attribute",
    "begin" : 41,
    "end" : 46,
    "inCoref" : false
  }, {
    "id" : "s1-m1",
    "properties" : {
      "SIRE_MENTION_ROLE" : "Product",
      "SIRE_ENTITY_SUBTYPE" : "NONE",
      "SIRE_MENTION_TYPE" : "NONE",
      "SIRE_MENTION_CLASS" : "SPC"
    },
    "type" : "Product",
    "begin" : 52,
    "end" : 55,
    "inCoref" : true
  } ],
  "relations" : [ {
    "id" : "s0-r1",
    "properties" : { },
    "type" : "propertyOf",
    "args" : [ "s0-m2", "s0-m1" ]
  }, {
    "id" : "s0-r2",
    "properties" : { },
    "type" : "propertyOf",
    "args" : [ "s0-m3", "s0-m1" ]
  } ],
  "corefs" : [ {
    "id" : "c1",
    "properties" : { },
    "mentions" : [ "s0-m1", "s1-m1" ]
  } ],
  "typeResolved" : true,
  "userResolved" : false
}