{
  "id" : "bc2e7dc0-32ab-11e8-9c9d-6505f4419106-42",
  "name" : "review_0710.json",
  "createdDate" : 0,
  "version" : 3,
  "text" : "I've purchased Nutiva in the past and have no complaints but now there is evidence that storing food in plastic can cause cancer because of the dioxin so I'm opting for the glass container.  Also a couple of months ago I purchased two of them for $13.00 now it's 26.00 so glad to see there are other brands in a glass container with the option to purchase only one at a reasonable price.",
  "docLength" : 0,
  "language" : "EN",
  "status" : "SUBMITTED",
  "modifiedDate" : 1522293177718,
  "documentSet" : [ ],
  "preannotation" : [ ],
  "sentences" : [ {
    "id" : "s0",
    "begin" : 0,
    "end" : 189,
    "text" : "I've purchased Nutiva in the past and have no complaints but now there is evidence that storing food in plastic can cause cancer because of the dioxin so I'm opting for the glass container.",
    "tokens" : [ {
      "id" : "s0-t0",
      "begin" : 0,
      "end" : 1,
      "text" : "I",
      "whiteSpace" : false
    }, {
      "id" : "s0-t1",
      "begin" : 1,
      "end" : 4,
      "text" : "'ve",
      "whiteSpace" : false
    }, {
      "id" : "s0-t2",
      "begin" : 5,
      "end" : 14,
      "text" : "purchased",
      "whiteSpace" : false
    }, {
      "id" : "s0-t3",
      "begin" : 15,
      "end" : 21,
      "text" : "Nutiva",
      "whiteSpace" : false
    }, {
      "id" : "s0-t4",
      "begin" : 22,
      "end" : 24,
      "text" : "in",
      "whiteSpace" : false
    }, {
      "id" : "s0-t5",
      "begin" : 25,
      "end" : 28,
      "text" : "the",
      "whiteSpace" : false
    }, {
      "id" : "s0-t6",
      "begin" : 29,
      "end" : 33,
      "text" : "past",
      "whiteSpace" : false
    }, {
      "id" : "s0-t7",
      "begin" : 34,
      "end" : 37,
      "text" : "and",
      "whiteSpace" : false
    }, {
      "id" : "s0-t8",
      "begin" : 38,
      "end" : 42,
      "text" : "have",
      "whiteSpace" : false
    }, {
      "id" : "s0-t9",
      "begin" : 43,
      "end" : 45,
      "text" : "no",
      "whiteSpace" : false
    }, {
      "id" : "s0-t10",
      "begin" : 46,
      "end" : 56,
      "text" : "complaints",
      "whiteSpace" : false
    }, {
      "id" : "s0-t11",
      "begin" : 57,
      "end" : 60,
      "text" : "but",
      "whiteSpace" : false
    }, {
      "id" : "s0-t12",
      "begin" : 61,
      "end" : 64,
      "text" : "now",
      "whiteSpace" : false
    }, {
      "id" : "s0-t13",
      "begin" : 65,
      "end" : 70,
      "text" : "there",
      "whiteSpace" : false
    }, {
      "id" : "s0-t14",
      "begin" : 71,
      "end" : 73,
      "text" : "is",
      "whiteSpace" : false
    }, {
      "id" : "s0-t15",
      "begin" : 74,
      "end" : 82,
      "text" : "evidence",
      "whiteSpace" : false
    }, {
      "id" : "s0-t16",
      "begin" : 83,
      "end" : 87,
      "text" : "that",
      "whiteSpace" : false
    }, {
      "id" : "s0-t17",
      "begin" : 88,
      "end" : 95,
      "text" : "storing",
      "whiteSpace" : false
    }, {
      "id" : "s0-t18",
      "begin" : 96,
      "end" : 100,
      "text" : "food",
      "whiteSpace" : false
    }, {
      "id" : "s0-t19",
      "begin" : 101,
      "end" : 103,
      "text" : "in",
      "whiteSpace" : false
    }, {
      "id" : "s0-t20",
      "begin" : 104,
      "end" : 111,
      "text" : "plastic",
      "whiteSpace" : false
    }, {
      "id" : "s0-t21",
      "begin" : 112,
      "end" : 115,
      "text" : "can",
      "whiteSpace" : false
    }, {
      "id" : "s0-t22",
      "begin" : 116,
      "end" : 121,
      "text" : "cause",
      "whiteSpace" : false
    }, {
      "id" : "s0-t23",
      "begin" : 122,
      "end" : 128,
      "text" : "cancer",
      "whiteSpace" : false
    }, {
      "id" : "s0-t24",
      "begin" : 129,
      "end" : 136,
      "text" : "because",
      "whiteSpace" : false
    }, {
      "id" : "s0-t25",
      "begin" : 137,
      "end" : 139,
      "text" : "of",
      "whiteSpace" : false
    }, {
      "id" : "s0-t26",
      "begin" : 140,
      "end" : 143,
      "text" : "the",
      "whiteSpace" : false
    }, {
      "id" : "s0-t27",
      "begin" : 144,
      "end" : 150,
      "text" : "dioxin",
      "whiteSpace" : false
    }, {
      "id" : "s0-t28",
      "begin" : 151,
      "end" : 153,
      "text" : "so",
      "whiteSpace" : false
    }, {
      "id" : "s0-t29",
      "begin" : 154,
      "end" : 155,
      "text" : "I",
      "whiteSpace" : false
    }, {
      "id" : "s0-t30",
      "begin" : 155,
      "end" : 157,
      "text" : "'m",
      "whiteSpace" : false
    }, {
      "id" : "s0-t31",
      "begin" : 158,
      "end" : 164,
      "text" : "opting",
      "whiteSpace" : false
    }, {
      "id" : "s0-t32",
      "begin" : 165,
      "end" : 168,
      "text" : "for",
      "whiteSpace" : false
    }, {
      "id" : "s0-t33",
      "begin" : 169,
      "end" : 172,
      "text" : "the",
      "whiteSpace" : false
    }, {
      "id" : "s0-t34",
      "begin" : 173,
      "end" : 178,
      "text" : "glass",
      "whiteSpace" : false
    }, {
      "id" : "s0-t35",
      "begin" : 179,
      "end" : 188,
      "text" : "container",
      "whiteSpace" : false
    }, {
      "id" : "s0-t36",
      "begin" : 188,
      "end" : 189,
      "text" : ".",
      "whiteSpace" : false
    } ]
  }, {
    "id" : "s1",
    "begin" : 191,
    "end" : 387,
    "text" : "Also a couple of months ago I purchased two of them for $13.00 now it's 26.00 so glad to see there are other brands in a glass container with the option to purchase only one at a reasonable price.",
    "tokens" : [ {
      "id" : "s1-t0",
      "begin" : 191,
      "end" : 195,
      "text" : "Also",
      "whiteSpace" : false
    }, {
      "id" : "s1-t1",
      "begin" : 196,
      "end" : 197,
      "text" : "a",
      "whiteSpace" : false
    }, {
      "id" : "s1-t2",
      "begin" : 198,
      "end" : 204,
      "text" : "couple",
      "whiteSpace" : false
    }, {
      "id" : "s1-t3",
      "begin" : 205,
      "end" : 207,
      "text" : "of",
      "whiteSpace" : false
    }, {
      "id" : "s1-t4",
      "begin" : 208,
      "end" : 214,
      "text" : "months",
      "whiteSpace" : false
    }, {
      "id" : "s1-t5",
      "begin" : 215,
      "end" : 218,
      "text" : "ago",
      "whiteSpace" : false
    }, {
      "id" : "s1-t6",
      "begin" : 219,
      "end" : 220,
      "text" : "I",
      "whiteSpace" : false
    }, {
      "id" : "s1-t7",
      "begin" : 221,
      "end" : 230,
      "text" : "purchased",
      "whiteSpace" : false
    }, {
      "id" : "s1-t8",
      "begin" : 231,
      "end" : 234,
      "text" : "two",
      "whiteSpace" : false
    }, {
      "id" : "s1-t9",
      "begin" : 235,
      "end" : 237,
      "text" : "of",
      "whiteSpace" : false
    }, {
      "id" : "s1-t10",
      "begin" : 238,
      "end" : 242,
      "text" : "them",
      "whiteSpace" : false
    }, {
      "id" : "s1-t11",
      "begin" : 243,
      "end" : 246,
      "text" : "for",
      "whiteSpace" : false
    }, {
      "id" : "s1-t12",
      "begin" : 247,
      "end" : 248,
      "text" : "$",
      "whiteSpace" : false
    }, {
      "id" : "s1-t13",
      "begin" : 248,
      "end" : 253,
      "text" : "13.00",
      "whiteSpace" : false
    }, {
      "id" : "s1-t14",
      "begin" : 254,
      "end" : 257,
      "text" : "now",
      "whiteSpace" : false
    }, {
      "id" : "s1-t15",
      "begin" : 258,
      "end" : 260,
      "text" : "it",
      "whiteSpace" : false
    }, {
      "id" : "s1-t16",
      "begin" : 260,
      "end" : 262,
      "text" : "'s",
      "whiteSpace" : false
    }, {
      "id" : "s1-t17",
      "begin" : 263,
      "end" : 268,
      "text" : "26.00",
      "whiteSpace" : false
    }, {
      "id" : "s1-t18",
      "begin" : 269,
      "end" : 271,
      "text" : "so",
      "whiteSpace" : false
    }, {
      "id" : "s1-t19",
      "begin" : 272,
      "end" : 276,
      "text" : "glad",
      "whiteSpace" : false
    }, {
      "id" : "s1-t20",
      "begin" : 277,
      "end" : 279,
      "text" : "to",
      "whiteSpace" : false
    }, {
      "id" : "s1-t21",
      "begin" : 280,
      "end" : 283,
      "text" : "see",
      "whiteSpace" : false
    }, {
      "id" : "s1-t22",
      "begin" : 284,
      "end" : 289,
      "text" : "there",
      "whiteSpace" : false
    }, {
      "id" : "s1-t23",
      "begin" : 290,
      "end" : 293,
      "text" : "are",
      "whiteSpace" : false
    }, {
      "id" : "s1-t24",
      "begin" : 294,
      "end" : 299,
      "text" : "other",
      "whiteSpace" : false
    }, {
      "id" : "s1-t25",
      "begin" : 300,
      "end" : 306,
      "text" : "brands",
      "whiteSpace" : false
    }, {
      "id" : "s1-t26",
      "begin" : 307,
      "end" : 309,
      "text" : "in",
      "whiteSpace" : false
    }, {
      "id" : "s1-t27",
      "begin" : 310,
      "end" : 311,
      "text" : "a",
      "whiteSpace" : false
    }, {
      "id" : "s1-t28",
      "begin" : 312,
      "end" : 317,
      "text" : "glass",
      "whiteSpace" : false
    }, {
      "id" : "s1-t29",
      "begin" : 318,
      "end" : 327,
      "text" : "container",
      "whiteSpace" : false
    }, {
      "id" : "s1-t30",
      "begin" : 328,
      "end" : 332,
      "text" : "with",
      "whiteSpace" : false
    }, {
      "id" : "s1-t31",
      "begin" : 333,
      "end" : 336,
      "text" : "the",
      "whiteSpace" : false
    }, {
      "id" : "s1-t32",
      "begin" : 337,
      "end" : 343,
      "text" : "option",
      "whiteSpace" : false
    }, {
      "id" : "s1-t33",
      "begin" : 344,
      "end" : 346,
      "text" : "to",
      "whiteSpace" : false
    }, {
      "id" : "s1-t34",
      "begin" : 347,
      "end" : 355,
      "text" : "purchase",
      "whiteSpace" : false
    }, {
      "id" : "s1-t35",
      "begin" : 356,
      "end" : 360,
      "text" : "only",
      "whiteSpace" : false
    }, {
      "id" : "s1-t36",
      "begin" : 361,
      "end" : 364,
      "text" : "one",
      "whiteSpace" : false
    }, {
      "id" : "s1-t37",
      "begin" : 365,
      "end" : 367,
      "text" : "at",
      "whiteSpace" : false
    }, {
      "id" : "s1-t38",
      "begin" : 368,
      "end" : 369,
      "text" : "a",
      "whiteSpace" : false
    }, {
      "id" : "s1-t39",
      "begin" : 370,
      "end" : 380,
      "text" : "reasonable",
      "whiteSpace" : false
    }, {
      "id" : "s1-t40",
      "begin" : 381,
      "end" : 386,
      "text" : "price",
      "whiteSpace" : false
    }, {
      "id" : "s1-t41",
      "begin" : 386,
      "end" : 387,
      "text" : ".",
      "whiteSpace" : false
    } ]
  } ],
  "mentions" : [ {
    "id" : "s0-m1",
    "properties" : {
      "SIRE_MENTION_ROLE" : "Product",
      "SIRE_ENTITY_SUBTYPE" : "NONE",
      "SIRE_MENTION_TYPE" : "NONE",
      "SIRE_MENTION_CLASS" : "SPC"
    },
    "type" : "Brand",
    "begin" : 15,
    "end" : 21,
    "inCoref" : false
  }, {
    "id" : "s1-m1",
    "properties" : {
      "SIRE_MENTION_ROLE" : "Product",
      "SIRE_ENTITY_SUBTYPE" : "NONE",
      "SIRE_MENTION_TYPE" : "NONE",
      "SIRE_MENTION_CLASS" : "SPC"
    },
    "type" : "Product",
    "begin" : 238,
    "end" : 242,
    "inCoref" : false
  }, {
    "id" : "s1-m2",
    "properties" : {
      "SIRE_MENTION_ROLE" : "Brand",
      "SIRE_ENTITY_SUBTYPE" : "NONE",
      "SIRE_MENTION_TYPE" : "NONE",
      "SIRE_MENTION_CLASS" : "SPC"
    },
    "type" : "Brand",
    "begin" : 300,
    "end" : 306,
    "inCoref" : false
  }, {
    "id" : "s1-m3",
    "properties" : {
      "SIRE_MENTION_ROLE" : "Product",
      "SIRE_ENTITY_SUBTYPE" : "NONE",
      "SIRE_MENTION_TYPE" : "NONE",
      "SIRE_MENTION_CLASS" : "SPC"
    },
    "type" : "Product",
    "begin" : 312,
    "end" : 327,
    "inCoref" : false
  } ],
  "relations" : [ ],
  "corefs" : [ ],
  "typeResolved" : true,
  "userResolved" : false
}