{
  "id" : "bc2e7dc0-32ab-11e8-9c9d-6505f4419106-23",
  "name" : "review_0386.json",
  "createdDate" : 0,
  "version" : 3,
  "text" : "This cappucino is so good that all the employees at my office are drinking this now and want me to order more! And I was going to try to keep it all to myself!",
  "docLength" : 0,
  "language" : "EN",
  "status" : "SUBMITTED",
  "modifiedDate" : 1522257381281,
  "documentSet" : [ ],
  "preannotation" : [ ],
  "sentences" : [ {
    "id" : "s0",
    "begin" : 0,
    "end" : 110,
    "text" : "This cappucino is so good that all the employees at my office are drinking this now and want me to order more!",
    "tokens" : [ {
      "id" : "s0-t0",
      "begin" : 0,
      "end" : 4,
      "text" : "This",
      "whiteSpace" : false
    }, {
      "id" : "s0-t1",
      "begin" : 5,
      "end" : 14,
      "text" : "cappucino",
      "whiteSpace" : false
    }, {
      "id" : "s0-t2",
      "begin" : 15,
      "end" : 17,
      "text" : "is",
      "whiteSpace" : false
    }, {
      "id" : "s0-t3",
      "begin" : 18,
      "end" : 20,
      "text" : "so",
      "whiteSpace" : false
    }, {
      "id" : "s0-t4",
      "begin" : 21,
      "end" : 25,
      "text" : "good",
      "whiteSpace" : false
    }, {
      "id" : "s0-t5",
      "begin" : 26,
      "end" : 30,
      "text" : "that",
      "whiteSpace" : false
    }, {
      "id" : "s0-t6",
      "begin" : 31,
      "end" : 34,
      "text" : "all",
      "whiteSpace" : false
    }, {
      "id" : "s0-t7",
      "begin" : 35,
      "end" : 38,
      "text" : "the",
      "whiteSpace" : false
    }, {
      "id" : "s0-t8",
      "begin" : 39,
      "end" : 48,
      "text" : "employees",
      "whiteSpace" : false
    }, {
      "id" : "s0-t9",
      "begin" : 49,
      "end" : 51,
      "text" : "at",
      "whiteSpace" : false
    }, {
      "id" : "s0-t10",
      "begin" : 52,
      "end" : 54,
      "text" : "my",
      "whiteSpace" : false
    }, {
      "id" : "s0-t11",
      "begin" : 55,
      "end" : 61,
      "text" : "office",
      "whiteSpace" : false
    }, {
      "id" : "s0-t12",
      "begin" : 62,
      "end" : 65,
      "text" : "are",
      "whiteSpace" : false
    }, {
      "id" : "s0-t13",
      "begin" : 66,
      "end" : 74,
      "text" : "drinking",
      "whiteSpace" : false
    }, {
      "id" : "s0-t14",
      "begin" : 75,
      "end" : 79,
      "text" : "this",
      "whiteSpace" : false
    }, {
      "id" : "s0-t15",
      "begin" : 80,
      "end" : 83,
      "text" : "now",
      "whiteSpace" : false
    }, {
      "id" : "s0-t16",
      "begin" : 84,
      "end" : 87,
      "text" : "and",
      "whiteSpace" : false
    }, {
      "id" : "s0-t17",
      "begin" : 88,
      "end" : 92,
      "text" : "want",
      "whiteSpace" : false
    }, {
      "id" : "s0-t18",
      "begin" : 93,
      "end" : 95,
      "text" : "me",
      "whiteSpace" : false
    }, {
      "id" : "s0-t19",
      "begin" : 96,
      "end" : 98,
      "text" : "to",
      "whiteSpace" : false
    }, {
      "id" : "s0-t20",
      "begin" : 99,
      "end" : 104,
      "text" : "order",
      "whiteSpace" : false
    }, {
      "id" : "s0-t21",
      "begin" : 105,
      "end" : 109,
      "text" : "more",
      "whiteSpace" : false
    }, {
      "id" : "s0-t22",
      "begin" : 109,
      "end" : 110,
      "text" : "!",
      "whiteSpace" : false
    } ]
  }, {
    "id" : "s1",
    "begin" : 111,
    "end" : 159,
    "text" : "And I was going to try to keep it all to myself!",
    "tokens" : [ {
      "id" : "s1-t0",
      "begin" : 111,
      "end" : 114,
      "text" : "And",
      "whiteSpace" : false
    }, {
      "id" : "s1-t1",
      "begin" : 115,
      "end" : 116,
      "text" : "I",
      "whiteSpace" : false
    }, {
      "id" : "s1-t2",
      "begin" : 117,
      "end" : 120,
      "text" : "was",
      "whiteSpace" : false
    }, {
      "id" : "s1-t3",
      "begin" : 121,
      "end" : 126,
      "text" : "going",
      "whiteSpace" : false
    }, {
      "id" : "s1-t4",
      "begin" : 127,
      "end" : 129,
      "text" : "to",
      "whiteSpace" : false
    }, {
      "id" : "s1-t5",
      "begin" : 130,
      "end" : 133,
      "text" : "try",
      "whiteSpace" : false
    }, {
      "id" : "s1-t6",
      "begin" : 134,
      "end" : 136,
      "text" : "to",
      "whiteSpace" : false
    }, {
      "id" : "s1-t7",
      "begin" : 137,
      "end" : 141,
      "text" : "keep",
      "whiteSpace" : false
    }, {
      "id" : "s1-t8",
      "begin" : 142,
      "end" : 144,
      "text" : "it",
      "whiteSpace" : false
    }, {
      "id" : "s1-t9",
      "begin" : 145,
      "end" : 148,
      "text" : "all",
      "whiteSpace" : false
    }, {
      "id" : "s1-t10",
      "begin" : 149,
      "end" : 151,
      "text" : "to",
      "whiteSpace" : false
    }, {
      "id" : "s1-t11",
      "begin" : 152,
      "end" : 158,
      "text" : "myself",
      "whiteSpace" : false
    }, {
      "id" : "s1-t12",
      "begin" : 158,
      "end" : 159,
      "text" : "!",
      "whiteSpace" : false
    } ]
  } ],
  "mentions" : [ {
    "id" : "m4",
    "properties" : {
      "SIRE_MENTION_ROLE" : "Product",
      "SIRE_ENTITY_SUBTYPE" : "NONE",
      "SIRE_MENTION_TYPE" : "NONE",
      "SIRE_MENTION_CLASS" : "SPC"
    },
    "type" : "Product",
    "begin" : 5,
    "end" : 14,
    "inCoref" : true
  }, {
    "id" : "m5",
    "properties" : {
      "SIRE_MENTION_ROLE" : "Product",
      "SIRE_ENTITY_SUBTYPE" : "NONE",
      "SIRE_MENTION_TYPE" : "NONE",
      "SIRE_MENTION_CLASS" : "SPC"
    },
    "type" : "Product",
    "begin" : 75,
    "end" : 79,
    "inCoref" : true
  }, {
    "id" : "m7",
    "properties" : {
      "SIRE_MENTION_ROLE" : "Product",
      "SIRE_ENTITY_SUBTYPE" : "NONE",
      "SIRE_MENTION_TYPE" : "NONE",
      "SIRE_MENTION_CLASS" : "SPC"
    },
    "type" : "Product",
    "begin" : 142,
    "end" : 144,
    "inCoref" : true
  } ],
  "relations" : [ ],
  "corefs" : [ {
    "id" : "c1",
    "originUser" : "anamani_think@yahoo.com",
    "properties" : { },
    "mentions" : [ "m4", "m7", "m5" ]
  } ],
  "typeResolved" : true,
  "userResolved" : false
}