{
  "id" : "bc2e7dc0-32ab-11e8-9c9d-6505f4419106-14",
  "name" : "review_0214.json",
  "createdDate" : 0,
  "version" : 3,
  "text" : "I have subsribed to the monthly shipment of Greenies 27 oz canister teenie 96 count product and each month the price increases.  If i sign up today the price drops to $19.94.  Why the increase?  Seems like they lock you in for a scheduled order and then take advantage of you hoping that you won't notice the price increases.<br /><br />The product is great and my dogs love them but the business practice of the price hikes is terrible.",
  "docLength" : 0,
  "language" : "EN",
  "status" : "SUBMITTED",
  "modifiedDate" : 1522281904027,
  "documentSet" : [ ],
  "preannotation" : [ ],
  "sentences" : [ {
    "id" : "s0",
    "begin" : 0,
    "end" : 127,
    "text" : "I have subsribed to the monthly shipment of Greenies 27 oz canister teenie 96 count product and each month the price increases.",
    "tokens" : [ {
      "id" : "s0-t0",
      "begin" : 0,
      "end" : 1,
      "text" : "I",
      "whiteSpace" : false
    }, {
      "id" : "s0-t1",
      "begin" : 2,
      "end" : 6,
      "text" : "have",
      "whiteSpace" : false
    }, {
      "id" : "s0-t2",
      "begin" : 7,
      "end" : 16,
      "text" : "subsribed",
      "whiteSpace" : false
    }, {
      "id" : "s0-t3",
      "begin" : 17,
      "end" : 19,
      "text" : "to",
      "whiteSpace" : false
    }, {
      "id" : "s0-t4",
      "begin" : 20,
      "end" : 23,
      "text" : "the",
      "whiteSpace" : false
    }, {
      "id" : "s0-t5",
      "begin" : 24,
      "end" : 31,
      "text" : "monthly",
      "whiteSpace" : false
    }, {
      "id" : "s0-t6",
      "begin" : 32,
      "end" : 40,
      "text" : "shipment",
      "whiteSpace" : false
    }, {
      "id" : "s0-t7",
      "begin" : 41,
      "end" : 43,
      "text" : "of",
      "whiteSpace" : false
    }, {
      "id" : "s0-t8",
      "begin" : 44,
      "end" : 52,
      "text" : "Greenies",
      "whiteSpace" : false
    }, {
      "id" : "s0-t9",
      "begin" : 53,
      "end" : 55,
      "text" : "27",
      "whiteSpace" : false
    }, {
      "id" : "s0-t10",
      "begin" : 56,
      "end" : 58,
      "text" : "oz",
      "whiteSpace" : false
    }, {
      "id" : "s0-t11",
      "begin" : 59,
      "end" : 67,
      "text" : "canister",
      "whiteSpace" : false
    }, {
      "id" : "s0-t12",
      "begin" : 68,
      "end" : 74,
      "text" : "teenie",
      "whiteSpace" : false
    }, {
      "id" : "s0-t13",
      "begin" : 75,
      "end" : 77,
      "text" : "96",
      "whiteSpace" : false
    }, {
      "id" : "s0-t14",
      "begin" : 78,
      "end" : 83,
      "text" : "count",
      "whiteSpace" : false
    }, {
      "id" : "s0-t15",
      "begin" : 84,
      "end" : 91,
      "text" : "product",
      "whiteSpace" : false
    }, {
      "id" : "s0-t16",
      "begin" : 92,
      "end" : 95,
      "text" : "and",
      "whiteSpace" : false
    }, {
      "id" : "s0-t17",
      "begin" : 96,
      "end" : 100,
      "text" : "each",
      "whiteSpace" : false
    }, {
      "id" : "s0-t18",
      "begin" : 101,
      "end" : 106,
      "text" : "month",
      "whiteSpace" : false
    }, {
      "id" : "s0-t19",
      "begin" : 107,
      "end" : 110,
      "text" : "the",
      "whiteSpace" : false
    }, {
      "id" : "s0-t20",
      "begin" : 111,
      "end" : 116,
      "text" : "price",
      "whiteSpace" : false
    }, {
      "id" : "s0-t21",
      "begin" : 117,
      "end" : 126,
      "text" : "increases",
      "whiteSpace" : false
    }, {
      "id" : "s0-t22",
      "begin" : 126,
      "end" : 127,
      "text" : ".",
      "whiteSpace" : false
    } ]
  }, {
    "id" : "s1",
    "begin" : 129,
    "end" : 174,
    "text" : "If i sign up today the price drops to $19.94.",
    "tokens" : [ {
      "id" : "s1-t0",
      "begin" : 129,
      "end" : 131,
      "text" : "If",
      "whiteSpace" : false
    }, {
      "id" : "s1-t1",
      "begin" : 132,
      "end" : 133,
      "text" : "i",
      "whiteSpace" : false
    }, {
      "id" : "s1-t2",
      "begin" : 134,
      "end" : 138,
      "text" : "sign",
      "whiteSpace" : false
    }, {
      "id" : "s1-t3",
      "begin" : 139,
      "end" : 141,
      "text" : "up",
      "whiteSpace" : false
    }, {
      "id" : "s1-t4",
      "begin" : 142,
      "end" : 147,
      "text" : "today",
      "whiteSpace" : false
    }, {
      "id" : "s1-t5",
      "begin" : 148,
      "end" : 151,
      "text" : "the",
      "whiteSpace" : false
    }, {
      "id" : "s1-t6",
      "begin" : 152,
      "end" : 157,
      "text" : "price",
      "whiteSpace" : false
    }, {
      "id" : "s1-t7",
      "begin" : 158,
      "end" : 163,
      "text" : "drops",
      "whiteSpace" : false
    }, {
      "id" : "s1-t8",
      "begin" : 164,
      "end" : 166,
      "text" : "to",
      "whiteSpace" : false
    }, {
      "id" : "s1-t9",
      "begin" : 167,
      "end" : 168,
      "text" : "$",
      "whiteSpace" : false
    }, {
      "id" : "s1-t10",
      "begin" : 168,
      "end" : 173,
      "text" : "19.94",
      "whiteSpace" : false
    }, {
      "id" : "s1-t11",
      "begin" : 173,
      "end" : 174,
      "text" : ".",
      "whiteSpace" : false
    } ]
  }, {
    "id" : "s2",
    "begin" : 176,
    "end" : 193,
    "text" : "Why the increase?",
    "tokens" : [ {
      "id" : "s2-t0",
      "begin" : 176,
      "end" : 179,
      "text" : "Why",
      "whiteSpace" : false
    }, {
      "id" : "s2-t1",
      "begin" : 180,
      "end" : 183,
      "text" : "the",
      "whiteSpace" : false
    }, {
      "id" : "s2-t2",
      "begin" : 184,
      "end" : 192,
      "text" : "increase",
      "whiteSpace" : false
    }, {
      "id" : "s2-t3",
      "begin" : 192,
      "end" : 193,
      "text" : "?",
      "whiteSpace" : false
    } ]
  }, {
    "id" : "s3",
    "begin" : 195,
    "end" : 325,
    "text" : "Seems like they lock you in for a scheduled order and then take advantage of you hoping that you won't notice the price increases.",
    "tokens" : [ {
      "id" : "s3-t0",
      "begin" : 195,
      "end" : 200,
      "text" : "Seems",
      "whiteSpace" : false
    }, {
      "id" : "s3-t1",
      "begin" : 201,
      "end" : 205,
      "text" : "like",
      "whiteSpace" : false
    }, {
      "id" : "s3-t2",
      "begin" : 206,
      "end" : 210,
      "text" : "they",
      "whiteSpace" : false
    }, {
      "id" : "s3-t3",
      "begin" : 211,
      "end" : 215,
      "text" : "lock",
      "whiteSpace" : false
    }, {
      "id" : "s3-t4",
      "begin" : 216,
      "end" : 219,
      "text" : "you",
      "whiteSpace" : false
    }, {
      "id" : "s3-t5",
      "begin" : 220,
      "end" : 222,
      "text" : "in",
      "whiteSpace" : false
    }, {
      "id" : "s3-t6",
      "begin" : 223,
      "end" : 226,
      "text" : "for",
      "whiteSpace" : false
    }, {
      "id" : "s3-t7",
      "begin" : 227,
      "end" : 228,
      "text" : "a",
      "whiteSpace" : false
    }, {
      "id" : "s3-t8",
      "begin" : 229,
      "end" : 238,
      "text" : "scheduled",
      "whiteSpace" : false
    }, {
      "id" : "s3-t9",
      "begin" : 239,
      "end" : 244,
      "text" : "order",
      "whiteSpace" : false
    }, {
      "id" : "s3-t10",
      "begin" : 245,
      "end" : 248,
      "text" : "and",
      "whiteSpace" : false
    }, {
      "id" : "s3-t11",
      "begin" : 249,
      "end" : 253,
      "text" : "then",
      "whiteSpace" : false
    }, {
      "id" : "s3-t12",
      "begin" : 254,
      "end" : 258,
      "text" : "take",
      "whiteSpace" : false
    }, {
      "id" : "s3-t13",
      "begin" : 259,
      "end" : 268,
      "text" : "advantage",
      "whiteSpace" : false
    }, {
      "id" : "s3-t14",
      "begin" : 269,
      "end" : 271,
      "text" : "of",
      "whiteSpace" : false
    }, {
      "id" : "s3-t15",
      "begin" : 272,
      "end" : 275,
      "text" : "you",
      "whiteSpace" : false
    }, {
      "id" : "s3-t16",
      "begin" : 276,
      "end" : 282,
      "text" : "hoping",
      "whiteSpace" : false
    }, {
      "id" : "s3-t17",
      "begin" : 283,
      "end" : 287,
      "text" : "that",
      "whiteSpace" : false
    }, {
      "id" : "s3-t18",
      "begin" : 288,
      "end" : 291,
      "text" : "you",
      "whiteSpace" : false
    }, {
      "id" : "s3-t19",
      "begin" : 292,
      "end" : 294,
      "text" : "wo",
      "whiteSpace" : false
    }, {
      "id" : "s3-t20",
      "begin" : 294,
      "end" : 297,
      "text" : "n't",
      "whiteSpace" : false
    }, {
      "id" : "s3-t21",
      "begin" : 298,
      "end" : 304,
      "text" : "notice",
      "whiteSpace" : false
    }, {
      "id" : "s3-t22",
      "begin" : 305,
      "end" : 308,
      "text" : "the",
      "whiteSpace" : false
    }, {
      "id" : "s3-t23",
      "begin" : 309,
      "end" : 314,
      "text" : "price",
      "whiteSpace" : false
    }, {
      "id" : "s3-t24",
      "begin" : 315,
      "end" : 324,
      "text" : "increases",
      "whiteSpace" : false
    }, {
      "id" : "s3-t25",
      "begin" : 324,
      "end" : 325,
      "text" : ".",
      "whiteSpace" : false
    } ]
  }, {
    "id" : "s4",
    "begin" : 325,
    "end" : 437,
    "text" : "<br /><br />The product is great and my dogs love them but the business practice of the price hikes is terrible.",
    "tokens" : [ {
      "id" : "s4-t0",
      "begin" : 325,
      "end" : 328,
      "text" : "<br",
      "whiteSpace" : false
    }, {
      "id" : "s4-t1",
      "begin" : 329,
      "end" : 331,
      "text" : "/>",
      "whiteSpace" : false
    }, {
      "id" : "s4-t2",
      "begin" : 331,
      "end" : 334,
      "text" : "<br",
      "whiteSpace" : false
    }, {
      "id" : "s4-t3",
      "begin" : 335,
      "end" : 337,
      "text" : "/>",
      "whiteSpace" : false
    }, {
      "id" : "s4-t4",
      "begin" : 337,
      "end" : 340,
      "text" : "The",
      "whiteSpace" : false
    }, {
      "id" : "s4-t5",
      "begin" : 341,
      "end" : 348,
      "text" : "product",
      "whiteSpace" : false
    }, {
      "id" : "s4-t6",
      "begin" : 349,
      "end" : 351,
      "text" : "is",
      "whiteSpace" : false
    }, {
      "id" : "s4-t7",
      "begin" : 352,
      "end" : 357,
      "text" : "great",
      "whiteSpace" : false
    }, {
      "id" : "s4-t8",
      "begin" : 358,
      "end" : 361,
      "text" : "and",
      "whiteSpace" : false
    }, {
      "id" : "s4-t9",
      "begin" : 362,
      "end" : 364,
      "text" : "my",
      "whiteSpace" : false
    }, {
      "id" : "s4-t10",
      "begin" : 365,
      "end" : 369,
      "text" : "dogs",
      "whiteSpace" : false
    }, {
      "id" : "s4-t11",
      "begin" : 370,
      "end" : 374,
      "text" : "love",
      "whiteSpace" : false
    }, {
      "id" : "s4-t12",
      "begin" : 375,
      "end" : 379,
      "text" : "them",
      "whiteSpace" : false
    }, {
      "id" : "s4-t13",
      "begin" : 380,
      "end" : 383,
      "text" : "but",
      "whiteSpace" : false
    }, {
      "id" : "s4-t14",
      "begin" : 384,
      "end" : 387,
      "text" : "the",
      "whiteSpace" : false
    }, {
      "id" : "s4-t15",
      "begin" : 388,
      "end" : 396,
      "text" : "business",
      "whiteSpace" : false
    }, {
      "id" : "s4-t16",
      "begin" : 397,
      "end" : 405,
      "text" : "practice",
      "whiteSpace" : false
    }, {
      "id" : "s4-t17",
      "begin" : 406,
      "end" : 408,
      "text" : "of",
      "whiteSpace" : false
    }, {
      "id" : "s4-t18",
      "begin" : 409,
      "end" : 412,
      "text" : "the",
      "whiteSpace" : false
    }, {
      "id" : "s4-t19",
      "begin" : 413,
      "end" : 418,
      "text" : "price",
      "whiteSpace" : false
    }, {
      "id" : "s4-t20",
      "begin" : 419,
      "end" : 424,
      "text" : "hikes",
      "whiteSpace" : false
    }, {
      "id" : "s4-t21",
      "begin" : 425,
      "end" : 427,
      "text" : "is",
      "whiteSpace" : false
    }, {
      "id" : "s4-t22",
      "begin" : 428,
      "end" : 436,
      "text" : "terrible",
      "whiteSpace" : false
    }, {
      "id" : "s4-t23",
      "begin" : 436,
      "end" : 437,
      "text" : ".",
      "whiteSpace" : false
    } ]
  } ],
  "mentions" : [ {
    "id" : "s0-m1",
    "properties" : {
      "SIRE_MENTION_ROLE" : "Brand",
      "SIRE_ENTITY_SUBTYPE" : "NONE",
      "SIRE_MENTION_TYPE" : "NONE",
      "SIRE_MENTION_CLASS" : "SPC"
    },
    "type" : "Brand",
    "begin" : 44,
    "end" : 52,
    "inCoref" : false
  }, {
    "id" : "s0-m4",
    "properties" : {
      "SIRE_MENTION_ROLE" : "Attribute",
      "SIRE_ENTITY_SUBTYPE" : "NONE",
      "SIRE_MENTION_TYPE" : "NONE",
      "SIRE_MENTION_CLASS" : "SPC"
    },
    "type" : "Attribute",
    "begin" : 53,
    "end" : 74,
    "inCoref" : false
  }, {
    "id" : "s0-m3",
    "properties" : {
      "SIRE_MENTION_ROLE" : "Attribute",
      "SIRE_ENTITY_SUBTYPE" : "NONE",
      "SIRE_MENTION_TYPE" : "NONE",
      "SIRE_MENTION_CLASS" : "SPC"
    },
    "type" : "Attribute",
    "begin" : 75,
    "end" : 83,
    "inCoref" : false
  }, {
    "id" : "s0-m5",
    "properties" : {
      "SIRE_MENTION_ROLE" : "Product",
      "SIRE_ENTITY_SUBTYPE" : "NONE",
      "SIRE_MENTION_TYPE" : "NONE",
      "SIRE_MENTION_CLASS" : "SPC"
    },
    "type" : "Product",
    "begin" : 84,
    "end" : 91,
    "inCoref" : true
  }, {
    "id" : "s4-m1",
    "properties" : {
      "SIRE_MENTION_ROLE" : "Product",
      "SIRE_ENTITY_SUBTYPE" : "NONE",
      "SIRE_MENTION_TYPE" : "NONE",
      "SIRE_MENTION_CLASS" : "SPC"
    },
    "type" : "Product",
    "begin" : 341,
    "end" : 348,
    "inCoref" : true
  }, {
    "id" : "s4-m2",
    "properties" : {
      "SIRE_MENTION_ROLE" : "Product",
      "SIRE_ENTITY_SUBTYPE" : "NONE",
      "SIRE_MENTION_TYPE" : "NONE",
      "SIRE_MENTION_CLASS" : "SPC"
    },
    "type" : "Product",
    "begin" : 375,
    "end" : 379,
    "inCoref" : true
  } ],
  "relations" : [ {
    "id" : "s0-r1",
    "properties" : { },
    "type" : "brandOf",
    "args" : [ "s0-m1", "s0-m5" ]
  }, {
    "id" : "s0-r2",
    "properties" : { },
    "type" : "propertyOf",
    "args" : [ "s0-m4", "s0-m5" ]
  }, {
    "id" : "s0-r3",
    "properties" : { },
    "type" : "propertyOf",
    "args" : [ "s0-m3", "s0-m5" ]
  } ],
  "corefs" : [ {
    "id" : "c1",
    "properties" : { },
    "mentions" : [ "s0-m5", "s4-m1", "s4-m2" ]
  } ],
  "typeResolved" : true,
  "userResolved" : false
}