{
  "id" : "bc2e7dc0-32ab-11e8-9c9d-6505f4419106-78",
  "name" : "review_1264.json",
  "createdDate" : 0,
  "version" : 3,
  "text" : "I have a bag of Popchips everyday with lunch. So needless to say I love Popchips. When I saw a new flavor available on Amazon of course I had to try it. Chili Lime sounded interesting, and it is indeed an interesting flavor. There is a big hint of lime along with the \"chili\" flavor which is hard to explain. I think this is one of those things that you just have to try for yourself if it sounds interesting. They're decent enough that I will finish off the box, but I can't say I would buy this flavor again.",
  "docLength" : 0,
  "language" : "EN",
  "status" : "SUBMITTED",
  "modifiedDate" : 1522290147672,
  "documentSet" : [ ],
  "preannotation" : [ ],
  "sentences" : [ {
    "id" : "s0",
    "begin" : 0,
    "end" : 45,
    "text" : "I have a bag of Popchips everyday with lunch.",
    "tokens" : [ {
      "id" : "s0-t0",
      "begin" : 0,
      "end" : 1,
      "text" : "I",
      "whiteSpace" : false
    }, {
      "id" : "s0-t1",
      "begin" : 2,
      "end" : 6,
      "text" : "have",
      "whiteSpace" : false
    }, {
      "id" : "s0-t2",
      "begin" : 7,
      "end" : 8,
      "text" : "a",
      "whiteSpace" : false
    }, {
      "id" : "s0-t3",
      "begin" : 9,
      "end" : 12,
      "text" : "bag",
      "whiteSpace" : false
    }, {
      "id" : "s0-t4",
      "begin" : 13,
      "end" : 15,
      "text" : "of",
      "whiteSpace" : false
    }, {
      "id" : "s0-t5",
      "begin" : 16,
      "end" : 24,
      "text" : "Popchips",
      "whiteSpace" : false
    }, {
      "id" : "s0-t6",
      "begin" : 25,
      "end" : 33,
      "text" : "everyday",
      "whiteSpace" : false
    }, {
      "id" : "s0-t7",
      "begin" : 34,
      "end" : 38,
      "text" : "with",
      "whiteSpace" : false
    }, {
      "id" : "s0-t8",
      "begin" : 39,
      "end" : 44,
      "text" : "lunch",
      "whiteSpace" : false
    }, {
      "id" : "s0-t9",
      "begin" : 44,
      "end" : 45,
      "text" : ".",
      "whiteSpace" : false
    } ]
  }, {
    "id" : "s1",
    "begin" : 46,
    "end" : 81,
    "text" : "So needless to say I love Popchips.",
    "tokens" : [ {
      "id" : "s1-t0",
      "begin" : 46,
      "end" : 48,
      "text" : "So",
      "whiteSpace" : false
    }, {
      "id" : "s1-t1",
      "begin" : 49,
      "end" : 57,
      "text" : "needless",
      "whiteSpace" : false
    }, {
      "id" : "s1-t2",
      "begin" : 58,
      "end" : 60,
      "text" : "to",
      "whiteSpace" : false
    }, {
      "id" : "s1-t3",
      "begin" : 61,
      "end" : 64,
      "text" : "say",
      "whiteSpace" : false
    }, {
      "id" : "s1-t4",
      "begin" : 65,
      "end" : 66,
      "text" : "I",
      "whiteSpace" : false
    }, {
      "id" : "s1-t5",
      "begin" : 67,
      "end" : 71,
      "text" : "love",
      "whiteSpace" : false
    }, {
      "id" : "s1-t6",
      "begin" : 72,
      "end" : 80,
      "text" : "Popchips",
      "whiteSpace" : false
    }, {
      "id" : "s1-t7",
      "begin" : 80,
      "end" : 81,
      "text" : ".",
      "whiteSpace" : false
    } ]
  }, {
    "id" : "s2",
    "begin" : 82,
    "end" : 152,
    "text" : "When I saw a new flavor available on Amazon of course I had to try it.",
    "tokens" : [ {
      "id" : "s2-t0",
      "begin" : 82,
      "end" : 86,
      "text" : "When",
      "whiteSpace" : false
    }, {
      "id" : "s2-t1",
      "begin" : 87,
      "end" : 88,
      "text" : "I",
      "whiteSpace" : false
    }, {
      "id" : "s2-t2",
      "begin" : 89,
      "end" : 92,
      "text" : "saw",
      "whiteSpace" : false
    }, {
      "id" : "s2-t3",
      "begin" : 93,
      "end" : 94,
      "text" : "a",
      "whiteSpace" : false
    }, {
      "id" : "s2-t4",
      "begin" : 95,
      "end" : 98,
      "text" : "new",
      "whiteSpace" : false
    }, {
      "id" : "s2-t5",
      "begin" : 99,
      "end" : 105,
      "text" : "flavor",
      "whiteSpace" : false
    }, {
      "id" : "s2-t6",
      "begin" : 106,
      "end" : 115,
      "text" : "available",
      "whiteSpace" : false
    }, {
      "id" : "s2-t7",
      "begin" : 116,
      "end" : 118,
      "text" : "on",
      "whiteSpace" : false
    }, {
      "id" : "s2-t8",
      "begin" : 119,
      "end" : 125,
      "text" : "Amazon",
      "whiteSpace" : false
    }, {
      "id" : "s2-t9",
      "begin" : 126,
      "end" : 128,
      "text" : "of",
      "whiteSpace" : false
    }, {
      "id" : "s2-t10",
      "begin" : 129,
      "end" : 135,
      "text" : "course",
      "whiteSpace" : false
    }, {
      "id" : "s2-t11",
      "begin" : 136,
      "end" : 137,
      "text" : "I",
      "whiteSpace" : false
    }, {
      "id" : "s2-t12",
      "begin" : 138,
      "end" : 141,
      "text" : "had",
      "whiteSpace" : false
    }, {
      "id" : "s2-t13",
      "begin" : 142,
      "end" : 144,
      "text" : "to",
      "whiteSpace" : false
    }, {
      "id" : "s2-t14",
      "begin" : 145,
      "end" : 148,
      "text" : "try",
      "whiteSpace" : false
    }, {
      "id" : "s2-t15",
      "begin" : 149,
      "end" : 151,
      "text" : "it",
      "whiteSpace" : false
    }, {
      "id" : "s2-t16",
      "begin" : 151,
      "end" : 152,
      "text" : ".",
      "whiteSpace" : false
    } ]
  }, {
    "id" : "s3",
    "begin" : 153,
    "end" : 224,
    "text" : "Chili Lime sounded interesting, and it is indeed an interesting flavor.",
    "tokens" : [ {
      "id" : "s3-t0",
      "begin" : 153,
      "end" : 158,
      "text" : "Chili",
      "whiteSpace" : false
    }, {
      "id" : "s3-t1",
      "begin" : 159,
      "end" : 163,
      "text" : "Lime",
      "whiteSpace" : false
    }, {
      "id" : "s3-t2",
      "begin" : 164,
      "end" : 171,
      "text" : "sounded",
      "whiteSpace" : false
    }, {
      "id" : "s3-t3",
      "begin" : 172,
      "end" : 183,
      "text" : "interesting",
      "whiteSpace" : false
    }, {
      "id" : "s3-t4",
      "begin" : 183,
      "end" : 184,
      "text" : ",",
      "whiteSpace" : false
    }, {
      "id" : "s3-t5",
      "begin" : 185,
      "end" : 188,
      "text" : "and",
      "whiteSpace" : false
    }, {
      "id" : "s3-t6",
      "begin" : 189,
      "end" : 191,
      "text" : "it",
      "whiteSpace" : false
    }, {
      "id" : "s3-t7",
      "begin" : 192,
      "end" : 194,
      "text" : "is",
      "whiteSpace" : false
    }, {
      "id" : "s3-t8",
      "begin" : 195,
      "end" : 201,
      "text" : "indeed",
      "whiteSpace" : false
    }, {
      "id" : "s3-t9",
      "begin" : 202,
      "end" : 204,
      "text" : "an",
      "whiteSpace" : false
    }, {
      "id" : "s3-t10",
      "begin" : 205,
      "end" : 216,
      "text" : "interesting",
      "whiteSpace" : false
    }, {
      "id" : "s3-t11",
      "begin" : 217,
      "end" : 223,
      "text" : "flavor",
      "whiteSpace" : false
    }, {
      "id" : "s3-t12",
      "begin" : 223,
      "end" : 224,
      "text" : ".",
      "whiteSpace" : false
    } ]
  }, {
    "id" : "s4",
    "begin" : 225,
    "end" : 308,
    "text" : "There is a big hint of lime along with the \"chili\" flavor which is hard to explain.",
    "tokens" : [ {
      "id" : "s4-t0",
      "begin" : 225,
      "end" : 230,
      "text" : "There",
      "whiteSpace" : false
    }, {
      "id" : "s4-t1",
      "begin" : 231,
      "end" : 233,
      "text" : "is",
      "whiteSpace" : false
    }, {
      "id" : "s4-t2",
      "begin" : 234,
      "end" : 235,
      "text" : "a",
      "whiteSpace" : false
    }, {
      "id" : "s4-t3",
      "begin" : 236,
      "end" : 239,
      "text" : "big",
      "whiteSpace" : false
    }, {
      "id" : "s4-t4",
      "begin" : 240,
      "end" : 244,
      "text" : "hint",
      "whiteSpace" : false
    }, {
      "id" : "s4-t5",
      "begin" : 245,
      "end" : 247,
      "text" : "of",
      "whiteSpace" : false
    }, {
      "id" : "s4-t6",
      "begin" : 248,
      "end" : 252,
      "text" : "lime",
      "whiteSpace" : false
    }, {
      "id" : "s4-t7",
      "begin" : 253,
      "end" : 258,
      "text" : "along",
      "whiteSpace" : false
    }, {
      "id" : "s4-t8",
      "begin" : 259,
      "end" : 263,
      "text" : "with",
      "whiteSpace" : false
    }, {
      "id" : "s4-t9",
      "begin" : 264,
      "end" : 267,
      "text" : "the",
      "whiteSpace" : false
    }, {
      "id" : "s4-t10",
      "begin" : 268,
      "end" : 269,
      "text" : "\"",
      "whiteSpace" : false
    }, {
      "id" : "s4-t11",
      "begin" : 269,
      "end" : 274,
      "text" : "chili",
      "whiteSpace" : false
    }, {
      "id" : "s4-t12",
      "begin" : 274,
      "end" : 275,
      "text" : "\"",
      "whiteSpace" : false
    }, {
      "id" : "s4-t13",
      "begin" : 276,
      "end" : 282,
      "text" : "flavor",
      "whiteSpace" : false
    }, {
      "id" : "s4-t14",
      "begin" : 283,
      "end" : 288,
      "text" : "which",
      "whiteSpace" : false
    }, {
      "id" : "s4-t15",
      "begin" : 289,
      "end" : 291,
      "text" : "is",
      "whiteSpace" : false
    }, {
      "id" : "s4-t16",
      "begin" : 292,
      "end" : 296,
      "text" : "hard",
      "whiteSpace" : false
    }, {
      "id" : "s4-t17",
      "begin" : 297,
      "end" : 299,
      "text" : "to",
      "whiteSpace" : false
    }, {
      "id" : "s4-t18",
      "begin" : 300,
      "end" : 307,
      "text" : "explain",
      "whiteSpace" : false
    }, {
      "id" : "s4-t19",
      "begin" : 307,
      "end" : 308,
      "text" : ".",
      "whiteSpace" : false
    } ]
  }, {
    "id" : "s5",
    "begin" : 309,
    "end" : 409,
    "text" : "I think this is one of those things that you just have to try for yourself if it sounds interesting.",
    "tokens" : [ {
      "id" : "s5-t0",
      "begin" : 309,
      "end" : 310,
      "text" : "I",
      "whiteSpace" : false
    }, {
      "id" : "s5-t1",
      "begin" : 311,
      "end" : 316,
      "text" : "think",
      "whiteSpace" : false
    }, {
      "id" : "s5-t2",
      "begin" : 317,
      "end" : 321,
      "text" : "this",
      "whiteSpace" : false
    }, {
      "id" : "s5-t3",
      "begin" : 322,
      "end" : 324,
      "text" : "is",
      "whiteSpace" : false
    }, {
      "id" : "s5-t4",
      "begin" : 325,
      "end" : 328,
      "text" : "one",
      "whiteSpace" : false
    }, {
      "id" : "s5-t5",
      "begin" : 329,
      "end" : 331,
      "text" : "of",
      "whiteSpace" : false
    }, {
      "id" : "s5-t6",
      "begin" : 332,
      "end" : 337,
      "text" : "those",
      "whiteSpace" : false
    }, {
      "id" : "s5-t7",
      "begin" : 338,
      "end" : 344,
      "text" : "things",
      "whiteSpace" : false
    }, {
      "id" : "s5-t8",
      "begin" : 345,
      "end" : 349,
      "text" : "that",
      "whiteSpace" : false
    }, {
      "id" : "s5-t9",
      "begin" : 350,
      "end" : 353,
      "text" : "you",
      "whiteSpace" : false
    }, {
      "id" : "s5-t10",
      "begin" : 354,
      "end" : 358,
      "text" : "just",
      "whiteSpace" : false
    }, {
      "id" : "s5-t11",
      "begin" : 359,
      "end" : 363,
      "text" : "have",
      "whiteSpace" : false
    }, {
      "id" : "s5-t12",
      "begin" : 364,
      "end" : 366,
      "text" : "to",
      "whiteSpace" : false
    }, {
      "id" : "s5-t13",
      "begin" : 367,
      "end" : 370,
      "text" : "try",
      "whiteSpace" : false
    }, {
      "id" : "s5-t14",
      "begin" : 371,
      "end" : 374,
      "text" : "for",
      "whiteSpace" : false
    }, {
      "id" : "s5-t15",
      "begin" : 375,
      "end" : 383,
      "text" : "yourself",
      "whiteSpace" : false
    }, {
      "id" : "s5-t16",
      "begin" : 384,
      "end" : 386,
      "text" : "if",
      "whiteSpace" : false
    }, {
      "id" : "s5-t17",
      "begin" : 387,
      "end" : 389,
      "text" : "it",
      "whiteSpace" : false
    }, {
      "id" : "s5-t18",
      "begin" : 390,
      "end" : 396,
      "text" : "sounds",
      "whiteSpace" : false
    }, {
      "id" : "s5-t19",
      "begin" : 397,
      "end" : 408,
      "text" : "interesting",
      "whiteSpace" : false
    }, {
      "id" : "s5-t20",
      "begin" : 408,
      "end" : 409,
      "text" : ".",
      "whiteSpace" : false
    } ]
  }, {
    "id" : "s6",
    "begin" : 410,
    "end" : 510,
    "text" : "They're decent enough that I will finish off the box, but I can't say I would buy this flavor again.",
    "tokens" : [ {
      "id" : "s6-t0",
      "begin" : 410,
      "end" : 414,
      "text" : "They",
      "whiteSpace" : false
    }, {
      "id" : "s6-t1",
      "begin" : 414,
      "end" : 417,
      "text" : "'re",
      "whiteSpace" : false
    }, {
      "id" : "s6-t2",
      "begin" : 418,
      "end" : 424,
      "text" : "decent",
      "whiteSpace" : false
    }, {
      "id" : "s6-t3",
      "begin" : 425,
      "end" : 431,
      "text" : "enough",
      "whiteSpace" : false
    }, {
      "id" : "s6-t4",
      "begin" : 432,
      "end" : 436,
      "text" : "that",
      "whiteSpace" : false
    }, {
      "id" : "s6-t5",
      "begin" : 437,
      "end" : 438,
      "text" : "I",
      "whiteSpace" : false
    }, {
      "id" : "s6-t6",
      "begin" : 439,
      "end" : 443,
      "text" : "will",
      "whiteSpace" : false
    }, {
      "id" : "s6-t7",
      "begin" : 444,
      "end" : 450,
      "text" : "finish",
      "whiteSpace" : false
    }, {
      "id" : "s6-t8",
      "begin" : 451,
      "end" : 454,
      "text" : "off",
      "whiteSpace" : false
    }, {
      "id" : "s6-t9",
      "begin" : 455,
      "end" : 458,
      "text" : "the",
      "whiteSpace" : false
    }, {
      "id" : "s6-t10",
      "begin" : 459,
      "end" : 462,
      "text" : "box",
      "whiteSpace" : false
    }, {
      "id" : "s6-t11",
      "begin" : 462,
      "end" : 463,
      "text" : ",",
      "whiteSpace" : false
    }, {
      "id" : "s6-t12",
      "begin" : 464,
      "end" : 467,
      "text" : "but",
      "whiteSpace" : false
    }, {
      "id" : "s6-t13",
      "begin" : 468,
      "end" : 469,
      "text" : "I",
      "whiteSpace" : false
    }, {
      "id" : "s6-t14",
      "begin" : 470,
      "end" : 472,
      "text" : "ca",
      "whiteSpace" : false
    }, {
      "id" : "s6-t15",
      "begin" : 472,
      "end" : 475,
      "text" : "n't",
      "whiteSpace" : false
    }, {
      "id" : "s6-t16",
      "begin" : 476,
      "end" : 479,
      "text" : "say",
      "whiteSpace" : false
    }, {
      "id" : "s6-t17",
      "begin" : 480,
      "end" : 481,
      "text" : "I",
      "whiteSpace" : false
    }, {
      "id" : "s6-t18",
      "begin" : 482,
      "end" : 487,
      "text" : "would",
      "whiteSpace" : false
    }, {
      "id" : "s6-t19",
      "begin" : 488,
      "end" : 491,
      "text" : "buy",
      "whiteSpace" : false
    }, {
      "id" : "s6-t20",
      "begin" : 492,
      "end" : 496,
      "text" : "this",
      "whiteSpace" : false
    }, {
      "id" : "s6-t21",
      "begin" : 497,
      "end" : 503,
      "text" : "flavor",
      "whiteSpace" : false
    }, {
      "id" : "s6-t22",
      "begin" : 504,
      "end" : 509,
      "text" : "again",
      "whiteSpace" : false
    }, {
      "id" : "s6-t23",
      "begin" : 509,
      "end" : 510,
      "text" : ".",
      "whiteSpace" : false
    } ]
  } ],
  "mentions" : [ {
    "id" : "s0-m1",
    "properties" : {
      "SIRE_MENTION_ROLE" : "Product",
      "SIRE_ENTITY_SUBTYPE" : "NONE",
      "SIRE_MENTION_TYPE" : "NONE",
      "SIRE_MENTION_CLASS" : "SPC"
    },
    "type" : "Product",
    "begin" : 16,
    "end" : 24,
    "inCoref" : true
  }, {
    "id" : "s1-m1",
    "properties" : {
      "SIRE_MENTION_ROLE" : "Product",
      "SIRE_ENTITY_SUBTYPE" : "NONE",
      "SIRE_MENTION_TYPE" : "NONE",
      "SIRE_MENTION_CLASS" : "SPC"
    },
    "type" : "Product",
    "begin" : 72,
    "end" : 80,
    "inCoref" : true
  }, {
    "id" : "s2-m1",
    "properties" : {
      "SIRE_MENTION_ROLE" : "Attribute",
      "SIRE_ENTITY_SUBTYPE" : "NONE",
      "SIRE_MENTION_TYPE" : "NONE",
      "SIRE_MENTION_CLASS" : "SPC"
    },
    "type" : "Attribute",
    "begin" : 99,
    "end" : 105,
    "inCoref" : true
  }, {
    "id" : "s2-m3",
    "properties" : {
      "SIRE_MENTION_ROLE" : "Attribute",
      "SIRE_ENTITY_SUBTYPE" : "NONE",
      "SIRE_MENTION_TYPE" : "NONE",
      "SIRE_MENTION_CLASS" : "SPC"
    },
    "type" : "Attribute",
    "begin" : 149,
    "end" : 151,
    "inCoref" : true
  }, {
    "id" : "s3-m1",
    "properties" : {
      "SIRE_MENTION_ROLE" : "Attribute",
      "SIRE_ENTITY_SUBTYPE" : "NONE",
      "SIRE_MENTION_TYPE" : "NONE",
      "SIRE_MENTION_CLASS" : "SPC"
    },
    "type" : "Attribute",
    "begin" : 153,
    "end" : 163,
    "inCoref" : true
  }, {
    "id" : "s3-m2",
    "properties" : {
      "SIRE_MENTION_ROLE" : "Attribute",
      "SIRE_ENTITY_SUBTYPE" : "NONE",
      "SIRE_MENTION_TYPE" : "NONE",
      "SIRE_MENTION_CLASS" : "SPC"
    },
    "type" : "Attribute",
    "begin" : 189,
    "end" : 191,
    "inCoref" : true
  }, {
    "id" : "s3-m3",
    "properties" : {
      "SIRE_MENTION_ROLE" : "Attribute",
      "SIRE_ENTITY_SUBTYPE" : "NONE",
      "SIRE_MENTION_TYPE" : "NONE",
      "SIRE_MENTION_CLASS" : "SPC"
    },
    "type" : "Attribute",
    "begin" : 217,
    "end" : 223,
    "inCoref" : true
  }, {
    "id" : "s5-m1",
    "properties" : {
      "SIRE_MENTION_ROLE" : "Product",
      "SIRE_ENTITY_SUBTYPE" : "NONE",
      "SIRE_MENTION_TYPE" : "NONE",
      "SIRE_MENTION_CLASS" : "SPC"
    },
    "type" : "Product",
    "begin" : 317,
    "end" : 321,
    "inCoref" : true
  }, {
    "id" : "s5-m2",
    "properties" : {
      "SIRE_MENTION_ROLE" : "Product",
      "SIRE_ENTITY_SUBTYPE" : "NONE",
      "SIRE_MENTION_TYPE" : "NONE",
      "SIRE_MENTION_CLASS" : "SPC"
    },
    "type" : "Product",
    "begin" : 387,
    "end" : 389,
    "inCoref" : true
  }, {
    "id" : "s6-m1",
    "properties" : {
      "SIRE_MENTION_ROLE" : "Product",
      "SIRE_ENTITY_SUBTYPE" : "NONE",
      "SIRE_MENTION_TYPE" : "NONE",
      "SIRE_MENTION_CLASS" : "SPC"
    },
    "type" : "Product",
    "begin" : 410,
    "end" : 414,
    "inCoref" : true
  }, {
    "id" : "s6-m2",
    "properties" : {
      "SIRE_MENTION_ROLE" : "Attribute",
      "SIRE_ENTITY_SUBTYPE" : "NONE",
      "SIRE_MENTION_TYPE" : "NONE",
      "SIRE_MENTION_CLASS" : "SPC"
    },
    "type" : "Attribute",
    "begin" : 497,
    "end" : 503,
    "inCoref" : true
  } ],
  "relations" : [ {
    "id" : "s6-r1",
    "properties" : { },
    "type" : "propertyOf",
    "args" : [ "s6-m2", "s6-m1" ]
  } ],
  "corefs" : [ {
    "id" : "c1",
    "properties" : { },
    "mentions" : [ "s0-m1", "s1-m1", "s5-m1", "s5-m2", "s6-m1" ]
  }, {
    "id" : "c2",
    "properties" : { },
    "mentions" : [ "s2-m1", "s2-m3" ]
  }, {
    "id" : "c3",
    "properties" : { },
    "mentions" : [ "s3-m1", "s3-m2", "s3-m3", "s6-m2" ]
  } ],
  "typeResolved" : true,
  "userResolved" : false
}