{
  "id" : "bc2e7dc0-32ab-11e8-9c9d-6505f4419106-119",
  "name" : "review_1946.json",
  "createdDate" : 0,
  "version" : 3,
  "text" : "WOW, I gave it to my son to try and it was gone within SECONDS. Then he goes, \"Mommy, can I have more?\" and I had to then go out and buy some more of these great cookies. I was very impressed with the packaging and how SOFT the cookies really were when you opened them and the flavor that they had. Very Impressive. Would definitely buy!",
  "docLength" : 0,
  "language" : "EN",
  "status" : "SUBMITTED",
  "modifiedDate" : 1522281450656,
  "documentSet" : [ ],
  "preannotation" : [ ],
  "sentences" : [ {
    "id" : "s0",
    "begin" : 0,
    "end" : 63,
    "text" : "WOW, I gave it to my son to try and it was gone within SECONDS.",
    "tokens" : [ {
      "id" : "s0-t0",
      "begin" : 0,
      "end" : 3,
      "text" : "WOW",
      "whiteSpace" : false
    }, {
      "id" : "s0-t1",
      "begin" : 3,
      "end" : 4,
      "text" : ",",
      "whiteSpace" : false
    }, {
      "id" : "s0-t2",
      "begin" : 5,
      "end" : 6,
      "text" : "I",
      "whiteSpace" : false
    }, {
      "id" : "s0-t3",
      "begin" : 7,
      "end" : 11,
      "text" : "gave",
      "whiteSpace" : false
    }, {
      "id" : "s0-t4",
      "begin" : 12,
      "end" : 14,
      "text" : "it",
      "whiteSpace" : false
    }, {
      "id" : "s0-t5",
      "begin" : 15,
      "end" : 17,
      "text" : "to",
      "whiteSpace" : false
    }, {
      "id" : "s0-t6",
      "begin" : 18,
      "end" : 20,
      "text" : "my",
      "whiteSpace" : false
    }, {
      "id" : "s0-t7",
      "begin" : 21,
      "end" : 24,
      "text" : "son",
      "whiteSpace" : false
    }, {
      "id" : "s0-t8",
      "begin" : 25,
      "end" : 27,
      "text" : "to",
      "whiteSpace" : false
    }, {
      "id" : "s0-t9",
      "begin" : 28,
      "end" : 31,
      "text" : "try",
      "whiteSpace" : false
    }, {
      "id" : "s0-t10",
      "begin" : 32,
      "end" : 35,
      "text" : "and",
      "whiteSpace" : false
    }, {
      "id" : "s0-t11",
      "begin" : 36,
      "end" : 38,
      "text" : "it",
      "whiteSpace" : false
    }, {
      "id" : "s0-t12",
      "begin" : 39,
      "end" : 42,
      "text" : "was",
      "whiteSpace" : false
    }, {
      "id" : "s0-t13",
      "begin" : 43,
      "end" : 47,
      "text" : "gone",
      "whiteSpace" : false
    }, {
      "id" : "s0-t14",
      "begin" : 48,
      "end" : 54,
      "text" : "within",
      "whiteSpace" : false
    }, {
      "id" : "s0-t15",
      "begin" : 55,
      "end" : 62,
      "text" : "SECONDS",
      "whiteSpace" : false
    }, {
      "id" : "s0-t16",
      "begin" : 62,
      "end" : 63,
      "text" : ".",
      "whiteSpace" : false
    } ]
  }, {
    "id" : "s1",
    "begin" : 64,
    "end" : 102,
    "text" : "Then he goes, \"Mommy, can I have more?",
    "tokens" : [ {
      "id" : "s1-t0",
      "begin" : 64,
      "end" : 68,
      "text" : "Then",
      "whiteSpace" : false
    }, {
      "id" : "s1-t1",
      "begin" : 69,
      "end" : 71,
      "text" : "he",
      "whiteSpace" : false
    }, {
      "id" : "s1-t2",
      "begin" : 72,
      "end" : 76,
      "text" : "goes",
      "whiteSpace" : false
    }, {
      "id" : "s1-t3",
      "begin" : 76,
      "end" : 77,
      "text" : ",",
      "whiteSpace" : false
    }, {
      "id" : "s1-t4",
      "begin" : 78,
      "end" : 79,
      "text" : "\"",
      "whiteSpace" : false
    }, {
      "id" : "s1-t5",
      "begin" : 79,
      "end" : 84,
      "text" : "Mommy",
      "whiteSpace" : false
    }, {
      "id" : "s1-t6",
      "begin" : 84,
      "end" : 85,
      "text" : ",",
      "whiteSpace" : false
    }, {
      "id" : "s1-t7",
      "begin" : 86,
      "end" : 89,
      "text" : "can",
      "whiteSpace" : false
    }, {
      "id" : "s1-t8",
      "begin" : 90,
      "end" : 91,
      "text" : "I",
      "whiteSpace" : false
    }, {
      "id" : "s1-t9",
      "begin" : 92,
      "end" : 96,
      "text" : "have",
      "whiteSpace" : false
    }, {
      "id" : "s1-t10",
      "begin" : 97,
      "end" : 101,
      "text" : "more",
      "whiteSpace" : false
    }, {
      "id" : "s1-t11",
      "begin" : 101,
      "end" : 102,
      "text" : "?",
      "whiteSpace" : false
    } ]
  }, {
    "id" : "s2",
    "begin" : 102,
    "end" : 170,
    "text" : "\" and I had to then go out and buy some more of these great cookies.",
    "tokens" : [ {
      "id" : "s2-t0",
      "begin" : 102,
      "end" : 103,
      "text" : "\"",
      "whiteSpace" : false
    }, {
      "id" : "s2-t1",
      "begin" : 104,
      "end" : 107,
      "text" : "and",
      "whiteSpace" : false
    }, {
      "id" : "s2-t2",
      "begin" : 108,
      "end" : 109,
      "text" : "I",
      "whiteSpace" : false
    }, {
      "id" : "s2-t3",
      "begin" : 110,
      "end" : 113,
      "text" : "had",
      "whiteSpace" : false
    }, {
      "id" : "s2-t4",
      "begin" : 114,
      "end" : 116,
      "text" : "to",
      "whiteSpace" : false
    }, {
      "id" : "s2-t5",
      "begin" : 117,
      "end" : 121,
      "text" : "then",
      "whiteSpace" : false
    }, {
      "id" : "s2-t6",
      "begin" : 122,
      "end" : 124,
      "text" : "go",
      "whiteSpace" : false
    }, {
      "id" : "s2-t7",
      "begin" : 125,
      "end" : 128,
      "text" : "out",
      "whiteSpace" : false
    }, {
      "id" : "s2-t8",
      "begin" : 129,
      "end" : 132,
      "text" : "and",
      "whiteSpace" : false
    }, {
      "id" : "s2-t9",
      "begin" : 133,
      "end" : 136,
      "text" : "buy",
      "whiteSpace" : false
    }, {
      "id" : "s2-t10",
      "begin" : 137,
      "end" : 141,
      "text" : "some",
      "whiteSpace" : false
    }, {
      "id" : "s2-t11",
      "begin" : 142,
      "end" : 146,
      "text" : "more",
      "whiteSpace" : false
    }, {
      "id" : "s2-t12",
      "begin" : 147,
      "end" : 149,
      "text" : "of",
      "whiteSpace" : false
    }, {
      "id" : "s2-t13",
      "begin" : 150,
      "end" : 155,
      "text" : "these",
      "whiteSpace" : false
    }, {
      "id" : "s2-t14",
      "begin" : 156,
      "end" : 161,
      "text" : "great",
      "whiteSpace" : false
    }, {
      "id" : "s2-t15",
      "begin" : 162,
      "end" : 169,
      "text" : "cookies",
      "whiteSpace" : false
    }, {
      "id" : "s2-t16",
      "begin" : 169,
      "end" : 170,
      "text" : ".",
      "whiteSpace" : false
    } ]
  }, {
    "id" : "s3",
    "begin" : 171,
    "end" : 298,
    "text" : "I was very impressed with the packaging and how SOFT the cookies really were when you opened them and the flavor that they had.",
    "tokens" : [ {
      "id" : "s3-t0",
      "begin" : 171,
      "end" : 172,
      "text" : "I",
      "whiteSpace" : false
    }, {
      "id" : "s3-t1",
      "begin" : 173,
      "end" : 176,
      "text" : "was",
      "whiteSpace" : false
    }, {
      "id" : "s3-t2",
      "begin" : 177,
      "end" : 181,
      "text" : "very",
      "whiteSpace" : false
    }, {
      "id" : "s3-t3",
      "begin" : 182,
      "end" : 191,
      "text" : "impressed",
      "whiteSpace" : false
    }, {
      "id" : "s3-t4",
      "begin" : 192,
      "end" : 196,
      "text" : "with",
      "whiteSpace" : false
    }, {
      "id" : "s3-t5",
      "begin" : 197,
      "end" : 200,
      "text" : "the",
      "whiteSpace" : false
    }, {
      "id" : "s3-t6",
      "begin" : 201,
      "end" : 210,
      "text" : "packaging",
      "whiteSpace" : false
    }, {
      "id" : "s3-t7",
      "begin" : 211,
      "end" : 214,
      "text" : "and",
      "whiteSpace" : false
    }, {
      "id" : "s3-t8",
      "begin" : 215,
      "end" : 218,
      "text" : "how",
      "whiteSpace" : false
    }, {
      "id" : "s3-t9",
      "begin" : 219,
      "end" : 223,
      "text" : "SOFT",
      "whiteSpace" : false
    }, {
      "id" : "s3-t10",
      "begin" : 224,
      "end" : 227,
      "text" : "the",
      "whiteSpace" : false
    }, {
      "id" : "s3-t11",
      "begin" : 228,
      "end" : 235,
      "text" : "cookies",
      "whiteSpace" : false
    }, {
      "id" : "s3-t12",
      "begin" : 236,
      "end" : 242,
      "text" : "really",
      "whiteSpace" : false
    }, {
      "id" : "s3-t13",
      "begin" : 243,
      "end" : 247,
      "text" : "were",
      "whiteSpace" : false
    }, {
      "id" : "s3-t14",
      "begin" : 248,
      "end" : 252,
      "text" : "when",
      "whiteSpace" : false
    }, {
      "id" : "s3-t15",
      "begin" : 253,
      "end" : 256,
      "text" : "you",
      "whiteSpace" : false
    }, {
      "id" : "s3-t16",
      "begin" : 257,
      "end" : 263,
      "text" : "opened",
      "whiteSpace" : false
    }, {
      "id" : "s3-t17",
      "begin" : 264,
      "end" : 268,
      "text" : "them",
      "whiteSpace" : false
    }, {
      "id" : "s3-t18",
      "begin" : 269,
      "end" : 272,
      "text" : "and",
      "whiteSpace" : false
    }, {
      "id" : "s3-t19",
      "begin" : 273,
      "end" : 276,
      "text" : "the",
      "whiteSpace" : false
    }, {
      "id" : "s3-t20",
      "begin" : 277,
      "end" : 283,
      "text" : "flavor",
      "whiteSpace" : false
    }, {
      "id" : "s3-t21",
      "begin" : 284,
      "end" : 288,
      "text" : "that",
      "whiteSpace" : false
    }, {
      "id" : "s3-t22",
      "begin" : 289,
      "end" : 293,
      "text" : "they",
      "whiteSpace" : false
    }, {
      "id" : "s3-t23",
      "begin" : 294,
      "end" : 297,
      "text" : "had",
      "whiteSpace" : false
    }, {
      "id" : "s3-t24",
      "begin" : 297,
      "end" : 298,
      "text" : ".",
      "whiteSpace" : false
    } ]
  }, {
    "id" : "s4",
    "begin" : 299,
    "end" : 315,
    "text" : "Very Impressive.",
    "tokens" : [ {
      "id" : "s4-t0",
      "begin" : 299,
      "end" : 303,
      "text" : "Very",
      "whiteSpace" : false
    }, {
      "id" : "s4-t1",
      "begin" : 304,
      "end" : 314,
      "text" : "Impressive",
      "whiteSpace" : false
    }, {
      "id" : "s4-t2",
      "begin" : 314,
      "end" : 315,
      "text" : ".",
      "whiteSpace" : false
    } ]
  }, {
    "id" : "s5",
    "begin" : 316,
    "end" : 337,
    "text" : "Would definitely buy!",
    "tokens" : [ {
      "id" : "s5-t0",
      "begin" : 316,
      "end" : 321,
      "text" : "Would",
      "whiteSpace" : false
    }, {
      "id" : "s5-t1",
      "begin" : 322,
      "end" : 332,
      "text" : "definitely",
      "whiteSpace" : false
    }, {
      "id" : "s5-t2",
      "begin" : 333,
      "end" : 336,
      "text" : "buy",
      "whiteSpace" : false
    }, {
      "id" : "s5-t3",
      "begin" : 336,
      "end" : 337,
      "text" : "!",
      "whiteSpace" : false
    } ]
  } ],
  "mentions" : [ {
    "id" : "s0-m1",
    "properties" : {
      "SIRE_MENTION_ROLE" : "Product",
      "SIRE_ENTITY_SUBTYPE" : "NONE",
      "SIRE_MENTION_TYPE" : "NONE",
      "SIRE_MENTION_CLASS" : "SPC"
    },
    "type" : "Product",
    "begin" : 12,
    "end" : 14,
    "inCoref" : true
  }, {
    "id" : "s0-m2",
    "properties" : {
      "SIRE_MENTION_ROLE" : "Product",
      "SIRE_ENTITY_SUBTYPE" : "NONE",
      "SIRE_MENTION_TYPE" : "NONE",
      "SIRE_MENTION_CLASS" : "SPC"
    },
    "type" : "Product",
    "begin" : 36,
    "end" : 38,
    "inCoref" : true
  }, {
    "id" : "s1-m1",
    "properties" : {
      "SIRE_MENTION_ROLE" : "Product",
      "SIRE_ENTITY_SUBTYPE" : "NONE",
      "SIRE_MENTION_TYPE" : "NONE",
      "SIRE_MENTION_CLASS" : "SPC"
    },
    "type" : "Product",
    "begin" : 97,
    "end" : 101,
    "inCoref" : true
  }, {
    "id" : "s2-m1",
    "properties" : {
      "SIRE_MENTION_ROLE" : "Product",
      "SIRE_ENTITY_SUBTYPE" : "NONE",
      "SIRE_MENTION_TYPE" : "NONE",
      "SIRE_MENTION_CLASS" : "SPC"
    },
    "type" : "Product",
    "begin" : 162,
    "end" : 169,
    "inCoref" : true
  }, {
    "id" : "s3-m1",
    "properties" : {
      "SIRE_MENTION_ROLE" : "Product",
      "SIRE_ENTITY_SUBTYPE" : "NONE",
      "SIRE_MENTION_TYPE" : "NONE",
      "SIRE_MENTION_CLASS" : "SPC"
    },
    "type" : "Product",
    "begin" : 228,
    "end" : 235,
    "inCoref" : true
  }, {
    "id" : "s3-m2",
    "properties" : {
      "SIRE_MENTION_ROLE" : "Product",
      "SIRE_ENTITY_SUBTYPE" : "NONE",
      "SIRE_MENTION_TYPE" : "NONE",
      "SIRE_MENTION_CLASS" : "SPC"
    },
    "type" : "Product",
    "begin" : 264,
    "end" : 268,
    "inCoref" : true
  }, {
    "id" : "s3-m3",
    "properties" : {
      "SIRE_MENTION_ROLE" : "Product",
      "SIRE_ENTITY_SUBTYPE" : "NONE",
      "SIRE_MENTION_TYPE" : "NONE",
      "SIRE_MENTION_CLASS" : "SPC"
    },
    "type" : "Product",
    "begin" : 289,
    "end" : 293,
    "inCoref" : true
  } ],
  "relations" : [ ],
  "corefs" : [ {
    "id" : "c1",
    "properties" : { },
    "mentions" : [ "s0-m1", "s0-m2", "s1-m1", "s2-m1", "s3-m1", "s3-m3", "s3-m2" ]
  } ],
  "typeResolved" : true,
  "userResolved" : false
}