{
  "id" : "bc2e7dc0-32ab-11e8-9c9d-6505f4419106-69",
  "name" : "review_1122.json",
  "createdDate" : 0,
  "version" : 3,
  "text" : "I love Salt & Vinegar chips and once I went on my diet I felt like I had to give them up because it's so hard to find healthy ones.  Then I finally found these and I love them!  They're strong tasting and I actually like them better than regular salt & vinegar chips.  They're less oily and I don't feel sick or guilty after having some.  The one-ounce bags are perfect for a snack, but the 3.25 ounce bags end up being cheaper so I divide it up into 3 ziplock bags once I open them.  It works great!",
  "docLength" : 0,
  "language" : "EN",
  "status" : "SUBMITTED",
  "modifiedDate" : 1522287777202,
  "documentSet" : [ ],
  "preannotation" : [ ],
  "sentences" : [ {
    "id" : "s0",
    "begin" : 0,
    "end" : 131,
    "text" : "I love Salt & Vinegar chips and once I went on my diet I felt like I had to give them up because it's so hard to find healthy ones.",
    "tokens" : [ {
      "id" : "s0-t0",
      "begin" : 0,
      "end" : 1,
      "text" : "I",
      "whiteSpace" : false
    }, {
      "id" : "s0-t1",
      "begin" : 2,
      "end" : 6,
      "text" : "love",
      "whiteSpace" : false
    }, {
      "id" : "s0-t2",
      "begin" : 7,
      "end" : 11,
      "text" : "Salt",
      "whiteSpace" : false
    }, {
      "id" : "s0-t3",
      "begin" : 12,
      "end" : 13,
      "text" : "&",
      "whiteSpace" : false
    }, {
      "id" : "s0-t4",
      "begin" : 14,
      "end" : 21,
      "text" : "Vinegar",
      "whiteSpace" : false
    }, {
      "id" : "s0-t5",
      "begin" : 22,
      "end" : 27,
      "text" : "chips",
      "whiteSpace" : false
    }, {
      "id" : "s0-t6",
      "begin" : 28,
      "end" : 31,
      "text" : "and",
      "whiteSpace" : false
    }, {
      "id" : "s0-t7",
      "begin" : 32,
      "end" : 36,
      "text" : "once",
      "whiteSpace" : false
    }, {
      "id" : "s0-t8",
      "begin" : 37,
      "end" : 38,
      "text" : "I",
      "whiteSpace" : false
    }, {
      "id" : "s0-t9",
      "begin" : 39,
      "end" : 43,
      "text" : "went",
      "whiteSpace" : false
    }, {
      "id" : "s0-t10",
      "begin" : 44,
      "end" : 46,
      "text" : "on",
      "whiteSpace" : false
    }, {
      "id" : "s0-t11",
      "begin" : 47,
      "end" : 49,
      "text" : "my",
      "whiteSpace" : false
    }, {
      "id" : "s0-t12",
      "begin" : 50,
      "end" : 54,
      "text" : "diet",
      "whiteSpace" : false
    }, {
      "id" : "s0-t13",
      "begin" : 55,
      "end" : 56,
      "text" : "I",
      "whiteSpace" : false
    }, {
      "id" : "s0-t14",
      "begin" : 57,
      "end" : 61,
      "text" : "felt",
      "whiteSpace" : false
    }, {
      "id" : "s0-t15",
      "begin" : 62,
      "end" : 66,
      "text" : "like",
      "whiteSpace" : false
    }, {
      "id" : "s0-t16",
      "begin" : 67,
      "end" : 68,
      "text" : "I",
      "whiteSpace" : false
    }, {
      "id" : "s0-t17",
      "begin" : 69,
      "end" : 72,
      "text" : "had",
      "whiteSpace" : false
    }, {
      "id" : "s0-t18",
      "begin" : 73,
      "end" : 75,
      "text" : "to",
      "whiteSpace" : false
    }, {
      "id" : "s0-t19",
      "begin" : 76,
      "end" : 80,
      "text" : "give",
      "whiteSpace" : false
    }, {
      "id" : "s0-t20",
      "begin" : 81,
      "end" : 85,
      "text" : "them",
      "whiteSpace" : false
    }, {
      "id" : "s0-t21",
      "begin" : 86,
      "end" : 88,
      "text" : "up",
      "whiteSpace" : false
    }, {
      "id" : "s0-t22",
      "begin" : 89,
      "end" : 96,
      "text" : "because",
      "whiteSpace" : false
    }, {
      "id" : "s0-t23",
      "begin" : 97,
      "end" : 99,
      "text" : "it",
      "whiteSpace" : false
    }, {
      "id" : "s0-t24",
      "begin" : 99,
      "end" : 101,
      "text" : "'s",
      "whiteSpace" : false
    }, {
      "id" : "s0-t25",
      "begin" : 102,
      "end" : 104,
      "text" : "so",
      "whiteSpace" : false
    }, {
      "id" : "s0-t26",
      "begin" : 105,
      "end" : 109,
      "text" : "hard",
      "whiteSpace" : false
    }, {
      "id" : "s0-t27",
      "begin" : 110,
      "end" : 112,
      "text" : "to",
      "whiteSpace" : false
    }, {
      "id" : "s0-t28",
      "begin" : 113,
      "end" : 117,
      "text" : "find",
      "whiteSpace" : false
    }, {
      "id" : "s0-t29",
      "begin" : 118,
      "end" : 125,
      "text" : "healthy",
      "whiteSpace" : false
    }, {
      "id" : "s0-t30",
      "begin" : 126,
      "end" : 130,
      "text" : "ones",
      "whiteSpace" : false
    }, {
      "id" : "s0-t31",
      "begin" : 130,
      "end" : 131,
      "text" : ".",
      "whiteSpace" : false
    } ]
  }, {
    "id" : "s1",
    "begin" : 133,
    "end" : 176,
    "text" : "Then I finally found these and I love them!",
    "tokens" : [ {
      "id" : "s1-t0",
      "begin" : 133,
      "end" : 137,
      "text" : "Then",
      "whiteSpace" : false
    }, {
      "id" : "s1-t1",
      "begin" : 138,
      "end" : 139,
      "text" : "I",
      "whiteSpace" : false
    }, {
      "id" : "s1-t2",
      "begin" : 140,
      "end" : 147,
      "text" : "finally",
      "whiteSpace" : false
    }, {
      "id" : "s1-t3",
      "begin" : 148,
      "end" : 153,
      "text" : "found",
      "whiteSpace" : false
    }, {
      "id" : "s1-t4",
      "begin" : 154,
      "end" : 159,
      "text" : "these",
      "whiteSpace" : false
    }, {
      "id" : "s1-t5",
      "begin" : 160,
      "end" : 163,
      "text" : "and",
      "whiteSpace" : false
    }, {
      "id" : "s1-t6",
      "begin" : 164,
      "end" : 165,
      "text" : "I",
      "whiteSpace" : false
    }, {
      "id" : "s1-t7",
      "begin" : 166,
      "end" : 170,
      "text" : "love",
      "whiteSpace" : false
    }, {
      "id" : "s1-t8",
      "begin" : 171,
      "end" : 175,
      "text" : "them",
      "whiteSpace" : false
    }, {
      "id" : "s1-t9",
      "begin" : 175,
      "end" : 176,
      "text" : "!",
      "whiteSpace" : false
    } ]
  }, {
    "id" : "s2",
    "begin" : 178,
    "end" : 267,
    "text" : "They're strong tasting and I actually like them better than regular salt & vinegar chips.",
    "tokens" : [ {
      "id" : "s2-t0",
      "begin" : 178,
      "end" : 182,
      "text" : "They",
      "whiteSpace" : false
    }, {
      "id" : "s2-t1",
      "begin" : 182,
      "end" : 185,
      "text" : "'re",
      "whiteSpace" : false
    }, {
      "id" : "s2-t2",
      "begin" : 186,
      "end" : 192,
      "text" : "strong",
      "whiteSpace" : false
    }, {
      "id" : "s2-t3",
      "begin" : 193,
      "end" : 200,
      "text" : "tasting",
      "whiteSpace" : false
    }, {
      "id" : "s2-t4",
      "begin" : 201,
      "end" : 204,
      "text" : "and",
      "whiteSpace" : false
    }, {
      "id" : "s2-t5",
      "begin" : 205,
      "end" : 206,
      "text" : "I",
      "whiteSpace" : false
    }, {
      "id" : "s2-t6",
      "begin" : 207,
      "end" : 215,
      "text" : "actually",
      "whiteSpace" : false
    }, {
      "id" : "s2-t7",
      "begin" : 216,
      "end" : 220,
      "text" : "like",
      "whiteSpace" : false
    }, {
      "id" : "s2-t8",
      "begin" : 221,
      "end" : 225,
      "text" : "them",
      "whiteSpace" : false
    }, {
      "id" : "s2-t9",
      "begin" : 226,
      "end" : 232,
      "text" : "better",
      "whiteSpace" : false
    }, {
      "id" : "s2-t10",
      "begin" : 233,
      "end" : 237,
      "text" : "than",
      "whiteSpace" : false
    }, {
      "id" : "s2-t11",
      "begin" : 238,
      "end" : 245,
      "text" : "regular",
      "whiteSpace" : false
    }, {
      "id" : "s2-t12",
      "begin" : 246,
      "end" : 250,
      "text" : "salt",
      "whiteSpace" : false
    }, {
      "id" : "s2-t13",
      "begin" : 251,
      "end" : 252,
      "text" : "&",
      "whiteSpace" : false
    }, {
      "id" : "s2-t14",
      "begin" : 253,
      "end" : 260,
      "text" : "vinegar",
      "whiteSpace" : false
    }, {
      "id" : "s2-t15",
      "begin" : 261,
      "end" : 266,
      "text" : "chips",
      "whiteSpace" : false
    }, {
      "id" : "s2-t16",
      "begin" : 266,
      "end" : 267,
      "text" : ".",
      "whiteSpace" : false
    } ]
  }, {
    "id" : "s3",
    "begin" : 269,
    "end" : 337,
    "text" : "They're less oily and I don't feel sick or guilty after having some.",
    "tokens" : [ {
      "id" : "s3-t0",
      "begin" : 269,
      "end" : 273,
      "text" : "They",
      "whiteSpace" : false
    }, {
      "id" : "s3-t1",
      "begin" : 273,
      "end" : 276,
      "text" : "'re",
      "whiteSpace" : false
    }, {
      "id" : "s3-t2",
      "begin" : 277,
      "end" : 281,
      "text" : "less",
      "whiteSpace" : false
    }, {
      "id" : "s3-t3",
      "begin" : 282,
      "end" : 286,
      "text" : "oily",
      "whiteSpace" : false
    }, {
      "id" : "s3-t4",
      "begin" : 287,
      "end" : 290,
      "text" : "and",
      "whiteSpace" : false
    }, {
      "id" : "s3-t5",
      "begin" : 291,
      "end" : 292,
      "text" : "I",
      "whiteSpace" : false
    }, {
      "id" : "s3-t6",
      "begin" : 293,
      "end" : 295,
      "text" : "do",
      "whiteSpace" : false
    }, {
      "id" : "s3-t7",
      "begin" : 295,
      "end" : 298,
      "text" : "n't",
      "whiteSpace" : false
    }, {
      "id" : "s3-t8",
      "begin" : 299,
      "end" : 303,
      "text" : "feel",
      "whiteSpace" : false
    }, {
      "id" : "s3-t9",
      "begin" : 304,
      "end" : 308,
      "text" : "sick",
      "whiteSpace" : false
    }, {
      "id" : "s3-t10",
      "begin" : 309,
      "end" : 311,
      "text" : "or",
      "whiteSpace" : false
    }, {
      "id" : "s3-t11",
      "begin" : 312,
      "end" : 318,
      "text" : "guilty",
      "whiteSpace" : false
    }, {
      "id" : "s3-t12",
      "begin" : 319,
      "end" : 324,
      "text" : "after",
      "whiteSpace" : false
    }, {
      "id" : "s3-t13",
      "begin" : 325,
      "end" : 331,
      "text" : "having",
      "whiteSpace" : false
    }, {
      "id" : "s3-t14",
      "begin" : 332,
      "end" : 336,
      "text" : "some",
      "whiteSpace" : false
    }, {
      "id" : "s3-t15",
      "begin" : 336,
      "end" : 337,
      "text" : ".",
      "whiteSpace" : false
    } ]
  }, {
    "id" : "s4",
    "begin" : 339,
    "end" : 483,
    "text" : "The one-ounce bags are perfect for a snack, but the 3.25 ounce bags end up being cheaper so I divide it up into 3 ziplock bags once I open them.",
    "tokens" : [ {
      "id" : "s4-t0",
      "begin" : 339,
      "end" : 342,
      "text" : "The",
      "whiteSpace" : false
    }, {
      "id" : "s4-t1",
      "begin" : 343,
      "end" : 352,
      "text" : "one-ounce",
      "whiteSpace" : false
    }, {
      "id" : "s4-t2",
      "begin" : 353,
      "end" : 357,
      "text" : "bags",
      "whiteSpace" : false
    }, {
      "id" : "s4-t3",
      "begin" : 358,
      "end" : 361,
      "text" : "are",
      "whiteSpace" : false
    }, {
      "id" : "s4-t4",
      "begin" : 362,
      "end" : 369,
      "text" : "perfect",
      "whiteSpace" : false
    }, {
      "id" : "s4-t5",
      "begin" : 370,
      "end" : 373,
      "text" : "for",
      "whiteSpace" : false
    }, {
      "id" : "s4-t6",
      "begin" : 374,
      "end" : 375,
      "text" : "a",
      "whiteSpace" : false
    }, {
      "id" : "s4-t7",
      "begin" : 376,
      "end" : 381,
      "text" : "snack",
      "whiteSpace" : false
    }, {
      "id" : "s4-t8",
      "begin" : 381,
      "end" : 382,
      "text" : ",",
      "whiteSpace" : false
    }, {
      "id" : "s4-t9",
      "begin" : 383,
      "end" : 386,
      "text" : "but",
      "whiteSpace" : false
    }, {
      "id" : "s4-t10",
      "begin" : 387,
      "end" : 390,
      "text" : "the",
      "whiteSpace" : false
    }, {
      "id" : "s4-t11",
      "begin" : 391,
      "end" : 395,
      "text" : "3.25",
      "whiteSpace" : false
    }, {
      "id" : "s4-t12",
      "begin" : 396,
      "end" : 401,
      "text" : "ounce",
      "whiteSpace" : false
    }, {
      "id" : "s4-t13",
      "begin" : 402,
      "end" : 406,
      "text" : "bags",
      "whiteSpace" : false
    }, {
      "id" : "s4-t14",
      "begin" : 407,
      "end" : 410,
      "text" : "end",
      "whiteSpace" : false
    }, {
      "id" : "s4-t15",
      "begin" : 411,
      "end" : 413,
      "text" : "up",
      "whiteSpace" : false
    }, {
      "id" : "s4-t16",
      "begin" : 414,
      "end" : 419,
      "text" : "being",
      "whiteSpace" : false
    }, {
      "id" : "s4-t17",
      "begin" : 420,
      "end" : 427,
      "text" : "cheaper",
      "whiteSpace" : false
    }, {
      "id" : "s4-t18",
      "begin" : 428,
      "end" : 430,
      "text" : "so",
      "whiteSpace" : false
    }, {
      "id" : "s4-t19",
      "begin" : 431,
      "end" : 432,
      "text" : "I",
      "whiteSpace" : false
    }, {
      "id" : "s4-t20",
      "begin" : 433,
      "end" : 439,
      "text" : "divide",
      "whiteSpace" : false
    }, {
      "id" : "s4-t21",
      "begin" : 440,
      "end" : 442,
      "text" : "it",
      "whiteSpace" : false
    }, {
      "id" : "s4-t22",
      "begin" : 443,
      "end" : 445,
      "text" : "up",
      "whiteSpace" : false
    }, {
      "id" : "s4-t23",
      "begin" : 446,
      "end" : 450,
      "text" : "into",
      "whiteSpace" : false
    }, {
      "id" : "s4-t24",
      "begin" : 451,
      "end" : 452,
      "text" : "3",
      "whiteSpace" : false
    }, {
      "id" : "s4-t25",
      "begin" : 453,
      "end" : 460,
      "text" : "ziplock",
      "whiteSpace" : false
    }, {
      "id" : "s4-t26",
      "begin" : 461,
      "end" : 465,
      "text" : "bags",
      "whiteSpace" : false
    }, {
      "id" : "s4-t27",
      "begin" : 466,
      "end" : 470,
      "text" : "once",
      "whiteSpace" : false
    }, {
      "id" : "s4-t28",
      "begin" : 471,
      "end" : 472,
      "text" : "I",
      "whiteSpace" : false
    }, {
      "id" : "s4-t29",
      "begin" : 473,
      "end" : 477,
      "text" : "open",
      "whiteSpace" : false
    }, {
      "id" : "s4-t30",
      "begin" : 478,
      "end" : 482,
      "text" : "them",
      "whiteSpace" : false
    }, {
      "id" : "s4-t31",
      "begin" : 482,
      "end" : 483,
      "text" : ".",
      "whiteSpace" : false
    } ]
  }, {
    "id" : "s5",
    "begin" : 485,
    "end" : 500,
    "text" : "It works great!",
    "tokens" : [ {
      "id" : "s5-t0",
      "begin" : 485,
      "end" : 487,
      "text" : "It",
      "whiteSpace" : false
    }, {
      "id" : "s5-t1",
      "begin" : 488,
      "end" : 493,
      "text" : "works",
      "whiteSpace" : false
    }, {
      "id" : "s5-t2",
      "begin" : 494,
      "end" : 499,
      "text" : "great",
      "whiteSpace" : false
    }, {
      "id" : "s5-t3",
      "begin" : 499,
      "end" : 500,
      "text" : "!",
      "whiteSpace" : false
    } ]
  } ],
  "mentions" : [ {
    "id" : "s0-m1",
    "properties" : {
      "SIRE_MENTION_ROLE" : "Attribute",
      "SIRE_ENTITY_SUBTYPE" : "NONE",
      "SIRE_MENTION_TYPE" : "NONE",
      "SIRE_MENTION_CLASS" : "SPC"
    },
    "type" : "Attribute",
    "begin" : 7,
    "end" : 21,
    "inCoref" : true
  }, {
    "id" : "s0-m2",
    "properties" : {
      "SIRE_MENTION_ROLE" : "Product",
      "SIRE_ENTITY_SUBTYPE" : "NONE",
      "SIRE_MENTION_TYPE" : "NONE",
      "SIRE_MENTION_CLASS" : "SPC"
    },
    "type" : "Product",
    "begin" : 22,
    "end" : 27,
    "inCoref" : true
  }, {
    "id" : "s0-m4",
    "properties" : {
      "SIRE_MENTION_ROLE" : "Product",
      "SIRE_ENTITY_SUBTYPE" : "NONE",
      "SIRE_MENTION_TYPE" : "NONE",
      "SIRE_MENTION_CLASS" : "SPC"
    },
    "type" : "Product",
    "begin" : 81,
    "end" : 85,
    "inCoref" : true
  }, {
    "id" : "s0-m3",
    "properties" : {
      "SIRE_MENTION_ROLE" : "Product",
      "SIRE_ENTITY_SUBTYPE" : "NONE",
      "SIRE_MENTION_TYPE" : "NONE",
      "SIRE_MENTION_CLASS" : "SPC"
    },
    "type" : "Product",
    "begin" : 126,
    "end" : 130,
    "inCoref" : false
  }, {
    "id" : "s1-m2",
    "properties" : {
      "SIRE_MENTION_ROLE" : "Product",
      "SIRE_ENTITY_SUBTYPE" : "NONE",
      "SIRE_MENTION_TYPE" : "NONE",
      "SIRE_MENTION_CLASS" : "SPC"
    },
    "type" : "Product",
    "begin" : 154,
    "end" : 159,
    "inCoref" : true
  }, {
    "id" : "s1-m1",
    "properties" : {
      "SIRE_MENTION_ROLE" : "Product",
      "SIRE_ENTITY_SUBTYPE" : "NONE",
      "SIRE_MENTION_TYPE" : "NONE",
      "SIRE_MENTION_CLASS" : "SPC"
    },
    "type" : "Product",
    "begin" : 171,
    "end" : 175,
    "inCoref" : true
  }, {
    "id" : "s2-m1",
    "properties" : {
      "SIRE_MENTION_ROLE" : "Product",
      "SIRE_ENTITY_SUBTYPE" : "NONE",
      "SIRE_MENTION_TYPE" : "NONE",
      "SIRE_MENTION_CLASS" : "SPC"
    },
    "type" : "Product",
    "begin" : 178,
    "end" : 182,
    "inCoref" : true
  }, {
    "id" : "s2-m2",
    "properties" : {
      "SIRE_MENTION_ROLE" : "Product",
      "SIRE_ENTITY_SUBTYPE" : "NONE",
      "SIRE_MENTION_TYPE" : "NONE",
      "SIRE_MENTION_CLASS" : "SPC"
    },
    "type" : "Product",
    "begin" : 221,
    "end" : 225,
    "inCoref" : true
  }, {
    "id" : "s2-m4",
    "properties" : {
      "SIRE_MENTION_ROLE" : "Attribute",
      "SIRE_ENTITY_SUBTYPE" : "NONE",
      "SIRE_MENTION_TYPE" : "NONE",
      "SIRE_MENTION_CLASS" : "SPC"
    },
    "type" : "Attribute",
    "begin" : 246,
    "end" : 260,
    "inCoref" : true
  }, {
    "id" : "s2-m5",
    "properties" : {
      "SIRE_MENTION_ROLE" : "Product",
      "SIRE_ENTITY_SUBTYPE" : "NONE",
      "SIRE_MENTION_TYPE" : "NONE",
      "SIRE_MENTION_CLASS" : "SPC"
    },
    "type" : "Product",
    "begin" : 261,
    "end" : 266,
    "inCoref" : true
  }, {
    "id" : "s3-m1",
    "properties" : {
      "SIRE_MENTION_ROLE" : "Product",
      "SIRE_ENTITY_SUBTYPE" : "NONE",
      "SIRE_MENTION_TYPE" : "NONE",
      "SIRE_MENTION_CLASS" : "SPC"
    },
    "type" : "Product",
    "begin" : 269,
    "end" : 273,
    "inCoref" : true
  }, {
    "id" : "s3-m2",
    "properties" : {
      "SIRE_MENTION_ROLE" : "Product",
      "SIRE_ENTITY_SUBTYPE" : "NONE",
      "SIRE_MENTION_TYPE" : "NONE",
      "SIRE_MENTION_CLASS" : "SPC"
    },
    "type" : "Product",
    "begin" : 332,
    "end" : 336,
    "inCoref" : true
  }, {
    "id" : "s4-m2",
    "properties" : {
      "SIRE_MENTION_ROLE" : "Product",
      "SIRE_ENTITY_SUBTYPE" : "NONE",
      "SIRE_MENTION_TYPE" : "NONE",
      "SIRE_MENTION_CLASS" : "SPC"
    },
    "type" : "Product",
    "begin" : 478,
    "end" : 482,
    "inCoref" : true
  } ],
  "relations" : [ {
    "id" : "s0-r1",
    "properties" : { },
    "type" : "propertyOf",
    "args" : [ "s0-m1", "s0-m2" ]
  }, {
    "id" : "s2-r1",
    "properties" : { },
    "type" : "propertyOf",
    "args" : [ "s2-m4", "s2-m5" ]
  } ],
  "corefs" : [ {
    "id" : "c1",
    "properties" : { },
    "mentions" : [ "s0-m2", "s0-m4", "s2-m5" ]
  }, {
    "id" : "c2",
    "properties" : { },
    "mentions" : [ "s1-m2", "s1-m1", "s2-m1", "s3-m1", "s2-m2", "s3-m2", "s4-m2" ]
  }, {
    "id" : "c3",
    "properties" : { },
    "mentions" : [ "s0-m1", "s2-m4" ]
  } ],
  "typeResolved" : true,
  "userResolved" : false
}