{
  "id" : "bc2e7dc0-32ab-11e8-9c9d-6505f4419106-93",
  "name" : "review_1492.json",
  "createdDate" : 0,
  "version" : 3,
  "text" : "WOW! I recently tried Lara Bar for the first time, and have tried several flavors now. Who knew an energy/meal bar could be this good? Simply amazing!<br /><br />My favorite is the PECAN PIE FLAVOR. It satisfies my craving for an actual pecan pie, and it only has 3 ingredients! The ingredients are: dates, pecans, almonds. That's it! I cannot figure out how they make it taste like pie with only these ingredients but they do. How wonderful to have an item with such a short healthy ingredient list.<br /><br />My second favorite so far is the Lemon Bar, it's really good too, and has only 5 ingredients. Key Lime Pie is good... heck, they're all good!<br /><br />So refreshing to eat something that tastes so decadent, and is made from whole foods, thanks Lara Bar! :-)",
  "docLength" : 0,
  "language" : "EN",
  "status" : "SUBMITTED",
  "modifiedDate" : 1522302049598,
  "documentSet" : [ ],
  "preannotation" : [ ],
  "sentences" : [ {
    "id" : "s0",
    "begin" : 0,
    "end" : 4,
    "text" : "WOW!",
    "tokens" : [ {
      "id" : "s0-t0",
      "begin" : 0,
      "end" : 3,
      "text" : "WOW",
      "whiteSpace" : false
    }, {
      "id" : "s0-t1",
      "begin" : 3,
      "end" : 4,
      "text" : "!",
      "whiteSpace" : false
    } ]
  }, {
    "id" : "s1",
    "begin" : 5,
    "end" : 86,
    "text" : "I recently tried Lara Bar for the first time, and have tried several flavors now.",
    "tokens" : [ {
      "id" : "s1-t0",
      "begin" : 5,
      "end" : 6,
      "text" : "I",
      "whiteSpace" : false
    }, {
      "id" : "s1-t1",
      "begin" : 7,
      "end" : 15,
      "text" : "recently",
      "whiteSpace" : false
    }, {
      "id" : "s1-t2",
      "begin" : 16,
      "end" : 21,
      "text" : "tried",
      "whiteSpace" : false
    }, {
      "id" : "s1-t3",
      "begin" : 22,
      "end" : 26,
      "text" : "Lara",
      "whiteSpace" : false
    }, {
      "id" : "s1-t4",
      "begin" : 27,
      "end" : 30,
      "text" : "Bar",
      "whiteSpace" : false
    }, {
      "id" : "s1-t5",
      "begin" : 31,
      "end" : 34,
      "text" : "for",
      "whiteSpace" : false
    }, {
      "id" : "s1-t6",
      "begin" : 35,
      "end" : 38,
      "text" : "the",
      "whiteSpace" : false
    }, {
      "id" : "s1-t7",
      "begin" : 39,
      "end" : 44,
      "text" : "first",
      "whiteSpace" : false
    }, {
      "id" : "s1-t8",
      "begin" : 45,
      "end" : 49,
      "text" : "time",
      "whiteSpace" : false
    }, {
      "id" : "s1-t9",
      "begin" : 49,
      "end" : 50,
      "text" : ",",
      "whiteSpace" : false
    }, {
      "id" : "s1-t10",
      "begin" : 51,
      "end" : 54,
      "text" : "and",
      "whiteSpace" : false
    }, {
      "id" : "s1-t11",
      "begin" : 55,
      "end" : 59,
      "text" : "have",
      "whiteSpace" : false
    }, {
      "id" : "s1-t12",
      "begin" : 60,
      "end" : 65,
      "text" : "tried",
      "whiteSpace" : false
    }, {
      "id" : "s1-t13",
      "begin" : 66,
      "end" : 73,
      "text" : "several",
      "whiteSpace" : false
    }, {
      "id" : "s1-t14",
      "begin" : 74,
      "end" : 81,
      "text" : "flavors",
      "whiteSpace" : false
    }, {
      "id" : "s1-t15",
      "begin" : 82,
      "end" : 85,
      "text" : "now",
      "whiteSpace" : false
    }, {
      "id" : "s1-t16",
      "begin" : 85,
      "end" : 86,
      "text" : ".",
      "whiteSpace" : false
    } ]
  }, {
    "id" : "s2",
    "begin" : 87,
    "end" : 134,
    "text" : "Who knew an energy/meal bar could be this good?",
    "tokens" : [ {
      "id" : "s2-t0",
      "begin" : 87,
      "end" : 90,
      "text" : "Who",
      "whiteSpace" : false
    }, {
      "id" : "s2-t1",
      "begin" : 91,
      "end" : 95,
      "text" : "knew",
      "whiteSpace" : false
    }, {
      "id" : "s2-t2",
      "begin" : 96,
      "end" : 98,
      "text" : "an",
      "whiteSpace" : false
    }, {
      "id" : "s2-t3",
      "begin" : 99,
      "end" : 105,
      "text" : "energy",
      "whiteSpace" : false
    }, {
      "id" : "s2-t4",
      "begin" : 105,
      "end" : 106,
      "text" : "/",
      "whiteSpace" : false
    }, {
      "id" : "s2-t5",
      "begin" : 106,
      "end" : 110,
      "text" : "meal",
      "whiteSpace" : false
    }, {
      "id" : "s2-t6",
      "begin" : 111,
      "end" : 114,
      "text" : "bar",
      "whiteSpace" : false
    }, {
      "id" : "s2-t7",
      "begin" : 115,
      "end" : 120,
      "text" : "could",
      "whiteSpace" : false
    }, {
      "id" : "s2-t8",
      "begin" : 121,
      "end" : 123,
      "text" : "be",
      "whiteSpace" : false
    }, {
      "id" : "s2-t9",
      "begin" : 124,
      "end" : 128,
      "text" : "this",
      "whiteSpace" : false
    }, {
      "id" : "s2-t10",
      "begin" : 129,
      "end" : 133,
      "text" : "good",
      "whiteSpace" : false
    }, {
      "id" : "s2-t11",
      "begin" : 133,
      "end" : 134,
      "text" : "?",
      "whiteSpace" : false
    } ]
  }, {
    "id" : "s3",
    "begin" : 135,
    "end" : 150,
    "text" : "Simply amazing!",
    "tokens" : [ {
      "id" : "s3-t0",
      "begin" : 135,
      "end" : 141,
      "text" : "Simply",
      "whiteSpace" : false
    }, {
      "id" : "s3-t1",
      "begin" : 142,
      "end" : 149,
      "text" : "amazing",
      "whiteSpace" : false
    }, {
      "id" : "s3-t2",
      "begin" : 149,
      "end" : 150,
      "text" : "!",
      "whiteSpace" : false
    } ]
  }, {
    "id" : "s4",
    "begin" : 150,
    "end" : 198,
    "text" : "<br /><br />My favorite is the PECAN PIE FLAVOR.",
    "tokens" : [ {
      "id" : "s4-t0",
      "begin" : 150,
      "end" : 153,
      "text" : "<br",
      "whiteSpace" : false
    }, {
      "id" : "s4-t1",
      "begin" : 154,
      "end" : 156,
      "text" : "/>",
      "whiteSpace" : false
    }, {
      "id" : "s4-t2",
      "begin" : 156,
      "end" : 159,
      "text" : "<br",
      "whiteSpace" : false
    }, {
      "id" : "s4-t3",
      "begin" : 160,
      "end" : 162,
      "text" : "/>",
      "whiteSpace" : false
    }, {
      "id" : "s4-t4",
      "begin" : 162,
      "end" : 164,
      "text" : "My",
      "whiteSpace" : false
    }, {
      "id" : "s4-t5",
      "begin" : 165,
      "end" : 173,
      "text" : "favorite",
      "whiteSpace" : false
    }, {
      "id" : "s4-t6",
      "begin" : 174,
      "end" : 176,
      "text" : "is",
      "whiteSpace" : false
    }, {
      "id" : "s4-t7",
      "begin" : 177,
      "end" : 180,
      "text" : "the",
      "whiteSpace" : false
    }, {
      "id" : "s4-t8",
      "begin" : 181,
      "end" : 186,
      "text" : "PECAN",
      "whiteSpace" : false
    }, {
      "id" : "s4-t9",
      "begin" : 187,
      "end" : 190,
      "text" : "PIE",
      "whiteSpace" : false
    }, {
      "id" : "s4-t10",
      "begin" : 191,
      "end" : 197,
      "text" : "FLAVOR",
      "whiteSpace" : false
    }, {
      "id" : "s4-t11",
      "begin" : 197,
      "end" : 198,
      "text" : ".",
      "whiteSpace" : false
    } ]
  }, {
    "id" : "s5",
    "begin" : 199,
    "end" : 278,
    "text" : "It satisfies my craving for an actual pecan pie, and it only has 3 ingredients!",
    "tokens" : [ {
      "id" : "s5-t0",
      "begin" : 199,
      "end" : 201,
      "text" : "It",
      "whiteSpace" : false
    }, {
      "id" : "s5-t1",
      "begin" : 202,
      "end" : 211,
      "text" : "satisfies",
      "whiteSpace" : false
    }, {
      "id" : "s5-t2",
      "begin" : 212,
      "end" : 214,
      "text" : "my",
      "whiteSpace" : false
    }, {
      "id" : "s5-t3",
      "begin" : 215,
      "end" : 222,
      "text" : "craving",
      "whiteSpace" : false
    }, {
      "id" : "s5-t4",
      "begin" : 223,
      "end" : 226,
      "text" : "for",
      "whiteSpace" : false
    }, {
      "id" : "s5-t5",
      "begin" : 227,
      "end" : 229,
      "text" : "an",
      "whiteSpace" : false
    }, {
      "id" : "s5-t6",
      "begin" : 230,
      "end" : 236,
      "text" : "actual",
      "whiteSpace" : false
    }, {
      "id" : "s5-t7",
      "begin" : 237,
      "end" : 242,
      "text" : "pecan",
      "whiteSpace" : false
    }, {
      "id" : "s5-t8",
      "begin" : 243,
      "end" : 246,
      "text" : "pie",
      "whiteSpace" : false
    }, {
      "id" : "s5-t9",
      "begin" : 246,
      "end" : 247,
      "text" : ",",
      "whiteSpace" : false
    }, {
      "id" : "s5-t10",
      "begin" : 248,
      "end" : 251,
      "text" : "and",
      "whiteSpace" : false
    }, {
      "id" : "s5-t11",
      "begin" : 252,
      "end" : 254,
      "text" : "it",
      "whiteSpace" : false
    }, {
      "id" : "s5-t12",
      "begin" : 255,
      "end" : 259,
      "text" : "only",
      "whiteSpace" : false
    }, {
      "id" : "s5-t13",
      "begin" : 260,
      "end" : 263,
      "text" : "has",
      "whiteSpace" : false
    }, {
      "id" : "s5-t14",
      "begin" : 264,
      "end" : 265,
      "text" : "3",
      "whiteSpace" : false
    }, {
      "id" : "s5-t15",
      "begin" : 266,
      "end" : 277,
      "text" : "ingredients",
      "whiteSpace" : false
    }, {
      "id" : "s5-t16",
      "begin" : 277,
      "end" : 278,
      "text" : "!",
      "whiteSpace" : false
    } ]
  }, {
    "id" : "s6",
    "begin" : 279,
    "end" : 323,
    "text" : "The ingredients are: dates, pecans, almonds.",
    "tokens" : [ {
      "id" : "s6-t0",
      "begin" : 279,
      "end" : 282,
      "text" : "The",
      "whiteSpace" : false
    }, {
      "id" : "s6-t1",
      "begin" : 283,
      "end" : 294,
      "text" : "ingredients",
      "whiteSpace" : false
    }, {
      "id" : "s6-t2",
      "begin" : 295,
      "end" : 298,
      "text" : "are",
      "whiteSpace" : false
    }, {
      "id" : "s6-t3",
      "begin" : 298,
      "end" : 299,
      "text" : ":",
      "whiteSpace" : false
    }, {
      "id" : "s6-t4",
      "begin" : 300,
      "end" : 305,
      "text" : "dates",
      "whiteSpace" : false
    }, {
      "id" : "s6-t5",
      "begin" : 305,
      "end" : 306,
      "text" : ",",
      "whiteSpace" : false
    }, {
      "id" : "s6-t6",
      "begin" : 307,
      "end" : 313,
      "text" : "pecans",
      "whiteSpace" : false
    }, {
      "id" : "s6-t7",
      "begin" : 313,
      "end" : 314,
      "text" : ",",
      "whiteSpace" : false
    }, {
      "id" : "s6-t8",
      "begin" : 315,
      "end" : 322,
      "text" : "almonds",
      "whiteSpace" : false
    }, {
      "id" : "s6-t9",
      "begin" : 322,
      "end" : 323,
      "text" : ".",
      "whiteSpace" : false
    } ]
  }, {
    "id" : "s7",
    "begin" : 324,
    "end" : 334,
    "text" : "That's it!",
    "tokens" : [ {
      "id" : "s7-t0",
      "begin" : 324,
      "end" : 328,
      "text" : "That",
      "whiteSpace" : false
    }, {
      "id" : "s7-t1",
      "begin" : 328,
      "end" : 330,
      "text" : "'s",
      "whiteSpace" : false
    }, {
      "id" : "s7-t2",
      "begin" : 331,
      "end" : 333,
      "text" : "it",
      "whiteSpace" : false
    }, {
      "id" : "s7-t3",
      "begin" : 333,
      "end" : 334,
      "text" : "!",
      "whiteSpace" : false
    } ]
  }, {
    "id" : "s8",
    "begin" : 335,
    "end" : 427,
    "text" : "I cannot figure out how they make it taste like pie with only these ingredients but they do.",
    "tokens" : [ {
      "id" : "s8-t0",
      "begin" : 335,
      "end" : 336,
      "text" : "I",
      "whiteSpace" : false
    }, {
      "id" : "s8-t1",
      "begin" : 337,
      "end" : 343,
      "text" : "cannot",
      "whiteSpace" : false
    }, {
      "id" : "s8-t2",
      "begin" : 344,
      "end" : 350,
      "text" : "figure",
      "whiteSpace" : false
    }, {
      "id" : "s8-t3",
      "begin" : 351,
      "end" : 354,
      "text" : "out",
      "whiteSpace" : false
    }, {
      "id" : "s8-t4",
      "begin" : 355,
      "end" : 358,
      "text" : "how",
      "whiteSpace" : false
    }, {
      "id" : "s8-t5",
      "begin" : 359,
      "end" : 363,
      "text" : "they",
      "whiteSpace" : false
    }, {
      "id" : "s8-t6",
      "begin" : 364,
      "end" : 368,
      "text" : "make",
      "whiteSpace" : false
    }, {
      "id" : "s8-t7",
      "begin" : 369,
      "end" : 371,
      "text" : "it",
      "whiteSpace" : false
    }, {
      "id" : "s8-t8",
      "begin" : 372,
      "end" : 377,
      "text" : "taste",
      "whiteSpace" : false
    }, {
      "id" : "s8-t9",
      "begin" : 378,
      "end" : 382,
      "text" : "like",
      "whiteSpace" : false
    }, {
      "id" : "s8-t10",
      "begin" : 383,
      "end" : 386,
      "text" : "pie",
      "whiteSpace" : false
    }, {
      "id" : "s8-t11",
      "begin" : 387,
      "end" : 391,
      "text" : "with",
      "whiteSpace" : false
    }, {
      "id" : "s8-t12",
      "begin" : 392,
      "end" : 396,
      "text" : "only",
      "whiteSpace" : false
    }, {
      "id" : "s8-t13",
      "begin" : 397,
      "end" : 402,
      "text" : "these",
      "whiteSpace" : false
    }, {
      "id" : "s8-t14",
      "begin" : 403,
      "end" : 414,
      "text" : "ingredients",
      "whiteSpace" : false
    }, {
      "id" : "s8-t15",
      "begin" : 415,
      "end" : 418,
      "text" : "but",
      "whiteSpace" : false
    }, {
      "id" : "s8-t16",
      "begin" : 419,
      "end" : 423,
      "text" : "they",
      "whiteSpace" : false
    }, {
      "id" : "s8-t17",
      "begin" : 424,
      "end" : 426,
      "text" : "do",
      "whiteSpace" : false
    }, {
      "id" : "s8-t18",
      "begin" : 426,
      "end" : 427,
      "text" : ".",
      "whiteSpace" : false
    } ]
  }, {
    "id" : "s9",
    "begin" : 428,
    "end" : 500,
    "text" : "How wonderful to have an item with such a short healthy ingredient list.",
    "tokens" : [ {
      "id" : "s9-t0",
      "begin" : 428,
      "end" : 431,
      "text" : "How",
      "whiteSpace" : false
    }, {
      "id" : "s9-t1",
      "begin" : 432,
      "end" : 441,
      "text" : "wonderful",
      "whiteSpace" : false
    }, {
      "id" : "s9-t2",
      "begin" : 442,
      "end" : 444,
      "text" : "to",
      "whiteSpace" : false
    }, {
      "id" : "s9-t3",
      "begin" : 445,
      "end" : 449,
      "text" : "have",
      "whiteSpace" : false
    }, {
      "id" : "s9-t4",
      "begin" : 450,
      "end" : 452,
      "text" : "an",
      "whiteSpace" : false
    }, {
      "id" : "s9-t5",
      "begin" : 453,
      "end" : 457,
      "text" : "item",
      "whiteSpace" : false
    }, {
      "id" : "s9-t6",
      "begin" : 458,
      "end" : 462,
      "text" : "with",
      "whiteSpace" : false
    }, {
      "id" : "s9-t7",
      "begin" : 463,
      "end" : 467,
      "text" : "such",
      "whiteSpace" : false
    }, {
      "id" : "s9-t8",
      "begin" : 468,
      "end" : 469,
      "text" : "a",
      "whiteSpace" : false
    }, {
      "id" : "s9-t9",
      "begin" : 470,
      "end" : 475,
      "text" : "short",
      "whiteSpace" : false
    }, {
      "id" : "s9-t10",
      "begin" : 476,
      "end" : 483,
      "text" : "healthy",
      "whiteSpace" : false
    }, {
      "id" : "s9-t11",
      "begin" : 484,
      "end" : 494,
      "text" : "ingredient",
      "whiteSpace" : false
    }, {
      "id" : "s9-t12",
      "begin" : 495,
      "end" : 499,
      "text" : "list",
      "whiteSpace" : false
    }, {
      "id" : "s9-t13",
      "begin" : 499,
      "end" : 500,
      "text" : ".",
      "whiteSpace" : false
    } ]
  }, {
    "id" : "s10",
    "begin" : 500,
    "end" : 605,
    "text" : "<br /><br />My second favorite so far is the Lemon Bar, it's really good too, and has only 5 ingredients.",
    "tokens" : [ {
      "id" : "s10-t0",
      "begin" : 500,
      "end" : 503,
      "text" : "<br",
      "whiteSpace" : false
    }, {
      "id" : "s10-t1",
      "begin" : 504,
      "end" : 506,
      "text" : "/>",
      "whiteSpace" : false
    }, {
      "id" : "s10-t2",
      "begin" : 506,
      "end" : 509,
      "text" : "<br",
      "whiteSpace" : false
    }, {
      "id" : "s10-t3",
      "begin" : 510,
      "end" : 512,
      "text" : "/>",
      "whiteSpace" : false
    }, {
      "id" : "s10-t4",
      "begin" : 512,
      "end" : 514,
      "text" : "My",
      "whiteSpace" : false
    }, {
      "id" : "s10-t5",
      "begin" : 515,
      "end" : 521,
      "text" : "second",
      "whiteSpace" : false
    }, {
      "id" : "s10-t6",
      "begin" : 522,
      "end" : 530,
      "text" : "favorite",
      "whiteSpace" : false
    }, {
      "id" : "s10-t7",
      "begin" : 531,
      "end" : 533,
      "text" : "so",
      "whiteSpace" : false
    }, {
      "id" : "s10-t8",
      "begin" : 534,
      "end" : 537,
      "text" : "far",
      "whiteSpace" : false
    }, {
      "id" : "s10-t9",
      "begin" : 538,
      "end" : 540,
      "text" : "is",
      "whiteSpace" : false
    }, {
      "id" : "s10-t10",
      "begin" : 541,
      "end" : 544,
      "text" : "the",
      "whiteSpace" : false
    }, {
      "id" : "s10-t11",
      "begin" : 545,
      "end" : 550,
      "text" : "Lemon",
      "whiteSpace" : false
    }, {
      "id" : "s10-t12",
      "begin" : 551,
      "end" : 554,
      "text" : "Bar",
      "whiteSpace" : false
    }, {
      "id" : "s10-t13",
      "begin" : 554,
      "end" : 555,
      "text" : ",",
      "whiteSpace" : false
    }, {
      "id" : "s10-t14",
      "begin" : 556,
      "end" : 558,
      "text" : "it",
      "whiteSpace" : false
    }, {
      "id" : "s10-t15",
      "begin" : 558,
      "end" : 560,
      "text" : "'s",
      "whiteSpace" : false
    }, {
      "id" : "s10-t16",
      "begin" : 561,
      "end" : 567,
      "text" : "really",
      "whiteSpace" : false
    }, {
      "id" : "s10-t17",
      "begin" : 568,
      "end" : 572,
      "text" : "good",
      "whiteSpace" : false
    }, {
      "id" : "s10-t18",
      "begin" : 573,
      "end" : 576,
      "text" : "too",
      "whiteSpace" : false
    }, {
      "id" : "s10-t19",
      "begin" : 576,
      "end" : 577,
      "text" : ",",
      "whiteSpace" : false
    }, {
      "id" : "s10-t20",
      "begin" : 578,
      "end" : 581,
      "text" : "and",
      "whiteSpace" : false
    }, {
      "id" : "s10-t21",
      "begin" : 582,
      "end" : 585,
      "text" : "has",
      "whiteSpace" : false
    }, {
      "id" : "s10-t22",
      "begin" : 586,
      "end" : 590,
      "text" : "only",
      "whiteSpace" : false
    }, {
      "id" : "s10-t23",
      "begin" : 591,
      "end" : 592,
      "text" : "5",
      "whiteSpace" : false
    }, {
      "id" : "s10-t24",
      "begin" : 593,
      "end" : 604,
      "text" : "ingredients",
      "whiteSpace" : false
    }, {
      "id" : "s10-t25",
      "begin" : 604,
      "end" : 605,
      "text" : ".",
      "whiteSpace" : false
    } ]
  }, {
    "id" : "s11",
    "begin" : 606,
    "end" : 653,
    "text" : "Key Lime Pie is good... heck, they're all good!",
    "tokens" : [ {
      "id" : "s11-t0",
      "begin" : 606,
      "end" : 609,
      "text" : "Key",
      "whiteSpace" : false
    }, {
      "id" : "s11-t1",
      "begin" : 610,
      "end" : 614,
      "text" : "Lime",
      "whiteSpace" : false
    }, {
      "id" : "s11-t2",
      "begin" : 615,
      "end" : 618,
      "text" : "Pie",
      "whiteSpace" : false
    }, {
      "id" : "s11-t3",
      "begin" : 619,
      "end" : 621,
      "text" : "is",
      "whiteSpace" : false
    }, {
      "id" : "s11-t4",
      "begin" : 622,
      "end" : 626,
      "text" : "good",
      "whiteSpace" : false
    }, {
      "id" : "s11-t5",
      "begin" : 626,
      "end" : 629,
      "text" : "...",
      "whiteSpace" : false
    }, {
      "id" : "s11-t6",
      "begin" : 630,
      "end" : 634,
      "text" : "heck",
      "whiteSpace" : false
    }, {
      "id" : "s11-t7",
      "begin" : 634,
      "end" : 635,
      "text" : ",",
      "whiteSpace" : false
    }, {
      "id" : "s11-t8",
      "begin" : 636,
      "end" : 640,
      "text" : "they",
      "whiteSpace" : false
    }, {
      "id" : "s11-t9",
      "begin" : 640,
      "end" : 643,
      "text" : "'re",
      "whiteSpace" : false
    }, {
      "id" : "s11-t10",
      "begin" : 644,
      "end" : 647,
      "text" : "all",
      "whiteSpace" : false
    }, {
      "id" : "s11-t11",
      "begin" : 648,
      "end" : 652,
      "text" : "good",
      "whiteSpace" : false
    }, {
      "id" : "s11-t12",
      "begin" : 652,
      "end" : 653,
      "text" : "!",
      "whiteSpace" : false
    } ]
  }, {
    "id" : "s12",
    "begin" : 653,
    "end" : 767,
    "text" : "<br /><br />So refreshing to eat something that tastes so decadent, and is made from whole foods, thanks Lara Bar!",
    "tokens" : [ {
      "id" : "s12-t0",
      "begin" : 653,
      "end" : 656,
      "text" : "<br",
      "whiteSpace" : false
    }, {
      "id" : "s12-t1",
      "begin" : 657,
      "end" : 659,
      "text" : "/>",
      "whiteSpace" : false
    }, {
      "id" : "s12-t2",
      "begin" : 659,
      "end" : 662,
      "text" : "<br",
      "whiteSpace" : false
    }, {
      "id" : "s12-t3",
      "begin" : 663,
      "end" : 665,
      "text" : "/>",
      "whiteSpace" : false
    }, {
      "id" : "s12-t4",
      "begin" : 665,
      "end" : 667,
      "text" : "So",
      "whiteSpace" : false
    }, {
      "id" : "s12-t5",
      "begin" : 668,
      "end" : 678,
      "text" : "refreshing",
      "whiteSpace" : false
    }, {
      "id" : "s12-t6",
      "begin" : 679,
      "end" : 681,
      "text" : "to",
      "whiteSpace" : false
    }, {
      "id" : "s12-t7",
      "begin" : 682,
      "end" : 685,
      "text" : "eat",
      "whiteSpace" : false
    }, {
      "id" : "s12-t8",
      "begin" : 686,
      "end" : 695,
      "text" : "something",
      "whiteSpace" : false
    }, {
      "id" : "s12-t9",
      "begin" : 696,
      "end" : 700,
      "text" : "that",
      "whiteSpace" : false
    }, {
      "id" : "s12-t10",
      "begin" : 701,
      "end" : 707,
      "text" : "tastes",
      "whiteSpace" : false
    }, {
      "id" : "s12-t11",
      "begin" : 708,
      "end" : 710,
      "text" : "so",
      "whiteSpace" : false
    }, {
      "id" : "s12-t12",
      "begin" : 711,
      "end" : 719,
      "text" : "decadent",
      "whiteSpace" : false
    }, {
      "id" : "s12-t13",
      "begin" : 719,
      "end" : 720,
      "text" : ",",
      "whiteSpace" : false
    }, {
      "id" : "s12-t14",
      "begin" : 721,
      "end" : 724,
      "text" : "and",
      "whiteSpace" : false
    }, {
      "id" : "s12-t15",
      "begin" : 725,
      "end" : 727,
      "text" : "is",
      "whiteSpace" : false
    }, {
      "id" : "s12-t16",
      "begin" : 728,
      "end" : 732,
      "text" : "made",
      "whiteSpace" : false
    }, {
      "id" : "s12-t17",
      "begin" : 733,
      "end" : 737,
      "text" : "from",
      "whiteSpace" : false
    }, {
      "id" : "s12-t18",
      "begin" : 738,
      "end" : 743,
      "text" : "whole",
      "whiteSpace" : false
    }, {
      "id" : "s12-t19",
      "begin" : 744,
      "end" : 749,
      "text" : "foods",
      "whiteSpace" : false
    }, {
      "id" : "s12-t20",
      "begin" : 749,
      "end" : 750,
      "text" : ",",
      "whiteSpace" : false
    }, {
      "id" : "s12-t21",
      "begin" : 751,
      "end" : 757,
      "text" : "thanks",
      "whiteSpace" : false
    }, {
      "id" : "s12-t22",
      "begin" : 758,
      "end" : 762,
      "text" : "Lara",
      "whiteSpace" : false
    }, {
      "id" : "s12-t23",
      "begin" : 763,
      "end" : 766,
      "text" : "Bar",
      "whiteSpace" : false
    }, {
      "id" : "s12-t24",
      "begin" : 766,
      "end" : 767,
      "text" : "!",
      "whiteSpace" : false
    } ]
  }, {
    "id" : "s13",
    "begin" : 768,
    "end" : 771,
    "text" : ":-)",
    "tokens" : [ {
      "id" : "s13-t0",
      "begin" : 768,
      "end" : 769,
      "text" : ":",
      "whiteSpace" : false
    }, {
      "id" : "s13-t1",
      "begin" : 769,
      "end" : 770,
      "text" : "-",
      "whiteSpace" : false
    }, {
      "id" : "s13-t2",
      "begin" : 770,
      "end" : 771,
      "text" : ")",
      "whiteSpace" : false
    } ]
  } ],
  "mentions" : [ {
    "id" : "s1-m1",
    "properties" : {
      "SIRE_MENTION_ROLE" : "Brand",
      "SIRE_ENTITY_SUBTYPE" : "NONE",
      "SIRE_MENTION_TYPE" : "NONE",
      "SIRE_MENTION_CLASS" : "SPC"
    },
    "type" : "Brand",
    "begin" : 22,
    "end" : 30,
    "inCoref" : true
  }, {
    "id" : "s1-m2",
    "properties" : {
      "SIRE_MENTION_ROLE" : "Attribute",
      "SIRE_ENTITY_SUBTYPE" : "NONE",
      "SIRE_MENTION_TYPE" : "NONE",
      "SIRE_MENTION_CLASS" : "SPC"
    },
    "type" : "Attribute",
    "begin" : 74,
    "end" : 81,
    "inCoref" : false
  }, {
    "id" : "s2-m1",
    "properties" : {
      "SIRE_MENTION_ROLE" : "Product",
      "SIRE_ENTITY_SUBTYPE" : "NONE",
      "SIRE_MENTION_TYPE" : "NONE",
      "SIRE_MENTION_CLASS" : "SPC"
    },
    "type" : "Product",
    "begin" : 99,
    "end" : 114,
    "inCoref" : false
  }, {
    "id" : "s4-m1",
    "properties" : {
      "SIRE_MENTION_ROLE" : "Product",
      "SIRE_ENTITY_SUBTYPE" : "NONE",
      "SIRE_MENTION_TYPE" : "NONE",
      "SIRE_MENTION_CLASS" : "SPC"
    },
    "type" : "Product",
    "begin" : 181,
    "end" : 190,
    "inCoref" : true
  }, {
    "id" : "s4-m2",
    "properties" : {
      "SIRE_MENTION_ROLE" : "Attribute",
      "SIRE_ENTITY_SUBTYPE" : "NONE",
      "SIRE_MENTION_TYPE" : "NONE",
      "SIRE_MENTION_CLASS" : "SPC"
    },
    "type" : "Attribute",
    "begin" : 191,
    "end" : 197,
    "inCoref" : true
  }, {
    "id" : "s5-m1",
    "properties" : {
      "SIRE_MENTION_ROLE" : "Product",
      "SIRE_ENTITY_SUBTYPE" : "NONE",
      "SIRE_MENTION_TYPE" : "NONE",
      "SIRE_MENTION_CLASS" : "SPC"
    },
    "type" : "Product",
    "begin" : 199,
    "end" : 201,
    "inCoref" : false
  }, {
    "id" : "s5-m2",
    "properties" : {
      "SIRE_MENTION_ROLE" : "Product",
      "SIRE_ENTITY_SUBTYPE" : "NONE",
      "SIRE_MENTION_TYPE" : "NONE",
      "SIRE_MENTION_CLASS" : "SPC"
    },
    "type" : "Product",
    "begin" : 252,
    "end" : 254,
    "inCoref" : true
  }, {
    "id" : "s6-m1",
    "properties" : {
      "SIRE_MENTION_ROLE" : "Attribute",
      "SIRE_ENTITY_SUBTYPE" : "NONE",
      "SIRE_MENTION_TYPE" : "NONE",
      "SIRE_MENTION_CLASS" : "SPC"
    },
    "type" : "Attribute",
    "begin" : 300,
    "end" : 305,
    "inCoref" : false
  }, {
    "id" : "s6-m2",
    "properties" : {
      "SIRE_MENTION_ROLE" : "Attribute",
      "SIRE_ENTITY_SUBTYPE" : "NONE",
      "SIRE_MENTION_TYPE" : "NONE",
      "SIRE_MENTION_CLASS" : "SPC"
    },
    "type" : "Attribute",
    "begin" : 307,
    "end" : 313,
    "inCoref" : false
  }, {
    "id" : "s6-m3",
    "properties" : {
      "SIRE_MENTION_ROLE" : "Attribute",
      "SIRE_ENTITY_SUBTYPE" : "NONE",
      "SIRE_MENTION_TYPE" : "NONE",
      "SIRE_MENTION_CLASS" : "SPC"
    },
    "type" : "Attribute",
    "begin" : 315,
    "end" : 322,
    "inCoref" : false
  }, {
    "id" : "s8-m1",
    "properties" : {
      "SIRE_MENTION_ROLE" : "Product",
      "SIRE_ENTITY_SUBTYPE" : "NONE",
      "SIRE_MENTION_TYPE" : "NONE",
      "SIRE_MENTION_CLASS" : "SPC"
    },
    "type" : "Product",
    "begin" : 369,
    "end" : 371,
    "inCoref" : true
  }, {
    "id" : "s8-m2",
    "properties" : {
      "SIRE_MENTION_ROLE" : "Attribute",
      "SIRE_ENTITY_SUBTYPE" : "NONE",
      "SIRE_MENTION_TYPE" : "NONE",
      "SIRE_MENTION_CLASS" : "SPC"
    },
    "type" : "Attribute",
    "begin" : 383,
    "end" : 386,
    "inCoref" : true
  }, {
    "id" : "s9-m1",
    "properties" : {
      "SIRE_MENTION_ROLE" : "Product",
      "SIRE_ENTITY_SUBTYPE" : "NONE",
      "SIRE_MENTION_TYPE" : "NONE",
      "SIRE_MENTION_CLASS" : "SPC"
    },
    "type" : "Product",
    "begin" : 453,
    "end" : 457,
    "inCoref" : true
  }, {
    "id" : "s10-m1",
    "properties" : {
      "SIRE_MENTION_ROLE" : "Product",
      "SIRE_ENTITY_SUBTYPE" : "NONE",
      "SIRE_MENTION_TYPE" : "NONE",
      "SIRE_MENTION_CLASS" : "SPC"
    },
    "type" : "Product",
    "begin" : 545,
    "end" : 554,
    "inCoref" : true
  }, {
    "id" : "s10-m2",
    "properties" : {
      "SIRE_MENTION_ROLE" : "Product",
      "SIRE_ENTITY_SUBTYPE" : "NONE",
      "SIRE_MENTION_TYPE" : "NONE",
      "SIRE_MENTION_CLASS" : "SPC"
    },
    "type" : "Product",
    "begin" : 556,
    "end" : 558,
    "inCoref" : true
  }, {
    "id" : "s11-m1",
    "properties" : {
      "SIRE_MENTION_ROLE" : "Product",
      "SIRE_ENTITY_SUBTYPE" : "NONE",
      "SIRE_MENTION_TYPE" : "NONE",
      "SIRE_MENTION_CLASS" : "SPC"
    },
    "type" : "Product",
    "begin" : 606,
    "end" : 618,
    "inCoref" : false
  }, {
    "id" : "s11-m2",
    "properties" : {
      "SIRE_MENTION_ROLE" : "Product",
      "SIRE_ENTITY_SUBTYPE" : "NONE",
      "SIRE_MENTION_TYPE" : "NONE",
      "SIRE_MENTION_CLASS" : "SPC"
    },
    "type" : "Product",
    "begin" : 636,
    "end" : 640,
    "inCoref" : false
  }, {
    "id" : "s12-m1",
    "properties" : {
      "SIRE_MENTION_ROLE" : "Attribute",
      "SIRE_ENTITY_SUBTYPE" : "NONE",
      "SIRE_MENTION_TYPE" : "NONE",
      "SIRE_MENTION_CLASS" : "SPC"
    },
    "type" : "Attribute",
    "begin" : 738,
    "end" : 749,
    "inCoref" : false
  }, {
    "id" : "s12-m2",
    "properties" : {
      "SIRE_MENTION_ROLE" : "Brand",
      "SIRE_ENTITY_SUBTYPE" : "NONE",
      "SIRE_MENTION_TYPE" : "NONE",
      "SIRE_MENTION_CLASS" : "SPC"
    },
    "type" : "Brand",
    "begin" : 758,
    "end" : 766,
    "inCoref" : true
  } ],
  "relations" : [ {
    "id" : "s4-r1",
    "properties" : { },
    "type" : "propertyOf",
    "args" : [ "s4-m2", "s4-m1" ]
  }, {
    "id" : "s8-r1",
    "properties" : { },
    "type" : "propertyOf",
    "args" : [ "s8-m2", "s8-m1" ]
  } ],
  "corefs" : [ {
    "id" : "c5",
    "properties" : { },
    "mentions" : [ "s4-m1", "s5-m2", "s8-m1", "s9-m1" ]
  }, {
    "id" : "c6",
    "properties" : { },
    "mentions" : [ "s10-m1", "s10-m2" ]
  }, {
    "id" : "c7",
    "properties" : { },
    "mentions" : [ "s12-m2", "s1-m1" ]
  }, {
    "id" : "c8",
    "properties" : { },
    "mentions" : [ "s8-m2", "s4-m2" ]
  } ],
  "typeResolved" : true,
  "userResolved" : false
}