{
  "id" : "bc2e7dc0-32ab-11e8-9c9d-6505f4419106-54",
  "name" : "review_0912.json",
  "createdDate" : 0,
  "version" : 3,
  "text" : "I was very pleased with this coconut water. It tastes fresh, pure and delicious. It's excellent for re-hydration, especially after sports, while pregnant, in labor, or just during the hot summer months.<br /><br />The tetra bottles are large, great for stashing in the refrigerator and using throughout the day.<br /><br />I typically buy another brand, but I'm glad I decided to try ZICO this time. The only ingredient in this particular item is coconut water, and it's not from concentrate.",
  "docLength" : 0,
  "language" : "EN",
  "status" : "SUBMITTED",
  "modifiedDate" : 1522294541561,
  "documentSet" : [ ],
  "preannotation" : [ ],
  "sentences" : [ {
    "id" : "s0",
    "begin" : 0,
    "end" : 43,
    "text" : "I was very pleased with this coconut water.",
    "tokens" : [ {
      "id" : "s0-t0",
      "begin" : 0,
      "end" : 1,
      "text" : "I",
      "whiteSpace" : false
    }, {
      "id" : "s0-t1",
      "begin" : 2,
      "end" : 5,
      "text" : "was",
      "whiteSpace" : false
    }, {
      "id" : "s0-t2",
      "begin" : 6,
      "end" : 10,
      "text" : "very",
      "whiteSpace" : false
    }, {
      "id" : "s0-t3",
      "begin" : 11,
      "end" : 18,
      "text" : "pleased",
      "whiteSpace" : false
    }, {
      "id" : "s0-t4",
      "begin" : 19,
      "end" : 23,
      "text" : "with",
      "whiteSpace" : false
    }, {
      "id" : "s0-t5",
      "begin" : 24,
      "end" : 28,
      "text" : "this",
      "whiteSpace" : false
    }, {
      "id" : "s0-t6",
      "begin" : 29,
      "end" : 36,
      "text" : "coconut",
      "whiteSpace" : false
    }, {
      "id" : "s0-t7",
      "begin" : 37,
      "end" : 42,
      "text" : "water",
      "whiteSpace" : false
    }, {
      "id" : "s0-t8",
      "begin" : 42,
      "end" : 43,
      "text" : ".",
      "whiteSpace" : false
    } ]
  }, {
    "id" : "s1",
    "begin" : 44,
    "end" : 80,
    "text" : "It tastes fresh, pure and delicious.",
    "tokens" : [ {
      "id" : "s1-t0",
      "begin" : 44,
      "end" : 46,
      "text" : "It",
      "whiteSpace" : false
    }, {
      "id" : "s1-t1",
      "begin" : 47,
      "end" : 53,
      "text" : "tastes",
      "whiteSpace" : false
    }, {
      "id" : "s1-t2",
      "begin" : 54,
      "end" : 59,
      "text" : "fresh",
      "whiteSpace" : false
    }, {
      "id" : "s1-t3",
      "begin" : 59,
      "end" : 60,
      "text" : ",",
      "whiteSpace" : false
    }, {
      "id" : "s1-t4",
      "begin" : 61,
      "end" : 65,
      "text" : "pure",
      "whiteSpace" : false
    }, {
      "id" : "s1-t5",
      "begin" : 66,
      "end" : 69,
      "text" : "and",
      "whiteSpace" : false
    }, {
      "id" : "s1-t6",
      "begin" : 70,
      "end" : 79,
      "text" : "delicious",
      "whiteSpace" : false
    }, {
      "id" : "s1-t7",
      "begin" : 79,
      "end" : 80,
      "text" : ".",
      "whiteSpace" : false
    } ]
  }, {
    "id" : "s2",
    "begin" : 81,
    "end" : 202,
    "text" : "It's excellent for re-hydration, especially after sports, while pregnant, in labor, or just during the hot summer months.",
    "tokens" : [ {
      "id" : "s2-t0",
      "begin" : 81,
      "end" : 83,
      "text" : "It",
      "whiteSpace" : false
    }, {
      "id" : "s2-t1",
      "begin" : 83,
      "end" : 85,
      "text" : "'s",
      "whiteSpace" : false
    }, {
      "id" : "s2-t2",
      "begin" : 86,
      "end" : 95,
      "text" : "excellent",
      "whiteSpace" : false
    }, {
      "id" : "s2-t3",
      "begin" : 96,
      "end" : 99,
      "text" : "for",
      "whiteSpace" : false
    }, {
      "id" : "s2-t4",
      "begin" : 100,
      "end" : 112,
      "text" : "re-hydration",
      "whiteSpace" : false
    }, {
      "id" : "s2-t5",
      "begin" : 112,
      "end" : 113,
      "text" : ",",
      "whiteSpace" : false
    }, {
      "id" : "s2-t6",
      "begin" : 114,
      "end" : 124,
      "text" : "especially",
      "whiteSpace" : false
    }, {
      "id" : "s2-t7",
      "begin" : 125,
      "end" : 130,
      "text" : "after",
      "whiteSpace" : false
    }, {
      "id" : "s2-t8",
      "begin" : 131,
      "end" : 137,
      "text" : "sports",
      "whiteSpace" : false
    }, {
      "id" : "s2-t9",
      "begin" : 137,
      "end" : 138,
      "text" : ",",
      "whiteSpace" : false
    }, {
      "id" : "s2-t10",
      "begin" : 139,
      "end" : 144,
      "text" : "while",
      "whiteSpace" : false
    }, {
      "id" : "s2-t11",
      "begin" : 145,
      "end" : 153,
      "text" : "pregnant",
      "whiteSpace" : false
    }, {
      "id" : "s2-t12",
      "begin" : 153,
      "end" : 154,
      "text" : ",",
      "whiteSpace" : false
    }, {
      "id" : "s2-t13",
      "begin" : 155,
      "end" : 157,
      "text" : "in",
      "whiteSpace" : false
    }, {
      "id" : "s2-t14",
      "begin" : 158,
      "end" : 163,
      "text" : "labor",
      "whiteSpace" : false
    }, {
      "id" : "s2-t15",
      "begin" : 163,
      "end" : 164,
      "text" : ",",
      "whiteSpace" : false
    }, {
      "id" : "s2-t16",
      "begin" : 165,
      "end" : 167,
      "text" : "or",
      "whiteSpace" : false
    }, {
      "id" : "s2-t17",
      "begin" : 168,
      "end" : 172,
      "text" : "just",
      "whiteSpace" : false
    }, {
      "id" : "s2-t18",
      "begin" : 173,
      "end" : 179,
      "text" : "during",
      "whiteSpace" : false
    }, {
      "id" : "s2-t19",
      "begin" : 180,
      "end" : 183,
      "text" : "the",
      "whiteSpace" : false
    }, {
      "id" : "s2-t20",
      "begin" : 184,
      "end" : 187,
      "text" : "hot",
      "whiteSpace" : false
    }, {
      "id" : "s2-t21",
      "begin" : 188,
      "end" : 194,
      "text" : "summer",
      "whiteSpace" : false
    }, {
      "id" : "s2-t22",
      "begin" : 195,
      "end" : 201,
      "text" : "months",
      "whiteSpace" : false
    }, {
      "id" : "s2-t23",
      "begin" : 201,
      "end" : 202,
      "text" : ".",
      "whiteSpace" : false
    } ]
  }, {
    "id" : "s3",
    "begin" : 202,
    "end" : 311,
    "text" : "<br /><br />The tetra bottles are large, great for stashing in the refrigerator and using throughout the day.",
    "tokens" : [ {
      "id" : "s3-t0",
      "begin" : 202,
      "end" : 205,
      "text" : "<br",
      "whiteSpace" : false
    }, {
      "id" : "s3-t1",
      "begin" : 206,
      "end" : 208,
      "text" : "/>",
      "whiteSpace" : false
    }, {
      "id" : "s3-t2",
      "begin" : 208,
      "end" : 211,
      "text" : "<br",
      "whiteSpace" : false
    }, {
      "id" : "s3-t3",
      "begin" : 212,
      "end" : 214,
      "text" : "/>",
      "whiteSpace" : false
    }, {
      "id" : "s3-t4",
      "begin" : 214,
      "end" : 217,
      "text" : "The",
      "whiteSpace" : false
    }, {
      "id" : "s3-t5",
      "begin" : 218,
      "end" : 223,
      "text" : "tetra",
      "whiteSpace" : false
    }, {
      "id" : "s3-t6",
      "begin" : 224,
      "end" : 231,
      "text" : "bottles",
      "whiteSpace" : false
    }, {
      "id" : "s3-t7",
      "begin" : 232,
      "end" : 235,
      "text" : "are",
      "whiteSpace" : false
    }, {
      "id" : "s3-t8",
      "begin" : 236,
      "end" : 241,
      "text" : "large",
      "whiteSpace" : false
    }, {
      "id" : "s3-t9",
      "begin" : 241,
      "end" : 242,
      "text" : ",",
      "whiteSpace" : false
    }, {
      "id" : "s3-t10",
      "begin" : 243,
      "end" : 248,
      "text" : "great",
      "whiteSpace" : false
    }, {
      "id" : "s3-t11",
      "begin" : 249,
      "end" : 252,
      "text" : "for",
      "whiteSpace" : false
    }, {
      "id" : "s3-t12",
      "begin" : 253,
      "end" : 261,
      "text" : "stashing",
      "whiteSpace" : false
    }, {
      "id" : "s3-t13",
      "begin" : 262,
      "end" : 264,
      "text" : "in",
      "whiteSpace" : false
    }, {
      "id" : "s3-t14",
      "begin" : 265,
      "end" : 268,
      "text" : "the",
      "whiteSpace" : false
    }, {
      "id" : "s3-t15",
      "begin" : 269,
      "end" : 281,
      "text" : "refrigerator",
      "whiteSpace" : false
    }, {
      "id" : "s3-t16",
      "begin" : 282,
      "end" : 285,
      "text" : "and",
      "whiteSpace" : false
    }, {
      "id" : "s3-t17",
      "begin" : 286,
      "end" : 291,
      "text" : "using",
      "whiteSpace" : false
    }, {
      "id" : "s3-t18",
      "begin" : 292,
      "end" : 302,
      "text" : "throughout",
      "whiteSpace" : false
    }, {
      "id" : "s3-t19",
      "begin" : 303,
      "end" : 306,
      "text" : "the",
      "whiteSpace" : false
    }, {
      "id" : "s3-t20",
      "begin" : 307,
      "end" : 310,
      "text" : "day",
      "whiteSpace" : false
    }, {
      "id" : "s3-t21",
      "begin" : 310,
      "end" : 311,
      "text" : ".",
      "whiteSpace" : false
    } ]
  }, {
    "id" : "s4",
    "begin" : 311,
    "end" : 399,
    "text" : "<br /><br />I typically buy another brand, but I'm glad I decided to try ZICO this time.",
    "tokens" : [ {
      "id" : "s4-t0",
      "begin" : 311,
      "end" : 314,
      "text" : "<br",
      "whiteSpace" : false
    }, {
      "id" : "s4-t1",
      "begin" : 315,
      "end" : 317,
      "text" : "/>",
      "whiteSpace" : false
    }, {
      "id" : "s4-t2",
      "begin" : 317,
      "end" : 320,
      "text" : "<br",
      "whiteSpace" : false
    }, {
      "id" : "s4-t3",
      "begin" : 321,
      "end" : 323,
      "text" : "/>",
      "whiteSpace" : false
    }, {
      "id" : "s4-t4",
      "begin" : 323,
      "end" : 324,
      "text" : "I",
      "whiteSpace" : false
    }, {
      "id" : "s4-t5",
      "begin" : 325,
      "end" : 334,
      "text" : "typically",
      "whiteSpace" : false
    }, {
      "id" : "s4-t6",
      "begin" : 335,
      "end" : 338,
      "text" : "buy",
      "whiteSpace" : false
    }, {
      "id" : "s4-t7",
      "begin" : 339,
      "end" : 346,
      "text" : "another",
      "whiteSpace" : false
    }, {
      "id" : "s4-t8",
      "begin" : 347,
      "end" : 352,
      "text" : "brand",
      "whiteSpace" : false
    }, {
      "id" : "s4-t9",
      "begin" : 352,
      "end" : 353,
      "text" : ",",
      "whiteSpace" : false
    }, {
      "id" : "s4-t10",
      "begin" : 354,
      "end" : 357,
      "text" : "but",
      "whiteSpace" : false
    }, {
      "id" : "s4-t11",
      "begin" : 358,
      "end" : 359,
      "text" : "I",
      "whiteSpace" : false
    }, {
      "id" : "s4-t12",
      "begin" : 359,
      "end" : 361,
      "text" : "'m",
      "whiteSpace" : false
    }, {
      "id" : "s4-t13",
      "begin" : 362,
      "end" : 366,
      "text" : "glad",
      "whiteSpace" : false
    }, {
      "id" : "s4-t14",
      "begin" : 367,
      "end" : 368,
      "text" : "I",
      "whiteSpace" : false
    }, {
      "id" : "s4-t15",
      "begin" : 369,
      "end" : 376,
      "text" : "decided",
      "whiteSpace" : false
    }, {
      "id" : "s4-t16",
      "begin" : 377,
      "end" : 379,
      "text" : "to",
      "whiteSpace" : false
    }, {
      "id" : "s4-t17",
      "begin" : 380,
      "end" : 383,
      "text" : "try",
      "whiteSpace" : false
    }, {
      "id" : "s4-t18",
      "begin" : 384,
      "end" : 388,
      "text" : "ZICO",
      "whiteSpace" : false
    }, {
      "id" : "s4-t19",
      "begin" : 389,
      "end" : 393,
      "text" : "this",
      "whiteSpace" : false
    }, {
      "id" : "s4-t20",
      "begin" : 394,
      "end" : 398,
      "text" : "time",
      "whiteSpace" : false
    }, {
      "id" : "s4-t21",
      "begin" : 398,
      "end" : 399,
      "text" : ".",
      "whiteSpace" : false
    } ]
  }, {
    "id" : "s5",
    "begin" : 400,
    "end" : 492,
    "text" : "The only ingredient in this particular item is coconut water, and it's not from concentrate.",
    "tokens" : [ {
      "id" : "s5-t0",
      "begin" : 400,
      "end" : 403,
      "text" : "The",
      "whiteSpace" : false
    }, {
      "id" : "s5-t1",
      "begin" : 404,
      "end" : 408,
      "text" : "only",
      "whiteSpace" : false
    }, {
      "id" : "s5-t2",
      "begin" : 409,
      "end" : 419,
      "text" : "ingredient",
      "whiteSpace" : false
    }, {
      "id" : "s5-t3",
      "begin" : 420,
      "end" : 422,
      "text" : "in",
      "whiteSpace" : false
    }, {
      "id" : "s5-t4",
      "begin" : 423,
      "end" : 427,
      "text" : "this",
      "whiteSpace" : false
    }, {
      "id" : "s5-t5",
      "begin" : 428,
      "end" : 438,
      "text" : "particular",
      "whiteSpace" : false
    }, {
      "id" : "s5-t6",
      "begin" : 439,
      "end" : 443,
      "text" : "item",
      "whiteSpace" : false
    }, {
      "id" : "s5-t7",
      "begin" : 444,
      "end" : 446,
      "text" : "is",
      "whiteSpace" : false
    }, {
      "id" : "s5-t8",
      "begin" : 447,
      "end" : 454,
      "text" : "coconut",
      "whiteSpace" : false
    }, {
      "id" : "s5-t9",
      "begin" : 455,
      "end" : 460,
      "text" : "water",
      "whiteSpace" : false
    }, {
      "id" : "s5-t10",
      "begin" : 460,
      "end" : 461,
      "text" : ",",
      "whiteSpace" : false
    }, {
      "id" : "s5-t11",
      "begin" : 462,
      "end" : 465,
      "text" : "and",
      "whiteSpace" : false
    }, {
      "id" : "s5-t12",
      "begin" : 466,
      "end" : 468,
      "text" : "it",
      "whiteSpace" : false
    }, {
      "id" : "s5-t13",
      "begin" : 468,
      "end" : 470,
      "text" : "'s",
      "whiteSpace" : false
    }, {
      "id" : "s5-t14",
      "begin" : 471,
      "end" : 474,
      "text" : "not",
      "whiteSpace" : false
    }, {
      "id" : "s5-t15",
      "begin" : 475,
      "end" : 479,
      "text" : "from",
      "whiteSpace" : false
    }, {
      "id" : "s5-t16",
      "begin" : 480,
      "end" : 491,
      "text" : "concentrate",
      "whiteSpace" : false
    }, {
      "id" : "s5-t17",
      "begin" : 491,
      "end" : 492,
      "text" : ".",
      "whiteSpace" : false
    } ]
  } ],
  "mentions" : [ {
    "id" : "s0-m1",
    "properties" : {
      "SIRE_MENTION_ROLE" : "Product",
      "SIRE_ENTITY_SUBTYPE" : "NONE",
      "SIRE_MENTION_TYPE" : "NONE",
      "SIRE_MENTION_CLASS" : "SPC"
    },
    "type" : "Product",
    "begin" : 29,
    "end" : 42,
    "inCoref" : true
  }, {
    "id" : "s1-m1",
    "properties" : {
      "SIRE_MENTION_ROLE" : "Product",
      "SIRE_ENTITY_SUBTYPE" : "NONE",
      "SIRE_MENTION_TYPE" : "NONE",
      "SIRE_MENTION_CLASS" : "SPC"
    },
    "type" : "Product",
    "begin" : 44,
    "end" : 46,
    "inCoref" : true
  }, {
    "id" : "s2-m1",
    "properties" : {
      "SIRE_MENTION_ROLE" : "Product",
      "SIRE_ENTITY_SUBTYPE" : "NONE",
      "SIRE_MENTION_TYPE" : "NONE",
      "SIRE_MENTION_CLASS" : "SPC"
    },
    "type" : "Product",
    "begin" : 81,
    "end" : 83,
    "inCoref" : true
  }, {
    "id" : "s4-m1",
    "properties" : {
      "SIRE_MENTION_ROLE" : "Brand",
      "SIRE_ENTITY_SUBTYPE" : "NONE",
      "SIRE_MENTION_TYPE" : "NONE",
      "SIRE_MENTION_CLASS" : "SPC"
    },
    "type" : "Brand",
    "begin" : 384,
    "end" : 388,
    "inCoref" : false
  }, {
    "id" : "s5-m1",
    "properties" : {
      "SIRE_MENTION_ROLE" : "Product",
      "SIRE_ENTITY_SUBTYPE" : "NONE",
      "SIRE_MENTION_TYPE" : "NONE",
      "SIRE_MENTION_CLASS" : "SPC"
    },
    "type" : "Product",
    "begin" : 447,
    "end" : 460,
    "inCoref" : true
  }, {
    "id" : "s5-m2",
    "properties" : {
      "SIRE_MENTION_ROLE" : "Attribute",
      "SIRE_ENTITY_SUBTYPE" : "NONE",
      "SIRE_MENTION_TYPE" : "NONE",
      "SIRE_MENTION_CLASS" : "SPC"
    },
    "type" : "Attribute",
    "begin" : 471,
    "end" : 491,
    "inCoref" : false
  } ],
  "relations" : [ {
    "id" : "s5-r1",
    "properties" : { },
    "type" : "propertyOf",
    "args" : [ "s5-m2", "s5-m1" ]
  } ],
  "corefs" : [ {
    "id" : "c1",
    "properties" : { },
    "mentions" : [ "s2-m1", "s1-m1", "s0-m1", "s5-m1" ]
  } ],
  "typeResolved" : true,
  "userResolved" : false
}