{
  "id" : "bc2e7dc0-32ab-11e8-9c9d-6505f4419106-12",
  "name" : "review_0186.json",
  "createdDate" : 0,
  "version" : 3,
  "text" : "I was looking for a small treat that was soft, wouldn't have to cut down to size, mostly protein and made in the US.<br /><br />PRO:<br />They are a one bite size. No cutting needed even for smaller dogs.<br />Dogs love. I haven't met one that doesn't like it. My dog is picky about treats.<br />They smell but like salmon, nothing offensive.<br />Low in calorie so you don't need to worry when training.<br /><br />CONS:<br />They dry out. I ended up storing them in an airtight container.<br /><br />OVERALL:<br />It's a treat my dog loves and it's not harming her and I don't have to deal with cutting it down. I wish I had these when we were doing puppy class and going through a ton of treats nightly.",
  "docLength" : 0,
  "language" : "EN",
  "status" : "SUBMITTED",
  "modifiedDate" : 1522281548343,
  "documentSet" : [ ],
  "preannotation" : [ ],
  "sentences" : [ {
    "id" : "s0",
    "begin" : 0,
    "end" : 116,
    "text" : "I was looking for a small treat that was soft, wouldn't have to cut down to size, mostly protein and made in the US.",
    "tokens" : [ {
      "id" : "s0-t0",
      "begin" : 0,
      "end" : 1,
      "text" : "I",
      "whiteSpace" : false
    }, {
      "id" : "s0-t1",
      "begin" : 2,
      "end" : 5,
      "text" : "was",
      "whiteSpace" : false
    }, {
      "id" : "s0-t2",
      "begin" : 6,
      "end" : 13,
      "text" : "looking",
      "whiteSpace" : false
    }, {
      "id" : "s0-t3",
      "begin" : 14,
      "end" : 17,
      "text" : "for",
      "whiteSpace" : false
    }, {
      "id" : "s0-t4",
      "begin" : 18,
      "end" : 19,
      "text" : "a",
      "whiteSpace" : false
    }, {
      "id" : "s0-t5",
      "begin" : 20,
      "end" : 25,
      "text" : "small",
      "whiteSpace" : false
    }, {
      "id" : "s0-t6",
      "begin" : 26,
      "end" : 31,
      "text" : "treat",
      "whiteSpace" : false
    }, {
      "id" : "s0-t7",
      "begin" : 32,
      "end" : 36,
      "text" : "that",
      "whiteSpace" : false
    }, {
      "id" : "s0-t8",
      "begin" : 37,
      "end" : 40,
      "text" : "was",
      "whiteSpace" : false
    }, {
      "id" : "s0-t9",
      "begin" : 41,
      "end" : 45,
      "text" : "soft",
      "whiteSpace" : false
    }, {
      "id" : "s0-t10",
      "begin" : 45,
      "end" : 46,
      "text" : ",",
      "whiteSpace" : false
    }, {
      "id" : "s0-t11",
      "begin" : 47,
      "end" : 52,
      "text" : "would",
      "whiteSpace" : false
    }, {
      "id" : "s0-t12",
      "begin" : 52,
      "end" : 55,
      "text" : "n't",
      "whiteSpace" : false
    }, {
      "id" : "s0-t13",
      "begin" : 56,
      "end" : 60,
      "text" : "have",
      "whiteSpace" : false
    }, {
      "id" : "s0-t14",
      "begin" : 61,
      "end" : 63,
      "text" : "to",
      "whiteSpace" : false
    }, {
      "id" : "s0-t15",
      "begin" : 64,
      "end" : 67,
      "text" : "cut",
      "whiteSpace" : false
    }, {
      "id" : "s0-t16",
      "begin" : 68,
      "end" : 72,
      "text" : "down",
      "whiteSpace" : false
    }, {
      "id" : "s0-t17",
      "begin" : 73,
      "end" : 75,
      "text" : "to",
      "whiteSpace" : false
    }, {
      "id" : "s0-t18",
      "begin" : 76,
      "end" : 80,
      "text" : "size",
      "whiteSpace" : false
    }, {
      "id" : "s0-t19",
      "begin" : 80,
      "end" : 81,
      "text" : ",",
      "whiteSpace" : false
    }, {
      "id" : "s0-t20",
      "begin" : 82,
      "end" : 88,
      "text" : "mostly",
      "whiteSpace" : false
    }, {
      "id" : "s0-t21",
      "begin" : 89,
      "end" : 96,
      "text" : "protein",
      "whiteSpace" : false
    }, {
      "id" : "s0-t22",
      "begin" : 97,
      "end" : 100,
      "text" : "and",
      "whiteSpace" : false
    }, {
      "id" : "s0-t23",
      "begin" : 101,
      "end" : 105,
      "text" : "made",
      "whiteSpace" : false
    }, {
      "id" : "s0-t24",
      "begin" : 106,
      "end" : 108,
      "text" : "in",
      "whiteSpace" : false
    }, {
      "id" : "s0-t25",
      "begin" : 109,
      "end" : 112,
      "text" : "the",
      "whiteSpace" : false
    }, {
      "id" : "s0-t26",
      "begin" : 113,
      "end" : 115,
      "text" : "US",
      "whiteSpace" : false
    }, {
      "id" : "s0-t27",
      "begin" : 115,
      "end" : 116,
      "text" : ".",
      "whiteSpace" : false
    } ]
  }, {
    "id" : "s1",
    "begin" : 116,
    "end" : 163,
    "text" : "<br /><br />PRO:<br />They are a one bite size.",
    "tokens" : [ {
      "id" : "s1-t0",
      "begin" : 116,
      "end" : 119,
      "text" : "<br",
      "whiteSpace" : false
    }, {
      "id" : "s1-t1",
      "begin" : 120,
      "end" : 122,
      "text" : "/>",
      "whiteSpace" : false
    }, {
      "id" : "s1-t2",
      "begin" : 122,
      "end" : 125,
      "text" : "<br",
      "whiteSpace" : false
    }, {
      "id" : "s1-t3",
      "begin" : 126,
      "end" : 128,
      "text" : "/>",
      "whiteSpace" : false
    }, {
      "id" : "s1-t4",
      "begin" : 128,
      "end" : 131,
      "text" : "PRO",
      "whiteSpace" : false
    }, {
      "id" : "s1-t5",
      "begin" : 131,
      "end" : 132,
      "text" : ":",
      "whiteSpace" : false
    }, {
      "id" : "s1-t6",
      "begin" : 132,
      "end" : 135,
      "text" : "<br",
      "whiteSpace" : false
    }, {
      "id" : "s1-t7",
      "begin" : 136,
      "end" : 138,
      "text" : "/>",
      "whiteSpace" : false
    }, {
      "id" : "s1-t8",
      "begin" : 138,
      "end" : 142,
      "text" : "They",
      "whiteSpace" : false
    }, {
      "id" : "s1-t9",
      "begin" : 143,
      "end" : 146,
      "text" : "are",
      "whiteSpace" : false
    }, {
      "id" : "s1-t10",
      "begin" : 147,
      "end" : 148,
      "text" : "a",
      "whiteSpace" : false
    }, {
      "id" : "s1-t11",
      "begin" : 149,
      "end" : 152,
      "text" : "one",
      "whiteSpace" : false
    }, {
      "id" : "s1-t12",
      "begin" : 153,
      "end" : 157,
      "text" : "bite",
      "whiteSpace" : false
    }, {
      "id" : "s1-t13",
      "begin" : 158,
      "end" : 162,
      "text" : "size",
      "whiteSpace" : false
    }, {
      "id" : "s1-t14",
      "begin" : 162,
      "end" : 163,
      "text" : ".",
      "whiteSpace" : false
    } ]
  }, {
    "id" : "s2",
    "begin" : 164,
    "end" : 204,
    "text" : "No cutting needed even for smaller dogs.",
    "tokens" : [ {
      "id" : "s2-t0",
      "begin" : 164,
      "end" : 166,
      "text" : "No",
      "whiteSpace" : false
    }, {
      "id" : "s2-t1",
      "begin" : 167,
      "end" : 174,
      "text" : "cutting",
      "whiteSpace" : false
    }, {
      "id" : "s2-t2",
      "begin" : 175,
      "end" : 181,
      "text" : "needed",
      "whiteSpace" : false
    }, {
      "id" : "s2-t3",
      "begin" : 182,
      "end" : 186,
      "text" : "even",
      "whiteSpace" : false
    }, {
      "id" : "s2-t4",
      "begin" : 187,
      "end" : 190,
      "text" : "for",
      "whiteSpace" : false
    }, {
      "id" : "s2-t5",
      "begin" : 191,
      "end" : 198,
      "text" : "smaller",
      "whiteSpace" : false
    }, {
      "id" : "s2-t6",
      "begin" : 199,
      "end" : 203,
      "text" : "dogs",
      "whiteSpace" : false
    }, {
      "id" : "s2-t7",
      "begin" : 203,
      "end" : 204,
      "text" : ".",
      "whiteSpace" : false
    } ]
  }, {
    "id" : "s3",
    "begin" : 204,
    "end" : 220,
    "text" : "<br />Dogs love.",
    "tokens" : [ {
      "id" : "s3-t0",
      "begin" : 204,
      "end" : 207,
      "text" : "<br",
      "whiteSpace" : false
    }, {
      "id" : "s3-t1",
      "begin" : 208,
      "end" : 210,
      "text" : "/>",
      "whiteSpace" : false
    }, {
      "id" : "s3-t2",
      "begin" : 210,
      "end" : 214,
      "text" : "Dogs",
      "whiteSpace" : false
    }, {
      "id" : "s3-t3",
      "begin" : 215,
      "end" : 219,
      "text" : "love",
      "whiteSpace" : false
    }, {
      "id" : "s3-t4",
      "begin" : 219,
      "end" : 220,
      "text" : ".",
      "whiteSpace" : false
    } ]
  }, {
    "id" : "s4",
    "begin" : 221,
    "end" : 260,
    "text" : "I haven't met one that doesn't like it.",
    "tokens" : [ {
      "id" : "s4-t0",
      "begin" : 221,
      "end" : 222,
      "text" : "I",
      "whiteSpace" : false
    }, {
      "id" : "s4-t1",
      "begin" : 223,
      "end" : 227,
      "text" : "have",
      "whiteSpace" : false
    }, {
      "id" : "s4-t2",
      "begin" : 227,
      "end" : 230,
      "text" : "n't",
      "whiteSpace" : false
    }, {
      "id" : "s4-t3",
      "begin" : 231,
      "end" : 234,
      "text" : "met",
      "whiteSpace" : false
    }, {
      "id" : "s4-t4",
      "begin" : 235,
      "end" : 238,
      "text" : "one",
      "whiteSpace" : false
    }, {
      "id" : "s4-t5",
      "begin" : 239,
      "end" : 243,
      "text" : "that",
      "whiteSpace" : false
    }, {
      "id" : "s4-t6",
      "begin" : 244,
      "end" : 248,
      "text" : "does",
      "whiteSpace" : false
    }, {
      "id" : "s4-t7",
      "begin" : 248,
      "end" : 251,
      "text" : "n't",
      "whiteSpace" : false
    }, {
      "id" : "s4-t8",
      "begin" : 252,
      "end" : 256,
      "text" : "like",
      "whiteSpace" : false
    }, {
      "id" : "s4-t9",
      "begin" : 257,
      "end" : 259,
      "text" : "it",
      "whiteSpace" : false
    }, {
      "id" : "s4-t10",
      "begin" : 259,
      "end" : 260,
      "text" : ".",
      "whiteSpace" : false
    } ]
  }, {
    "id" : "s5",
    "begin" : 261,
    "end" : 290,
    "text" : "My dog is picky about treats.",
    "tokens" : [ {
      "id" : "s5-t0",
      "begin" : 261,
      "end" : 263,
      "text" : "My",
      "whiteSpace" : false
    }, {
      "id" : "s5-t1",
      "begin" : 264,
      "end" : 267,
      "text" : "dog",
      "whiteSpace" : false
    }, {
      "id" : "s5-t2",
      "begin" : 268,
      "end" : 270,
      "text" : "is",
      "whiteSpace" : false
    }, {
      "id" : "s5-t3",
      "begin" : 271,
      "end" : 276,
      "text" : "picky",
      "whiteSpace" : false
    }, {
      "id" : "s5-t4",
      "begin" : 277,
      "end" : 282,
      "text" : "about",
      "whiteSpace" : false
    }, {
      "id" : "s5-t5",
      "begin" : 283,
      "end" : 289,
      "text" : "treats",
      "whiteSpace" : false
    }, {
      "id" : "s5-t6",
      "begin" : 289,
      "end" : 290,
      "text" : ".",
      "whiteSpace" : false
    } ]
  }, {
    "id" : "s6",
    "begin" : 290,
    "end" : 342,
    "text" : "<br />They smell but like salmon, nothing offensive.",
    "tokens" : [ {
      "id" : "s6-t0",
      "begin" : 290,
      "end" : 293,
      "text" : "<br",
      "whiteSpace" : false
    }, {
      "id" : "s6-t1",
      "begin" : 294,
      "end" : 296,
      "text" : "/>",
      "whiteSpace" : false
    }, {
      "id" : "s6-t2",
      "begin" : 296,
      "end" : 300,
      "text" : "They",
      "whiteSpace" : false
    }, {
      "id" : "s6-t3",
      "begin" : 301,
      "end" : 306,
      "text" : "smell",
      "whiteSpace" : false
    }, {
      "id" : "s6-t4",
      "begin" : 307,
      "end" : 310,
      "text" : "but",
      "whiteSpace" : false
    }, {
      "id" : "s6-t5",
      "begin" : 311,
      "end" : 315,
      "text" : "like",
      "whiteSpace" : false
    }, {
      "id" : "s6-t6",
      "begin" : 316,
      "end" : 322,
      "text" : "salmon",
      "whiteSpace" : false
    }, {
      "id" : "s6-t7",
      "begin" : 322,
      "end" : 323,
      "text" : ",",
      "whiteSpace" : false
    }, {
      "id" : "s6-t8",
      "begin" : 324,
      "end" : 331,
      "text" : "nothing",
      "whiteSpace" : false
    }, {
      "id" : "s6-t9",
      "begin" : 332,
      "end" : 341,
      "text" : "offensive",
      "whiteSpace" : false
    }, {
      "id" : "s6-t10",
      "begin" : 341,
      "end" : 342,
      "text" : ".",
      "whiteSpace" : false
    } ]
  }, {
    "id" : "s7",
    "begin" : 342,
    "end" : 404,
    "text" : "<br />Low in calorie so you don't need to worry when training.",
    "tokens" : [ {
      "id" : "s7-t0",
      "begin" : 342,
      "end" : 345,
      "text" : "<br",
      "whiteSpace" : false
    }, {
      "id" : "s7-t1",
      "begin" : 346,
      "end" : 348,
      "text" : "/>",
      "whiteSpace" : false
    }, {
      "id" : "s7-t2",
      "begin" : 348,
      "end" : 351,
      "text" : "Low",
      "whiteSpace" : false
    }, {
      "id" : "s7-t3",
      "begin" : 352,
      "end" : 354,
      "text" : "in",
      "whiteSpace" : false
    }, {
      "id" : "s7-t4",
      "begin" : 355,
      "end" : 362,
      "text" : "calorie",
      "whiteSpace" : false
    }, {
      "id" : "s7-t5",
      "begin" : 363,
      "end" : 365,
      "text" : "so",
      "whiteSpace" : false
    }, {
      "id" : "s7-t6",
      "begin" : 366,
      "end" : 369,
      "text" : "you",
      "whiteSpace" : false
    }, {
      "id" : "s7-t7",
      "begin" : 370,
      "end" : 372,
      "text" : "do",
      "whiteSpace" : false
    }, {
      "id" : "s7-t8",
      "begin" : 372,
      "end" : 375,
      "text" : "n't",
      "whiteSpace" : false
    }, {
      "id" : "s7-t9",
      "begin" : 376,
      "end" : 380,
      "text" : "need",
      "whiteSpace" : false
    }, {
      "id" : "s7-t10",
      "begin" : 381,
      "end" : 383,
      "text" : "to",
      "whiteSpace" : false
    }, {
      "id" : "s7-t11",
      "begin" : 384,
      "end" : 389,
      "text" : "worry",
      "whiteSpace" : false
    }, {
      "id" : "s7-t12",
      "begin" : 390,
      "end" : 394,
      "text" : "when",
      "whiteSpace" : false
    }, {
      "id" : "s7-t13",
      "begin" : 395,
      "end" : 403,
      "text" : "training",
      "whiteSpace" : false
    }, {
      "id" : "s7-t14",
      "begin" : 403,
      "end" : 404,
      "text" : ".",
      "whiteSpace" : false
    } ]
  }, {
    "id" : "s8",
    "begin" : 404,
    "end" : 440,
    "text" : "<br /><br />CONS:<br />They dry out.",
    "tokens" : [ {
      "id" : "s8-t0",
      "begin" : 404,
      "end" : 407,
      "text" : "<br",
      "whiteSpace" : false
    }, {
      "id" : "s8-t1",
      "begin" : 408,
      "end" : 410,
      "text" : "/>",
      "whiteSpace" : false
    }, {
      "id" : "s8-t2",
      "begin" : 410,
      "end" : 413,
      "text" : "<br",
      "whiteSpace" : false
    }, {
      "id" : "s8-t3",
      "begin" : 414,
      "end" : 416,
      "text" : "/>",
      "whiteSpace" : false
    }, {
      "id" : "s8-t4",
      "begin" : 416,
      "end" : 420,
      "text" : "CONS",
      "whiteSpace" : false
    }, {
      "id" : "s8-t5",
      "begin" : 420,
      "end" : 421,
      "text" : ":",
      "whiteSpace" : false
    }, {
      "id" : "s8-t6",
      "begin" : 421,
      "end" : 424,
      "text" : "<br",
      "whiteSpace" : false
    }, {
      "id" : "s8-t7",
      "begin" : 425,
      "end" : 427,
      "text" : "/>",
      "whiteSpace" : false
    }, {
      "id" : "s8-t8",
      "begin" : 427,
      "end" : 431,
      "text" : "They",
      "whiteSpace" : false
    }, {
      "id" : "s8-t9",
      "begin" : 432,
      "end" : 435,
      "text" : "dry",
      "whiteSpace" : false
    }, {
      "id" : "s8-t10",
      "begin" : 436,
      "end" : 439,
      "text" : "out",
      "whiteSpace" : false
    }, {
      "id" : "s8-t11",
      "begin" : 439,
      "end" : 440,
      "text" : ".",
      "whiteSpace" : false
    } ]
  }, {
    "id" : "s9",
    "begin" : 441,
    "end" : 490,
    "text" : "I ended up storing them in an airtight container.",
    "tokens" : [ {
      "id" : "s9-t0",
      "begin" : 441,
      "end" : 442,
      "text" : "I",
      "whiteSpace" : false
    }, {
      "id" : "s9-t1",
      "begin" : 443,
      "end" : 448,
      "text" : "ended",
      "whiteSpace" : false
    }, {
      "id" : "s9-t2",
      "begin" : 449,
      "end" : 451,
      "text" : "up",
      "whiteSpace" : false
    }, {
      "id" : "s9-t3",
      "begin" : 452,
      "end" : 459,
      "text" : "storing",
      "whiteSpace" : false
    }, {
      "id" : "s9-t4",
      "begin" : 460,
      "end" : 464,
      "text" : "them",
      "whiteSpace" : false
    }, {
      "id" : "s9-t5",
      "begin" : 465,
      "end" : 467,
      "text" : "in",
      "whiteSpace" : false
    }, {
      "id" : "s9-t6",
      "begin" : 468,
      "end" : 470,
      "text" : "an",
      "whiteSpace" : false
    }, {
      "id" : "s9-t7",
      "begin" : 471,
      "end" : 479,
      "text" : "airtight",
      "whiteSpace" : false
    }, {
      "id" : "s9-t8",
      "begin" : 480,
      "end" : 489,
      "text" : "container",
      "whiteSpace" : false
    }, {
      "id" : "s9-t9",
      "begin" : 489,
      "end" : 490,
      "text" : ".",
      "whiteSpace" : false
    } ]
  }, {
    "id" : "s10",
    "begin" : 490,
    "end" : 613,
    "text" : "<br /><br />OVERALL:<br />It's a treat my dog loves and it's not harming her and I don't have to deal with cutting it down.",
    "tokens" : [ {
      "id" : "s10-t0",
      "begin" : 490,
      "end" : 493,
      "text" : "<br",
      "whiteSpace" : false
    }, {
      "id" : "s10-t1",
      "begin" : 494,
      "end" : 496,
      "text" : "/>",
      "whiteSpace" : false
    }, {
      "id" : "s10-t2",
      "begin" : 496,
      "end" : 499,
      "text" : "<br",
      "whiteSpace" : false
    }, {
      "id" : "s10-t3",
      "begin" : 500,
      "end" : 502,
      "text" : "/>",
      "whiteSpace" : false
    }, {
      "id" : "s10-t4",
      "begin" : 502,
      "end" : 509,
      "text" : "OVERALL",
      "whiteSpace" : false
    }, {
      "id" : "s10-t5",
      "begin" : 509,
      "end" : 510,
      "text" : ":",
      "whiteSpace" : false
    }, {
      "id" : "s10-t6",
      "begin" : 510,
      "end" : 513,
      "text" : "<br",
      "whiteSpace" : false
    }, {
      "id" : "s10-t7",
      "begin" : 514,
      "end" : 516,
      "text" : "/>",
      "whiteSpace" : false
    }, {
      "id" : "s10-t8",
      "begin" : 516,
      "end" : 518,
      "text" : "It",
      "whiteSpace" : false
    }, {
      "id" : "s10-t9",
      "begin" : 518,
      "end" : 520,
      "text" : "'s",
      "whiteSpace" : false
    }, {
      "id" : "s10-t10",
      "begin" : 521,
      "end" : 522,
      "text" : "a",
      "whiteSpace" : false
    }, {
      "id" : "s10-t11",
      "begin" : 523,
      "end" : 528,
      "text" : "treat",
      "whiteSpace" : false
    }, {
      "id" : "s10-t12",
      "begin" : 529,
      "end" : 531,
      "text" : "my",
      "whiteSpace" : false
    }, {
      "id" : "s10-t13",
      "begin" : 532,
      "end" : 535,
      "text" : "dog",
      "whiteSpace" : false
    }, {
      "id" : "s10-t14",
      "begin" : 536,
      "end" : 541,
      "text" : "loves",
      "whiteSpace" : false
    }, {
      "id" : "s10-t15",
      "begin" : 542,
      "end" : 545,
      "text" : "and",
      "whiteSpace" : false
    }, {
      "id" : "s10-t16",
      "begin" : 546,
      "end" : 548,
      "text" : "it",
      "whiteSpace" : false
    }, {
      "id" : "s10-t17",
      "begin" : 548,
      "end" : 550,
      "text" : "'s",
      "whiteSpace" : false
    }, {
      "id" : "s10-t18",
      "begin" : 551,
      "end" : 554,
      "text" : "not",
      "whiteSpace" : false
    }, {
      "id" : "s10-t19",
      "begin" : 555,
      "end" : 562,
      "text" : "harming",
      "whiteSpace" : false
    }, {
      "id" : "s10-t20",
      "begin" : 563,
      "end" : 566,
      "text" : "her",
      "whiteSpace" : false
    }, {
      "id" : "s10-t21",
      "begin" : 567,
      "end" : 570,
      "text" : "and",
      "whiteSpace" : false
    }, {
      "id" : "s10-t22",
      "begin" : 571,
      "end" : 572,
      "text" : "I",
      "whiteSpace" : false
    }, {
      "id" : "s10-t23",
      "begin" : 573,
      "end" : 575,
      "text" : "do",
      "whiteSpace" : false
    }, {
      "id" : "s10-t24",
      "begin" : 575,
      "end" : 578,
      "text" : "n't",
      "whiteSpace" : false
    }, {
      "id" : "s10-t25",
      "begin" : 579,
      "end" : 583,
      "text" : "have",
      "whiteSpace" : false
    }, {
      "id" : "s10-t26",
      "begin" : 584,
      "end" : 586,
      "text" : "to",
      "whiteSpace" : false
    }, {
      "id" : "s10-t27",
      "begin" : 587,
      "end" : 591,
      "text" : "deal",
      "whiteSpace" : false
    }, {
      "id" : "s10-t28",
      "begin" : 592,
      "end" : 596,
      "text" : "with",
      "whiteSpace" : false
    }, {
      "id" : "s10-t29",
      "begin" : 597,
      "end" : 604,
      "text" : "cutting",
      "whiteSpace" : false
    }, {
      "id" : "s10-t30",
      "begin" : 605,
      "end" : 607,
      "text" : "it",
      "whiteSpace" : false
    }, {
      "id" : "s10-t31",
      "begin" : 608,
      "end" : 612,
      "text" : "down",
      "whiteSpace" : false
    }, {
      "id" : "s10-t32",
      "begin" : 612,
      "end" : 613,
      "text" : ".",
      "whiteSpace" : false
    } ]
  }, {
    "id" : "s11",
    "begin" : 614,
    "end" : 706,
    "text" : "I wish I had these when we were doing puppy class and going through a ton of treats nightly.",
    "tokens" : [ {
      "id" : "s11-t0",
      "begin" : 614,
      "end" : 615,
      "text" : "I",
      "whiteSpace" : false
    }, {
      "id" : "s11-t1",
      "begin" : 616,
      "end" : 620,
      "text" : "wish",
      "whiteSpace" : false
    }, {
      "id" : "s11-t2",
      "begin" : 621,
      "end" : 622,
      "text" : "I",
      "whiteSpace" : false
    }, {
      "id" : "s11-t3",
      "begin" : 623,
      "end" : 626,
      "text" : "had",
      "whiteSpace" : false
    }, {
      "id" : "s11-t4",
      "begin" : 627,
      "end" : 632,
      "text" : "these",
      "whiteSpace" : false
    }, {
      "id" : "s11-t5",
      "begin" : 633,
      "end" : 637,
      "text" : "when",
      "whiteSpace" : false
    }, {
      "id" : "s11-t6",
      "begin" : 638,
      "end" : 640,
      "text" : "we",
      "whiteSpace" : false
    }, {
      "id" : "s11-t7",
      "begin" : 641,
      "end" : 645,
      "text" : "were",
      "whiteSpace" : false
    }, {
      "id" : "s11-t8",
      "begin" : 646,
      "end" : 651,
      "text" : "doing",
      "whiteSpace" : false
    }, {
      "id" : "s11-t9",
      "begin" : 652,
      "end" : 657,
      "text" : "puppy",
      "whiteSpace" : false
    }, {
      "id" : "s11-t10",
      "begin" : 658,
      "end" : 663,
      "text" : "class",
      "whiteSpace" : false
    }, {
      "id" : "s11-t11",
      "begin" : 664,
      "end" : 667,
      "text" : "and",
      "whiteSpace" : false
    }, {
      "id" : "s11-t12",
      "begin" : 668,
      "end" : 673,
      "text" : "going",
      "whiteSpace" : false
    }, {
      "id" : "s11-t13",
      "begin" : 674,
      "end" : 681,
      "text" : "through",
      "whiteSpace" : false
    }, {
      "id" : "s11-t14",
      "begin" : 682,
      "end" : 683,
      "text" : "a",
      "whiteSpace" : false
    }, {
      "id" : "s11-t15",
      "begin" : 684,
      "end" : 687,
      "text" : "ton",
      "whiteSpace" : false
    }, {
      "id" : "s11-t16",
      "begin" : 688,
      "end" : 690,
      "text" : "of",
      "whiteSpace" : false
    }, {
      "id" : "s11-t17",
      "begin" : 691,
      "end" : 697,
      "text" : "treats",
      "whiteSpace" : false
    }, {
      "id" : "s11-t18",
      "begin" : 698,
      "end" : 705,
      "text" : "nightly",
      "whiteSpace" : false
    }, {
      "id" : "s11-t19",
      "begin" : 705,
      "end" : 706,
      "text" : ".",
      "whiteSpace" : false
    } ]
  } ],
  "mentions" : [ {
    "id" : "s0-m1",
    "properties" : {
      "SIRE_MENTION_ROLE" : "Product",
      "SIRE_ENTITY_SUBTYPE" : "NONE",
      "SIRE_MENTION_TYPE" : "NONE",
      "SIRE_MENTION_CLASS" : "SPC"
    },
    "type" : "Product",
    "begin" : 26,
    "end" : 31,
    "inCoref" : true
  }, {
    "id" : "s1-m1",
    "properties" : {
      "SIRE_MENTION_ROLE" : "Product",
      "SIRE_ENTITY_SUBTYPE" : "NONE",
      "SIRE_MENTION_TYPE" : "NONE",
      "SIRE_MENTION_CLASS" : "SPC"
    },
    "type" : "Product",
    "begin" : 138,
    "end" : 142,
    "inCoref" : true
  }, {
    "id" : "s4-m1",
    "properties" : {
      "SIRE_MENTION_ROLE" : "Product",
      "SIRE_ENTITY_SUBTYPE" : "NONE",
      "SIRE_MENTION_TYPE" : "NONE",
      "SIRE_MENTION_CLASS" : "SPC"
    },
    "type" : "Product",
    "begin" : 257,
    "end" : 259,
    "inCoref" : true
  }, {
    "id" : "s5-m1",
    "properties" : {
      "SIRE_MENTION_ROLE" : "Product",
      "SIRE_ENTITY_SUBTYPE" : "NONE",
      "SIRE_MENTION_TYPE" : "NONE",
      "SIRE_MENTION_CLASS" : "SPC"
    },
    "type" : "Product",
    "begin" : 283,
    "end" : 289,
    "inCoref" : true
  }, {
    "id" : "s6-m1",
    "properties" : {
      "SIRE_MENTION_ROLE" : "Product",
      "SIRE_ENTITY_SUBTYPE" : "NONE",
      "SIRE_MENTION_TYPE" : "NONE",
      "SIRE_MENTION_CLASS" : "SPC"
    },
    "type" : "Product",
    "begin" : 296,
    "end" : 300,
    "inCoref" : true
  }, {
    "id" : "s8-m1",
    "properties" : {
      "SIRE_MENTION_ROLE" : "Product",
      "SIRE_ENTITY_SUBTYPE" : "NONE",
      "SIRE_MENTION_TYPE" : "NONE",
      "SIRE_MENTION_CLASS" : "SPC"
    },
    "type" : "Product",
    "begin" : 427,
    "end" : 431,
    "inCoref" : true
  }, {
    "id" : "s9-m1",
    "properties" : {
      "SIRE_MENTION_ROLE" : "Product",
      "SIRE_ENTITY_SUBTYPE" : "NONE",
      "SIRE_MENTION_TYPE" : "NONE",
      "SIRE_MENTION_CLASS" : "SPC"
    },
    "type" : "Product",
    "begin" : 460,
    "end" : 464,
    "inCoref" : true
  }, {
    "id" : "s10-m2",
    "properties" : {
      "SIRE_MENTION_ROLE" : "Product",
      "SIRE_ENTITY_SUBTYPE" : "NONE",
      "SIRE_MENTION_TYPE" : "NONE",
      "SIRE_MENTION_CLASS" : "SPC"
    },
    "type" : "Product",
    "begin" : 516,
    "end" : 518,
    "inCoref" : true
  }, {
    "id" : "s10-m1",
    "properties" : {
      "SIRE_MENTION_ROLE" : "Product",
      "SIRE_ENTITY_SUBTYPE" : "NONE",
      "SIRE_MENTION_TYPE" : "NONE",
      "SIRE_MENTION_CLASS" : "SPC"
    },
    "type" : "Product",
    "begin" : 523,
    "end" : 528,
    "inCoref" : true
  }, {
    "id" : "s10-m3",
    "properties" : {
      "SIRE_MENTION_ROLE" : "Product",
      "SIRE_ENTITY_SUBTYPE" : "NONE",
      "SIRE_MENTION_TYPE" : "NONE",
      "SIRE_MENTION_CLASS" : "SPC"
    },
    "type" : "Product",
    "begin" : 546,
    "end" : 548,
    "inCoref" : true
  }, {
    "id" : "s10-m4",
    "properties" : {
      "SIRE_MENTION_ROLE" : "Product",
      "SIRE_ENTITY_SUBTYPE" : "NONE",
      "SIRE_MENTION_TYPE" : "NONE",
      "SIRE_MENTION_CLASS" : "SPC"
    },
    "type" : "Product",
    "begin" : 605,
    "end" : 607,
    "inCoref" : true
  }, {
    "id" : "s11-m1",
    "properties" : {
      "SIRE_MENTION_ROLE" : "Product",
      "SIRE_ENTITY_SUBTYPE" : "NONE",
      "SIRE_MENTION_TYPE" : "NONE",
      "SIRE_MENTION_CLASS" : "SPC"
    },
    "type" : "Product",
    "begin" : 627,
    "end" : 632,
    "inCoref" : true
  }, {
    "id" : "s11-m2",
    "properties" : {
      "SIRE_MENTION_ROLE" : "Product",
      "SIRE_ENTITY_SUBTYPE" : "NONE",
      "SIRE_MENTION_TYPE" : "NONE",
      "SIRE_MENTION_CLASS" : "SPC"
    },
    "type" : "Product",
    "begin" : 691,
    "end" : 697,
    "inCoref" : true
  } ],
  "relations" : [ ],
  "corefs" : [ {
    "id" : "c1",
    "properties" : { },
    "mentions" : [ "s0-m1", "s1-m1", "s4-m1", "s5-m1", "s6-m1", "s8-m1", "s9-m1", "s10-m2", "s10-m1", "s10-m3", "s10-m4", "s11-m1", "s11-m2" ]
  } ],
  "typeResolved" : true,
  "userResolved" : false
}