{
  "id" : "bc2e7dc0-32ab-11e8-9c9d-6505f4419106-15",
  "name" : "review_0242.json",
  "createdDate" : 0,
  "version" : 3,
  "text" : "I have been using Greenies for years, including the older formula that reportedly had digestion problems. However, we never have had any problems with Greenies. Just make sure you get the appropriate size for your dog. I have never seen a dog that could resist a Greenie. They will start doing tricks never seen before once you bring them into the house. They do help with their breath, teeth cleaning and training and we normally use them as \"well earned\" treats (they aren't the cheapest thing in the treat world). I just ordered 4, 27 oz. tubs of the Teenies (we have Papillons) and I know our dogs will enjoy every one of them. Never have to worry about our dogs getting fat eating these as we do not give them multiple times a day. The new formula reportedly has solved the digestibility problem and the manufacturer claims is now more digestible than normal dog food. In the original formula, the problem usually involved incidents when dogs just tried to swallow them whole or get it down in 2 bites. Our dogs always chewed them into small pieces avoiding any problems. Believe me, your dogs will love them.",
  "docLength" : 0,
  "language" : "EN",
  "status" : "SUBMITTED",
  "modifiedDate" : 1522304822490,
  "documentSet" : [ ],
  "preannotation" : [ ],
  "sentences" : [ {
    "id" : "s0",
    "begin" : 0,
    "end" : 105,
    "text" : "I have been using Greenies for years, including the older formula that reportedly had digestion problems.",
    "tokens" : [ {
      "id" : "s0-t0",
      "begin" : 0,
      "end" : 1,
      "text" : "I",
      "whiteSpace" : false
    }, {
      "id" : "s0-t1",
      "begin" : 2,
      "end" : 6,
      "text" : "have",
      "whiteSpace" : false
    }, {
      "id" : "s0-t2",
      "begin" : 7,
      "end" : 11,
      "text" : "been",
      "whiteSpace" : false
    }, {
      "id" : "s0-t3",
      "begin" : 12,
      "end" : 17,
      "text" : "using",
      "whiteSpace" : false
    }, {
      "id" : "s0-t4",
      "begin" : 18,
      "end" : 26,
      "text" : "Greenies",
      "whiteSpace" : false
    }, {
      "id" : "s0-t5",
      "begin" : 27,
      "end" : 30,
      "text" : "for",
      "whiteSpace" : false
    }, {
      "id" : "s0-t6",
      "begin" : 31,
      "end" : 36,
      "text" : "years",
      "whiteSpace" : false
    }, {
      "id" : "s0-t7",
      "begin" : 36,
      "end" : 37,
      "text" : ",",
      "whiteSpace" : false
    }, {
      "id" : "s0-t8",
      "begin" : 38,
      "end" : 47,
      "text" : "including",
      "whiteSpace" : false
    }, {
      "id" : "s0-t9",
      "begin" : 48,
      "end" : 51,
      "text" : "the",
      "whiteSpace" : false
    }, {
      "id" : "s0-t10",
      "begin" : 52,
      "end" : 57,
      "text" : "older",
      "whiteSpace" : false
    }, {
      "id" : "s0-t11",
      "begin" : 58,
      "end" : 65,
      "text" : "formula",
      "whiteSpace" : false
    }, {
      "id" : "s0-t12",
      "begin" : 66,
      "end" : 70,
      "text" : "that",
      "whiteSpace" : false
    }, {
      "id" : "s0-t13",
      "begin" : 71,
      "end" : 81,
      "text" : "reportedly",
      "whiteSpace" : false
    }, {
      "id" : "s0-t14",
      "begin" : 82,
      "end" : 85,
      "text" : "had",
      "whiteSpace" : false
    }, {
      "id" : "s0-t15",
      "begin" : 86,
      "end" : 95,
      "text" : "digestion",
      "whiteSpace" : false
    }, {
      "id" : "s0-t16",
      "begin" : 96,
      "end" : 104,
      "text" : "problems",
      "whiteSpace" : false
    }, {
      "id" : "s0-t17",
      "begin" : 104,
      "end" : 105,
      "text" : ".",
      "whiteSpace" : false
    } ]
  }, {
    "id" : "s1",
    "begin" : 106,
    "end" : 160,
    "text" : "However, we never have had any problems with Greenies.",
    "tokens" : [ {
      "id" : "s1-t0",
      "begin" : 106,
      "end" : 113,
      "text" : "However",
      "whiteSpace" : false
    }, {
      "id" : "s1-t1",
      "begin" : 113,
      "end" : 114,
      "text" : ",",
      "whiteSpace" : false
    }, {
      "id" : "s1-t2",
      "begin" : 115,
      "end" : 117,
      "text" : "we",
      "whiteSpace" : false
    }, {
      "id" : "s1-t3",
      "begin" : 118,
      "end" : 123,
      "text" : "never",
      "whiteSpace" : false
    }, {
      "id" : "s1-t4",
      "begin" : 124,
      "end" : 128,
      "text" : "have",
      "whiteSpace" : false
    }, {
      "id" : "s1-t5",
      "begin" : 129,
      "end" : 132,
      "text" : "had",
      "whiteSpace" : false
    }, {
      "id" : "s1-t6",
      "begin" : 133,
      "end" : 136,
      "text" : "any",
      "whiteSpace" : false
    }, {
      "id" : "s1-t7",
      "begin" : 137,
      "end" : 145,
      "text" : "problems",
      "whiteSpace" : false
    }, {
      "id" : "s1-t8",
      "begin" : 146,
      "end" : 150,
      "text" : "with",
      "whiteSpace" : false
    }, {
      "id" : "s1-t9",
      "begin" : 151,
      "end" : 159,
      "text" : "Greenies",
      "whiteSpace" : false
    }, {
      "id" : "s1-t10",
      "begin" : 159,
      "end" : 160,
      "text" : ".",
      "whiteSpace" : false
    } ]
  }, {
    "id" : "s2",
    "begin" : 161,
    "end" : 218,
    "text" : "Just make sure you get the appropriate size for your dog.",
    "tokens" : [ {
      "id" : "s2-t0",
      "begin" : 161,
      "end" : 165,
      "text" : "Just",
      "whiteSpace" : false
    }, {
      "id" : "s2-t1",
      "begin" : 166,
      "end" : 170,
      "text" : "make",
      "whiteSpace" : false
    }, {
      "id" : "s2-t2",
      "begin" : 171,
      "end" : 175,
      "text" : "sure",
      "whiteSpace" : false
    }, {
      "id" : "s2-t3",
      "begin" : 176,
      "end" : 179,
      "text" : "you",
      "whiteSpace" : false
    }, {
      "id" : "s2-t4",
      "begin" : 180,
      "end" : 183,
      "text" : "get",
      "whiteSpace" : false
    }, {
      "id" : "s2-t5",
      "begin" : 184,
      "end" : 187,
      "text" : "the",
      "whiteSpace" : false
    }, {
      "id" : "s2-t6",
      "begin" : 188,
      "end" : 199,
      "text" : "appropriate",
      "whiteSpace" : false
    }, {
      "id" : "s2-t7",
      "begin" : 200,
      "end" : 204,
      "text" : "size",
      "whiteSpace" : false
    }, {
      "id" : "s2-t8",
      "begin" : 205,
      "end" : 208,
      "text" : "for",
      "whiteSpace" : false
    }, {
      "id" : "s2-t9",
      "begin" : 209,
      "end" : 213,
      "text" : "your",
      "whiteSpace" : false
    }, {
      "id" : "s2-t10",
      "begin" : 214,
      "end" : 217,
      "text" : "dog",
      "whiteSpace" : false
    }, {
      "id" : "s2-t11",
      "begin" : 217,
      "end" : 218,
      "text" : ".",
      "whiteSpace" : false
    } ]
  }, {
    "id" : "s3",
    "begin" : 219,
    "end" : 271,
    "text" : "I have never seen a dog that could resist a Greenie.",
    "tokens" : [ {
      "id" : "s3-t0",
      "begin" : 219,
      "end" : 220,
      "text" : "I",
      "whiteSpace" : false
    }, {
      "id" : "s3-t1",
      "begin" : 221,
      "end" : 225,
      "text" : "have",
      "whiteSpace" : false
    }, {
      "id" : "s3-t2",
      "begin" : 226,
      "end" : 231,
      "text" : "never",
      "whiteSpace" : false
    }, {
      "id" : "s3-t3",
      "begin" : 232,
      "end" : 236,
      "text" : "seen",
      "whiteSpace" : false
    }, {
      "id" : "s3-t4",
      "begin" : 237,
      "end" : 238,
      "text" : "a",
      "whiteSpace" : false
    }, {
      "id" : "s3-t5",
      "begin" : 239,
      "end" : 242,
      "text" : "dog",
      "whiteSpace" : false
    }, {
      "id" : "s3-t6",
      "begin" : 243,
      "end" : 247,
      "text" : "that",
      "whiteSpace" : false
    }, {
      "id" : "s3-t7",
      "begin" : 248,
      "end" : 253,
      "text" : "could",
      "whiteSpace" : false
    }, {
      "id" : "s3-t8",
      "begin" : 254,
      "end" : 260,
      "text" : "resist",
      "whiteSpace" : false
    }, {
      "id" : "s3-t9",
      "begin" : 261,
      "end" : 262,
      "text" : "a",
      "whiteSpace" : false
    }, {
      "id" : "s3-t10",
      "begin" : 263,
      "end" : 270,
      "text" : "Greenie",
      "whiteSpace" : false
    }, {
      "id" : "s3-t11",
      "begin" : 270,
      "end" : 271,
      "text" : ".",
      "whiteSpace" : false
    } ]
  }, {
    "id" : "s4",
    "begin" : 272,
    "end" : 354,
    "text" : "They will start doing tricks never seen before once you bring them into the house.",
    "tokens" : [ {
      "id" : "s4-t0",
      "begin" : 272,
      "end" : 276,
      "text" : "They",
      "whiteSpace" : false
    }, {
      "id" : "s4-t1",
      "begin" : 277,
      "end" : 281,
      "text" : "will",
      "whiteSpace" : false
    }, {
      "id" : "s4-t2",
      "begin" : 282,
      "end" : 287,
      "text" : "start",
      "whiteSpace" : false
    }, {
      "id" : "s4-t3",
      "begin" : 288,
      "end" : 293,
      "text" : "doing",
      "whiteSpace" : false
    }, {
      "id" : "s4-t4",
      "begin" : 294,
      "end" : 300,
      "text" : "tricks",
      "whiteSpace" : false
    }, {
      "id" : "s4-t5",
      "begin" : 301,
      "end" : 306,
      "text" : "never",
      "whiteSpace" : false
    }, {
      "id" : "s4-t6",
      "begin" : 307,
      "end" : 311,
      "text" : "seen",
      "whiteSpace" : false
    }, {
      "id" : "s4-t7",
      "begin" : 312,
      "end" : 318,
      "text" : "before",
      "whiteSpace" : false
    }, {
      "id" : "s4-t8",
      "begin" : 319,
      "end" : 323,
      "text" : "once",
      "whiteSpace" : false
    }, {
      "id" : "s4-t9",
      "begin" : 324,
      "end" : 327,
      "text" : "you",
      "whiteSpace" : false
    }, {
      "id" : "s4-t10",
      "begin" : 328,
      "end" : 333,
      "text" : "bring",
      "whiteSpace" : false
    }, {
      "id" : "s4-t11",
      "begin" : 334,
      "end" : 338,
      "text" : "them",
      "whiteSpace" : false
    }, {
      "id" : "s4-t12",
      "begin" : 339,
      "end" : 343,
      "text" : "into",
      "whiteSpace" : false
    }, {
      "id" : "s4-t13",
      "begin" : 344,
      "end" : 347,
      "text" : "the",
      "whiteSpace" : false
    }, {
      "id" : "s4-t14",
      "begin" : 348,
      "end" : 353,
      "text" : "house",
      "whiteSpace" : false
    }, {
      "id" : "s4-t15",
      "begin" : 353,
      "end" : 354,
      "text" : ".",
      "whiteSpace" : false
    } ]
  }, {
    "id" : "s5",
    "begin" : 355,
    "end" : 516,
    "text" : "They do help with their breath, teeth cleaning and training and we normally use them as \"well earned\" treats (they aren't the cheapest thing in the treat world).",
    "tokens" : [ {
      "id" : "s5-t0",
      "begin" : 355,
      "end" : 359,
      "text" : "They",
      "whiteSpace" : false
    }, {
      "id" : "s5-t1",
      "begin" : 360,
      "end" : 362,
      "text" : "do",
      "whiteSpace" : false
    }, {
      "id" : "s5-t2",
      "begin" : 363,
      "end" : 367,
      "text" : "help",
      "whiteSpace" : false
    }, {
      "id" : "s5-t3",
      "begin" : 368,
      "end" : 372,
      "text" : "with",
      "whiteSpace" : false
    }, {
      "id" : "s5-t4",
      "begin" : 373,
      "end" : 378,
      "text" : "their",
      "whiteSpace" : false
    }, {
      "id" : "s5-t5",
      "begin" : 379,
      "end" : 385,
      "text" : "breath",
      "whiteSpace" : false
    }, {
      "id" : "s5-t6",
      "begin" : 385,
      "end" : 386,
      "text" : ",",
      "whiteSpace" : false
    }, {
      "id" : "s5-t7",
      "begin" : 387,
      "end" : 392,
      "text" : "teeth",
      "whiteSpace" : false
    }, {
      "id" : "s5-t8",
      "begin" : 393,
      "end" : 401,
      "text" : "cleaning",
      "whiteSpace" : false
    }, {
      "id" : "s5-t9",
      "begin" : 402,
      "end" : 405,
      "text" : "and",
      "whiteSpace" : false
    }, {
      "id" : "s5-t10",
      "begin" : 406,
      "end" : 414,
      "text" : "training",
      "whiteSpace" : false
    }, {
      "id" : "s5-t11",
      "begin" : 415,
      "end" : 418,
      "text" : "and",
      "whiteSpace" : false
    }, {
      "id" : "s5-t12",
      "begin" : 419,
      "end" : 421,
      "text" : "we",
      "whiteSpace" : false
    }, {
      "id" : "s5-t13",
      "begin" : 422,
      "end" : 430,
      "text" : "normally",
      "whiteSpace" : false
    }, {
      "id" : "s5-t14",
      "begin" : 431,
      "end" : 434,
      "text" : "use",
      "whiteSpace" : false
    }, {
      "id" : "s5-t15",
      "begin" : 435,
      "end" : 439,
      "text" : "them",
      "whiteSpace" : false
    }, {
      "id" : "s5-t16",
      "begin" : 440,
      "end" : 442,
      "text" : "as",
      "whiteSpace" : false
    }, {
      "id" : "s5-t17",
      "begin" : 443,
      "end" : 444,
      "text" : "\"",
      "whiteSpace" : false
    }, {
      "id" : "s5-t18",
      "begin" : 444,
      "end" : 448,
      "text" : "well",
      "whiteSpace" : false
    }, {
      "id" : "s5-t19",
      "begin" : 449,
      "end" : 455,
      "text" : "earned",
      "whiteSpace" : false
    }, {
      "id" : "s5-t20",
      "begin" : 455,
      "end" : 456,
      "text" : "\"",
      "whiteSpace" : false
    }, {
      "id" : "s5-t21",
      "begin" : 457,
      "end" : 463,
      "text" : "treats",
      "whiteSpace" : false
    }, {
      "id" : "s5-t22",
      "begin" : 464,
      "end" : 465,
      "text" : "(",
      "whiteSpace" : false
    }, {
      "id" : "s5-t23",
      "begin" : 465,
      "end" : 469,
      "text" : "they",
      "whiteSpace" : false
    }, {
      "id" : "s5-t24",
      "begin" : 470,
      "end" : 473,
      "text" : "are",
      "whiteSpace" : false
    }, {
      "id" : "s5-t25",
      "begin" : 473,
      "end" : 476,
      "text" : "n't",
      "whiteSpace" : false
    }, {
      "id" : "s5-t26",
      "begin" : 477,
      "end" : 480,
      "text" : "the",
      "whiteSpace" : false
    }, {
      "id" : "s5-t27",
      "begin" : 481,
      "end" : 489,
      "text" : "cheapest",
      "whiteSpace" : false
    }, {
      "id" : "s5-t28",
      "begin" : 490,
      "end" : 495,
      "text" : "thing",
      "whiteSpace" : false
    }, {
      "id" : "s5-t29",
      "begin" : 496,
      "end" : 498,
      "text" : "in",
      "whiteSpace" : false
    }, {
      "id" : "s5-t30",
      "begin" : 499,
      "end" : 502,
      "text" : "the",
      "whiteSpace" : false
    }, {
      "id" : "s5-t31",
      "begin" : 503,
      "end" : 508,
      "text" : "treat",
      "whiteSpace" : false
    }, {
      "id" : "s5-t32",
      "begin" : 509,
      "end" : 514,
      "text" : "world",
      "whiteSpace" : false
    }, {
      "id" : "s5-t33",
      "begin" : 514,
      "end" : 515,
      "text" : ")",
      "whiteSpace" : false
    }, {
      "id" : "s5-t34",
      "begin" : 515,
      "end" : 516,
      "text" : ".",
      "whiteSpace" : false
    } ]
  }, {
    "id" : "s6",
    "begin" : 517,
    "end" : 631,
    "text" : "I just ordered 4, 27 oz. tubs of the Teenies (we have Papillons) and I know our dogs will enjoy every one of them.",
    "tokens" : [ {
      "id" : "s6-t0",
      "begin" : 517,
      "end" : 518,
      "text" : "I",
      "whiteSpace" : false
    }, {
      "id" : "s6-t1",
      "begin" : 519,
      "end" : 523,
      "text" : "just",
      "whiteSpace" : false
    }, {
      "id" : "s6-t2",
      "begin" : 524,
      "end" : 531,
      "text" : "ordered",
      "whiteSpace" : false
    }, {
      "id" : "s6-t3",
      "begin" : 532,
      "end" : 533,
      "text" : "4",
      "whiteSpace" : false
    }, {
      "id" : "s6-t4",
      "begin" : 533,
      "end" : 534,
      "text" : ",",
      "whiteSpace" : false
    }, {
      "id" : "s6-t5",
      "begin" : 535,
      "end" : 537,
      "text" : "27",
      "whiteSpace" : false
    }, {
      "id" : "s6-t6",
      "begin" : 538,
      "end" : 541,
      "text" : "oz.",
      "whiteSpace" : false
    }, {
      "id" : "s6-t7",
      "begin" : 542,
      "end" : 546,
      "text" : "tubs",
      "whiteSpace" : false
    }, {
      "id" : "s6-t8",
      "begin" : 547,
      "end" : 549,
      "text" : "of",
      "whiteSpace" : false
    }, {
      "id" : "s6-t9",
      "begin" : 550,
      "end" : 553,
      "text" : "the",
      "whiteSpace" : false
    }, {
      "id" : "s6-t10",
      "begin" : 554,
      "end" : 561,
      "text" : "Teenies",
      "whiteSpace" : false
    }, {
      "id" : "s6-t11",
      "begin" : 562,
      "end" : 563,
      "text" : "(",
      "whiteSpace" : false
    }, {
      "id" : "s6-t12",
      "begin" : 563,
      "end" : 565,
      "text" : "we",
      "whiteSpace" : false
    }, {
      "id" : "s6-t13",
      "begin" : 566,
      "end" : 570,
      "text" : "have",
      "whiteSpace" : false
    }, {
      "id" : "s6-t14",
      "begin" : 571,
      "end" : 580,
      "text" : "Papillons",
      "whiteSpace" : false
    }, {
      "id" : "s6-t15",
      "begin" : 580,
      "end" : 581,
      "text" : ")",
      "whiteSpace" : false
    }, {
      "id" : "s6-t16",
      "begin" : 582,
      "end" : 585,
      "text" : "and",
      "whiteSpace" : false
    }, {
      "id" : "s6-t17",
      "begin" : 586,
      "end" : 587,
      "text" : "I",
      "whiteSpace" : false
    }, {
      "id" : "s6-t18",
      "begin" : 588,
      "end" : 592,
      "text" : "know",
      "whiteSpace" : false
    }, {
      "id" : "s6-t19",
      "begin" : 593,
      "end" : 596,
      "text" : "our",
      "whiteSpace" : false
    }, {
      "id" : "s6-t20",
      "begin" : 597,
      "end" : 601,
      "text" : "dogs",
      "whiteSpace" : false
    }, {
      "id" : "s6-t21",
      "begin" : 602,
      "end" : 606,
      "text" : "will",
      "whiteSpace" : false
    }, {
      "id" : "s6-t22",
      "begin" : 607,
      "end" : 612,
      "text" : "enjoy",
      "whiteSpace" : false
    }, {
      "id" : "s6-t23",
      "begin" : 613,
      "end" : 618,
      "text" : "every",
      "whiteSpace" : false
    }, {
      "id" : "s6-t24",
      "begin" : 619,
      "end" : 622,
      "text" : "one",
      "whiteSpace" : false
    }, {
      "id" : "s6-t25",
      "begin" : 623,
      "end" : 625,
      "text" : "of",
      "whiteSpace" : false
    }, {
      "id" : "s6-t26",
      "begin" : 626,
      "end" : 630,
      "text" : "them",
      "whiteSpace" : false
    }, {
      "id" : "s6-t27",
      "begin" : 630,
      "end" : 631,
      "text" : ".",
      "whiteSpace" : false
    } ]
  }, {
    "id" : "s7",
    "begin" : 632,
    "end" : 736,
    "text" : "Never have to worry about our dogs getting fat eating these as we do not give them multiple times a day.",
    "tokens" : [ {
      "id" : "s7-t0",
      "begin" : 632,
      "end" : 637,
      "text" : "Never",
      "whiteSpace" : false
    }, {
      "id" : "s7-t1",
      "begin" : 638,
      "end" : 642,
      "text" : "have",
      "whiteSpace" : false
    }, {
      "id" : "s7-t2",
      "begin" : 643,
      "end" : 645,
      "text" : "to",
      "whiteSpace" : false
    }, {
      "id" : "s7-t3",
      "begin" : 646,
      "end" : 651,
      "text" : "worry",
      "whiteSpace" : false
    }, {
      "id" : "s7-t4",
      "begin" : 652,
      "end" : 657,
      "text" : "about",
      "whiteSpace" : false
    }, {
      "id" : "s7-t5",
      "begin" : 658,
      "end" : 661,
      "text" : "our",
      "whiteSpace" : false
    }, {
      "id" : "s7-t6",
      "begin" : 662,
      "end" : 666,
      "text" : "dogs",
      "whiteSpace" : false
    }, {
      "id" : "s7-t7",
      "begin" : 667,
      "end" : 674,
      "text" : "getting",
      "whiteSpace" : false
    }, {
      "id" : "s7-t8",
      "begin" : 675,
      "end" : 678,
      "text" : "fat",
      "whiteSpace" : false
    }, {
      "id" : "s7-t9",
      "begin" : 679,
      "end" : 685,
      "text" : "eating",
      "whiteSpace" : false
    }, {
      "id" : "s7-t10",
      "begin" : 686,
      "end" : 691,
      "text" : "these",
      "whiteSpace" : false
    }, {
      "id" : "s7-t11",
      "begin" : 692,
      "end" : 694,
      "text" : "as",
      "whiteSpace" : false
    }, {
      "id" : "s7-t12",
      "begin" : 695,
      "end" : 697,
      "text" : "we",
      "whiteSpace" : false
    }, {
      "id" : "s7-t13",
      "begin" : 698,
      "end" : 700,
      "text" : "do",
      "whiteSpace" : false
    }, {
      "id" : "s7-t14",
      "begin" : 701,
      "end" : 704,
      "text" : "not",
      "whiteSpace" : false
    }, {
      "id" : "s7-t15",
      "begin" : 705,
      "end" : 709,
      "text" : "give",
      "whiteSpace" : false
    }, {
      "id" : "s7-t16",
      "begin" : 710,
      "end" : 714,
      "text" : "them",
      "whiteSpace" : false
    }, {
      "id" : "s7-t17",
      "begin" : 715,
      "end" : 723,
      "text" : "multiple",
      "whiteSpace" : false
    }, {
      "id" : "s7-t18",
      "begin" : 724,
      "end" : 729,
      "text" : "times",
      "whiteSpace" : false
    }, {
      "id" : "s7-t19",
      "begin" : 730,
      "end" : 731,
      "text" : "a",
      "whiteSpace" : false
    }, {
      "id" : "s7-t20",
      "begin" : 732,
      "end" : 735,
      "text" : "day",
      "whiteSpace" : false
    }, {
      "id" : "s7-t21",
      "begin" : 735,
      "end" : 736,
      "text" : ".",
      "whiteSpace" : false
    } ]
  }, {
    "id" : "s8",
    "begin" : 737,
    "end" : 873,
    "text" : "The new formula reportedly has solved the digestibility problem and the manufacturer claims is now more digestible than normal dog food.",
    "tokens" : [ {
      "id" : "s8-t0",
      "begin" : 737,
      "end" : 740,
      "text" : "The",
      "whiteSpace" : false
    }, {
      "id" : "s8-t1",
      "begin" : 741,
      "end" : 744,
      "text" : "new",
      "whiteSpace" : false
    }, {
      "id" : "s8-t2",
      "begin" : 745,
      "end" : 752,
      "text" : "formula",
      "whiteSpace" : false
    }, {
      "id" : "s8-t3",
      "begin" : 753,
      "end" : 763,
      "text" : "reportedly",
      "whiteSpace" : false
    }, {
      "id" : "s8-t4",
      "begin" : 764,
      "end" : 767,
      "text" : "has",
      "whiteSpace" : false
    }, {
      "id" : "s8-t5",
      "begin" : 768,
      "end" : 774,
      "text" : "solved",
      "whiteSpace" : false
    }, {
      "id" : "s8-t6",
      "begin" : 775,
      "end" : 778,
      "text" : "the",
      "whiteSpace" : false
    }, {
      "id" : "s8-t7",
      "begin" : 779,
      "end" : 792,
      "text" : "digestibility",
      "whiteSpace" : false
    }, {
      "id" : "s8-t8",
      "begin" : 793,
      "end" : 800,
      "text" : "problem",
      "whiteSpace" : false
    }, {
      "id" : "s8-t9",
      "begin" : 801,
      "end" : 804,
      "text" : "and",
      "whiteSpace" : false
    }, {
      "id" : "s8-t10",
      "begin" : 805,
      "end" : 808,
      "text" : "the",
      "whiteSpace" : false
    }, {
      "id" : "s8-t11",
      "begin" : 809,
      "end" : 821,
      "text" : "manufacturer",
      "whiteSpace" : false
    }, {
      "id" : "s8-t12",
      "begin" : 822,
      "end" : 828,
      "text" : "claims",
      "whiteSpace" : false
    }, {
      "id" : "s8-t13",
      "begin" : 829,
      "end" : 831,
      "text" : "is",
      "whiteSpace" : false
    }, {
      "id" : "s8-t14",
      "begin" : 832,
      "end" : 835,
      "text" : "now",
      "whiteSpace" : false
    }, {
      "id" : "s8-t15",
      "begin" : 836,
      "end" : 840,
      "text" : "more",
      "whiteSpace" : false
    }, {
      "id" : "s8-t16",
      "begin" : 841,
      "end" : 851,
      "text" : "digestible",
      "whiteSpace" : false
    }, {
      "id" : "s8-t17",
      "begin" : 852,
      "end" : 856,
      "text" : "than",
      "whiteSpace" : false
    }, {
      "id" : "s8-t18",
      "begin" : 857,
      "end" : 863,
      "text" : "normal",
      "whiteSpace" : false
    }, {
      "id" : "s8-t19",
      "begin" : 864,
      "end" : 867,
      "text" : "dog",
      "whiteSpace" : false
    }, {
      "id" : "s8-t20",
      "begin" : 868,
      "end" : 872,
      "text" : "food",
      "whiteSpace" : false
    }, {
      "id" : "s8-t21",
      "begin" : 872,
      "end" : 873,
      "text" : ".",
      "whiteSpace" : false
    } ]
  }, {
    "id" : "s9",
    "begin" : 874,
    "end" : 1007,
    "text" : "In the original formula, the problem usually involved incidents when dogs just tried to swallow them whole or get it down in 2 bites.",
    "tokens" : [ {
      "id" : "s9-t0",
      "begin" : 874,
      "end" : 876,
      "text" : "In",
      "whiteSpace" : false
    }, {
      "id" : "s9-t1",
      "begin" : 877,
      "end" : 880,
      "text" : "the",
      "whiteSpace" : false
    }, {
      "id" : "s9-t2",
      "begin" : 881,
      "end" : 889,
      "text" : "original",
      "whiteSpace" : false
    }, {
      "id" : "s9-t3",
      "begin" : 890,
      "end" : 897,
      "text" : "formula",
      "whiteSpace" : false
    }, {
      "id" : "s9-t4",
      "begin" : 897,
      "end" : 898,
      "text" : ",",
      "whiteSpace" : false
    }, {
      "id" : "s9-t5",
      "begin" : 899,
      "end" : 902,
      "text" : "the",
      "whiteSpace" : false
    }, {
      "id" : "s9-t6",
      "begin" : 903,
      "end" : 910,
      "text" : "problem",
      "whiteSpace" : false
    }, {
      "id" : "s9-t7",
      "begin" : 911,
      "end" : 918,
      "text" : "usually",
      "whiteSpace" : false
    }, {
      "id" : "s9-t8",
      "begin" : 919,
      "end" : 927,
      "text" : "involved",
      "whiteSpace" : false
    }, {
      "id" : "s9-t9",
      "begin" : 928,
      "end" : 937,
      "text" : "incidents",
      "whiteSpace" : false
    }, {
      "id" : "s9-t10",
      "begin" : 938,
      "end" : 942,
      "text" : "when",
      "whiteSpace" : false
    }, {
      "id" : "s9-t11",
      "begin" : 943,
      "end" : 947,
      "text" : "dogs",
      "whiteSpace" : false
    }, {
      "id" : "s9-t12",
      "begin" : 948,
      "end" : 952,
      "text" : "just",
      "whiteSpace" : false
    }, {
      "id" : "s9-t13",
      "begin" : 953,
      "end" : 958,
      "text" : "tried",
      "whiteSpace" : false
    }, {
      "id" : "s9-t14",
      "begin" : 959,
      "end" : 961,
      "text" : "to",
      "whiteSpace" : false
    }, {
      "id" : "s9-t15",
      "begin" : 962,
      "end" : 969,
      "text" : "swallow",
      "whiteSpace" : false
    }, {
      "id" : "s9-t16",
      "begin" : 970,
      "end" : 974,
      "text" : "them",
      "whiteSpace" : false
    }, {
      "id" : "s9-t17",
      "begin" : 975,
      "end" : 980,
      "text" : "whole",
      "whiteSpace" : false
    }, {
      "id" : "s9-t18",
      "begin" : 981,
      "end" : 983,
      "text" : "or",
      "whiteSpace" : false
    }, {
      "id" : "s9-t19",
      "begin" : 984,
      "end" : 987,
      "text" : "get",
      "whiteSpace" : false
    }, {
      "id" : "s9-t20",
      "begin" : 988,
      "end" : 990,
      "text" : "it",
      "whiteSpace" : false
    }, {
      "id" : "s9-t21",
      "begin" : 991,
      "end" : 995,
      "text" : "down",
      "whiteSpace" : false
    }, {
      "id" : "s9-t22",
      "begin" : 996,
      "end" : 998,
      "text" : "in",
      "whiteSpace" : false
    }, {
      "id" : "s9-t23",
      "begin" : 999,
      "end" : 1000,
      "text" : "2",
      "whiteSpace" : false
    }, {
      "id" : "s9-t24",
      "begin" : 1001,
      "end" : 1006,
      "text" : "bites",
      "whiteSpace" : false
    }, {
      "id" : "s9-t25",
      "begin" : 1006,
      "end" : 1007,
      "text" : ".",
      "whiteSpace" : false
    } ]
  }, {
    "id" : "s10",
    "begin" : 1008,
    "end" : 1076,
    "text" : "Our dogs always chewed them into small pieces avoiding any problems.",
    "tokens" : [ {
      "id" : "s10-t0",
      "begin" : 1008,
      "end" : 1011,
      "text" : "Our",
      "whiteSpace" : false
    }, {
      "id" : "s10-t1",
      "begin" : 1012,
      "end" : 1016,
      "text" : "dogs",
      "whiteSpace" : false
    }, {
      "id" : "s10-t2",
      "begin" : 1017,
      "end" : 1023,
      "text" : "always",
      "whiteSpace" : false
    }, {
      "id" : "s10-t3",
      "begin" : 1024,
      "end" : 1030,
      "text" : "chewed",
      "whiteSpace" : false
    }, {
      "id" : "s10-t4",
      "begin" : 1031,
      "end" : 1035,
      "text" : "them",
      "whiteSpace" : false
    }, {
      "id" : "s10-t5",
      "begin" : 1036,
      "end" : 1040,
      "text" : "into",
      "whiteSpace" : false
    }, {
      "id" : "s10-t6",
      "begin" : 1041,
      "end" : 1046,
      "text" : "small",
      "whiteSpace" : false
    }, {
      "id" : "s10-t7",
      "begin" : 1047,
      "end" : 1053,
      "text" : "pieces",
      "whiteSpace" : false
    }, {
      "id" : "s10-t8",
      "begin" : 1054,
      "end" : 1062,
      "text" : "avoiding",
      "whiteSpace" : false
    }, {
      "id" : "s10-t9",
      "begin" : 1063,
      "end" : 1066,
      "text" : "any",
      "whiteSpace" : false
    }, {
      "id" : "s10-t10",
      "begin" : 1067,
      "end" : 1075,
      "text" : "problems",
      "whiteSpace" : false
    }, {
      "id" : "s10-t11",
      "begin" : 1075,
      "end" : 1076,
      "text" : ".",
      "whiteSpace" : false
    } ]
  }, {
    "id" : "s11",
    "begin" : 1077,
    "end" : 1114,
    "text" : "Believe me, your dogs will love them.",
    "tokens" : [ {
      "id" : "s11-t0",
      "begin" : 1077,
      "end" : 1084,
      "text" : "Believe",
      "whiteSpace" : false
    }, {
      "id" : "s11-t1",
      "begin" : 1085,
      "end" : 1087,
      "text" : "me",
      "whiteSpace" : false
    }, {
      "id" : "s11-t2",
      "begin" : 1087,
      "end" : 1088,
      "text" : ",",
      "whiteSpace" : false
    }, {
      "id" : "s11-t3",
      "begin" : 1089,
      "end" : 1093,
      "text" : "your",
      "whiteSpace" : false
    }, {
      "id" : "s11-t4",
      "begin" : 1094,
      "end" : 1098,
      "text" : "dogs",
      "whiteSpace" : false
    }, {
      "id" : "s11-t5",
      "begin" : 1099,
      "end" : 1103,
      "text" : "will",
      "whiteSpace" : false
    }, {
      "id" : "s11-t6",
      "begin" : 1104,
      "end" : 1108,
      "text" : "love",
      "whiteSpace" : false
    }, {
      "id" : "s11-t7",
      "begin" : 1109,
      "end" : 1113,
      "text" : "them",
      "whiteSpace" : false
    }, {
      "id" : "s11-t8",
      "begin" : 1113,
      "end" : 1114,
      "text" : ".",
      "whiteSpace" : false
    } ]
  } ],
  "mentions" : [ {
    "id" : "s0-m1",
    "properties" : {
      "SIRE_MENTION_ROLE" : "Brand",
      "SIRE_ENTITY_SUBTYPE" : "NONE",
      "SIRE_MENTION_TYPE" : "NONE",
      "SIRE_MENTION_CLASS" : "SPC"
    },
    "type" : "Brand",
    "begin" : 18,
    "end" : 26,
    "inCoref" : true
  }, {
    "id" : "s1-m1",
    "properties" : {
      "SIRE_MENTION_ROLE" : "Brand",
      "SIRE_ENTITY_SUBTYPE" : "NONE",
      "SIRE_MENTION_TYPE" : "NONE",
      "SIRE_MENTION_CLASS" : "SPC"
    },
    "type" : "Brand",
    "begin" : 151,
    "end" : 159,
    "inCoref" : true
  }, {
    "id" : "s3-m1",
    "properties" : {
      "SIRE_MENTION_ROLE" : "Brand",
      "SIRE_ENTITY_SUBTYPE" : "NONE",
      "SIRE_MENTION_TYPE" : "NONE",
      "SIRE_MENTION_CLASS" : "SPC"
    },
    "type" : "Brand",
    "begin" : 263,
    "end" : 270,
    "inCoref" : true
  }, {
    "id" : "s4-m2",
    "properties" : {
      "SIRE_MENTION_ROLE" : "Product",
      "SIRE_ENTITY_SUBTYPE" : "NONE",
      "SIRE_MENTION_TYPE" : "NONE",
      "SIRE_MENTION_CLASS" : "SPC"
    },
    "type" : "Product",
    "begin" : 334,
    "end" : 338,
    "inCoref" : true
  }, {
    "id" : "s5-m4",
    "properties" : {
      "SIRE_MENTION_ROLE" : "Product",
      "SIRE_ENTITY_SUBTYPE" : "NONE",
      "SIRE_MENTION_TYPE" : "NONE",
      "SIRE_MENTION_CLASS" : "SPC"
    },
    "type" : "Product",
    "begin" : 355,
    "end" : 359,
    "inCoref" : true
  }, {
    "id" : "s5-m3",
    "properties" : {
      "SIRE_MENTION_ROLE" : "Product",
      "SIRE_ENTITY_SUBTYPE" : "NONE",
      "SIRE_MENTION_TYPE" : "NONE",
      "SIRE_MENTION_CLASS" : "SPC"
    },
    "type" : "Product",
    "begin" : 435,
    "end" : 439,
    "inCoref" : true
  }, {
    "id" : "s6-m2",
    "properties" : {
      "SIRE_MENTION_ROLE" : "Product",
      "SIRE_ENTITY_SUBTYPE" : "NONE",
      "SIRE_MENTION_TYPE" : "NONE",
      "SIRE_MENTION_CLASS" : "SPC"
    },
    "type" : "Product",
    "begin" : 554,
    "end" : 561,
    "inCoref" : true
  }, {
    "id" : "s7-m1",
    "properties" : {
      "SIRE_MENTION_ROLE" : "Product",
      "SIRE_ENTITY_SUBTYPE" : "NONE",
      "SIRE_MENTION_TYPE" : "NONE",
      "SIRE_MENTION_CLASS" : "SPC"
    },
    "type" : "Product",
    "begin" : 686,
    "end" : 691,
    "inCoref" : true
  }, {
    "id" : "s8-m1",
    "properties" : {
      "SIRE_MENTION_ROLE" : "Attribute",
      "SIRE_ENTITY_SUBTYPE" : "NONE",
      "SIRE_MENTION_TYPE" : "NONE",
      "SIRE_MENTION_CLASS" : "SPC"
    },
    "type" : "Attribute",
    "begin" : 841,
    "end" : 851,
    "inCoref" : false
  }, {
    "id" : "s9-m3",
    "properties" : {
      "SIRE_MENTION_ROLE" : "Product",
      "SIRE_ENTITY_SUBTYPE" : "NONE",
      "SIRE_MENTION_TYPE" : "NONE",
      "SIRE_MENTION_CLASS" : "SPC"
    },
    "type" : "Product",
    "begin" : 970,
    "end" : 974,
    "inCoref" : true
  }, {
    "id" : "s9-m2",
    "properties" : {
      "SIRE_MENTION_ROLE" : "Product",
      "SIRE_ENTITY_SUBTYPE" : "NONE",
      "SIRE_MENTION_TYPE" : "NONE",
      "SIRE_MENTION_CLASS" : "SPC"
    },
    "type" : "Product",
    "begin" : 988,
    "end" : 990,
    "inCoref" : true
  }, {
    "id" : "s10-m1",
    "properties" : {
      "SIRE_MENTION_ROLE" : "Product",
      "SIRE_ENTITY_SUBTYPE" : "NONE",
      "SIRE_MENTION_TYPE" : "NONE",
      "SIRE_MENTION_CLASS" : "SPC"
    },
    "type" : "Product",
    "begin" : 1031,
    "end" : 1035,
    "inCoref" : true
  }, {
    "id" : "s11-m1",
    "properties" : {
      "SIRE_MENTION_ROLE" : "Product",
      "SIRE_ENTITY_SUBTYPE" : "NONE",
      "SIRE_MENTION_TYPE" : "NONE",
      "SIRE_MENTION_CLASS" : "SPC"
    },
    "type" : "Product",
    "begin" : 1109,
    "end" : 1113,
    "inCoref" : true
  } ],
  "relations" : [ ],
  "corefs" : [ {
    "id" : "c1",
    "properties" : { },
    "mentions" : [ "s11-m1", "s7-m1", "s6-m2", "s5-m3", "s4-m2", "s5-m4" ]
  }, {
    "id" : "c2",
    "properties" : { },
    "mentions" : [ "s10-m1", "s9-m3", "s9-m2" ]
  }, {
    "id" : "c3",
    "properties" : { },
    "mentions" : [ "s3-m1", "s1-m1", "s0-m1" ]
  } ],
  "typeResolved" : true,
  "userResolved" : false
}