{
  "id" : "bc2e7dc0-32ab-11e8-9c9d-6505f4419106-102",
  "name" : "review_1662.json",
  "createdDate" : 0,
  "version" : 3,
  "text" : "The Essentia 9.5 pH drinking water has a noticeably distinct taste compared to the regular bottled ones you buy in the store. And I say this from a bottled-water drinker perspective. Water in my part of the country is specially hard, even when applying consumer filtration. That is why we have regular drinking water delivery. But after trying Essentia, I have a brand new perspective of what drinking water should be. Nothing beats water that has been industrially treated with the right minerals and ph balance. Unlike other consumer grade bottled drinking water, the Essentia undergoes the usual filtration: reverse osmosis, UV, etc. but what makes this a truly long lasting hydrating liquid is that it is infused with electrolytes and life essential minerals that you cannot get with consumer-grade bottled water. Essentia hydrates better making drinking water fun and far in between. Very highly recommended!!",
  "docLength" : 0,
  "language" : "EN",
  "status" : "SUBMITTED",
  "modifiedDate" : 1522301096104,
  "documentSet" : [ ],
  "preannotation" : [ ],
  "sentences" : [ {
    "id" : "s0",
    "begin" : 0,
    "end" : 125,
    "text" : "The Essentia 9.5 pH drinking water has a noticeably distinct taste compared to the regular bottled ones you buy in the store.",
    "tokens" : [ {
      "id" : "s0-t0",
      "begin" : 0,
      "end" : 3,
      "text" : "The",
      "whiteSpace" : false
    }, {
      "id" : "s0-t1",
      "begin" : 4,
      "end" : 12,
      "text" : "Essentia",
      "whiteSpace" : false
    }, {
      "id" : "s0-t2",
      "begin" : 13,
      "end" : 16,
      "text" : "9.5",
      "whiteSpace" : false
    }, {
      "id" : "s0-t3",
      "begin" : 17,
      "end" : 19,
      "text" : "pH",
      "whiteSpace" : false
    }, {
      "id" : "s0-t4",
      "begin" : 20,
      "end" : 28,
      "text" : "drinking",
      "whiteSpace" : false
    }, {
      "id" : "s0-t5",
      "begin" : 29,
      "end" : 34,
      "text" : "water",
      "whiteSpace" : false
    }, {
      "id" : "s0-t6",
      "begin" : 35,
      "end" : 38,
      "text" : "has",
      "whiteSpace" : false
    }, {
      "id" : "s0-t7",
      "begin" : 39,
      "end" : 40,
      "text" : "a",
      "whiteSpace" : false
    }, {
      "id" : "s0-t8",
      "begin" : 41,
      "end" : 51,
      "text" : "noticeably",
      "whiteSpace" : false
    }, {
      "id" : "s0-t9",
      "begin" : 52,
      "end" : 60,
      "text" : "distinct",
      "whiteSpace" : false
    }, {
      "id" : "s0-t10",
      "begin" : 61,
      "end" : 66,
      "text" : "taste",
      "whiteSpace" : false
    }, {
      "id" : "s0-t11",
      "begin" : 67,
      "end" : 75,
      "text" : "compared",
      "whiteSpace" : false
    }, {
      "id" : "s0-t12",
      "begin" : 76,
      "end" : 78,
      "text" : "to",
      "whiteSpace" : false
    }, {
      "id" : "s0-t13",
      "begin" : 79,
      "end" : 82,
      "text" : "the",
      "whiteSpace" : false
    }, {
      "id" : "s0-t14",
      "begin" : 83,
      "end" : 90,
      "text" : "regular",
      "whiteSpace" : false
    }, {
      "id" : "s0-t15",
      "begin" : 91,
      "end" : 98,
      "text" : "bottled",
      "whiteSpace" : false
    }, {
      "id" : "s0-t16",
      "begin" : 99,
      "end" : 103,
      "text" : "ones",
      "whiteSpace" : false
    }, {
      "id" : "s0-t17",
      "begin" : 104,
      "end" : 107,
      "text" : "you",
      "whiteSpace" : false
    }, {
      "id" : "s0-t18",
      "begin" : 108,
      "end" : 111,
      "text" : "buy",
      "whiteSpace" : false
    }, {
      "id" : "s0-t19",
      "begin" : 112,
      "end" : 114,
      "text" : "in",
      "whiteSpace" : false
    }, {
      "id" : "s0-t20",
      "begin" : 115,
      "end" : 118,
      "text" : "the",
      "whiteSpace" : false
    }, {
      "id" : "s0-t21",
      "begin" : 119,
      "end" : 124,
      "text" : "store",
      "whiteSpace" : false
    }, {
      "id" : "s0-t22",
      "begin" : 124,
      "end" : 125,
      "text" : ".",
      "whiteSpace" : false
    } ]
  }, {
    "id" : "s1",
    "begin" : 126,
    "end" : 182,
    "text" : "And I say this from a bottled-water drinker perspective.",
    "tokens" : [ {
      "id" : "s1-t0",
      "begin" : 126,
      "end" : 129,
      "text" : "And",
      "whiteSpace" : false
    }, {
      "id" : "s1-t1",
      "begin" : 130,
      "end" : 131,
      "text" : "I",
      "whiteSpace" : false
    }, {
      "id" : "s1-t2",
      "begin" : 132,
      "end" : 135,
      "text" : "say",
      "whiteSpace" : false
    }, {
      "id" : "s1-t3",
      "begin" : 136,
      "end" : 140,
      "text" : "this",
      "whiteSpace" : false
    }, {
      "id" : "s1-t4",
      "begin" : 141,
      "end" : 145,
      "text" : "from",
      "whiteSpace" : false
    }, {
      "id" : "s1-t5",
      "begin" : 146,
      "end" : 147,
      "text" : "a",
      "whiteSpace" : false
    }, {
      "id" : "s1-t6",
      "begin" : 148,
      "end" : 161,
      "text" : "bottled-water",
      "whiteSpace" : false
    }, {
      "id" : "s1-t7",
      "begin" : 162,
      "end" : 169,
      "text" : "drinker",
      "whiteSpace" : false
    }, {
      "id" : "s1-t8",
      "begin" : 170,
      "end" : 181,
      "text" : "perspective",
      "whiteSpace" : false
    }, {
      "id" : "s1-t9",
      "begin" : 181,
      "end" : 182,
      "text" : ".",
      "whiteSpace" : false
    } ]
  }, {
    "id" : "s2",
    "begin" : 183,
    "end" : 273,
    "text" : "Water in my part of the country is specially hard, even when applying consumer filtration.",
    "tokens" : [ {
      "id" : "s2-t0",
      "begin" : 183,
      "end" : 188,
      "text" : "Water",
      "whiteSpace" : false
    }, {
      "id" : "s2-t1",
      "begin" : 189,
      "end" : 191,
      "text" : "in",
      "whiteSpace" : false
    }, {
      "id" : "s2-t2",
      "begin" : 192,
      "end" : 194,
      "text" : "my",
      "whiteSpace" : false
    }, {
      "id" : "s2-t3",
      "begin" : 195,
      "end" : 199,
      "text" : "part",
      "whiteSpace" : false
    }, {
      "id" : "s2-t4",
      "begin" : 200,
      "end" : 202,
      "text" : "of",
      "whiteSpace" : false
    }, {
      "id" : "s2-t5",
      "begin" : 203,
      "end" : 206,
      "text" : "the",
      "whiteSpace" : false
    }, {
      "id" : "s2-t6",
      "begin" : 207,
      "end" : 214,
      "text" : "country",
      "whiteSpace" : false
    }, {
      "id" : "s2-t7",
      "begin" : 215,
      "end" : 217,
      "text" : "is",
      "whiteSpace" : false
    }, {
      "id" : "s2-t8",
      "begin" : 218,
      "end" : 227,
      "text" : "specially",
      "whiteSpace" : false
    }, {
      "id" : "s2-t9",
      "begin" : 228,
      "end" : 232,
      "text" : "hard",
      "whiteSpace" : false
    }, {
      "id" : "s2-t10",
      "begin" : 232,
      "end" : 233,
      "text" : ",",
      "whiteSpace" : false
    }, {
      "id" : "s2-t11",
      "begin" : 234,
      "end" : 238,
      "text" : "even",
      "whiteSpace" : false
    }, {
      "id" : "s2-t12",
      "begin" : 239,
      "end" : 243,
      "text" : "when",
      "whiteSpace" : false
    }, {
      "id" : "s2-t13",
      "begin" : 244,
      "end" : 252,
      "text" : "applying",
      "whiteSpace" : false
    }, {
      "id" : "s2-t14",
      "begin" : 253,
      "end" : 261,
      "text" : "consumer",
      "whiteSpace" : false
    }, {
      "id" : "s2-t15",
      "begin" : 262,
      "end" : 272,
      "text" : "filtration",
      "whiteSpace" : false
    }, {
      "id" : "s2-t16",
      "begin" : 272,
      "end" : 273,
      "text" : ".",
      "whiteSpace" : false
    } ]
  }, {
    "id" : "s3",
    "begin" : 274,
    "end" : 326,
    "text" : "That is why we have regular drinking water delivery.",
    "tokens" : [ {
      "id" : "s3-t0",
      "begin" : 274,
      "end" : 278,
      "text" : "That",
      "whiteSpace" : false
    }, {
      "id" : "s3-t1",
      "begin" : 279,
      "end" : 281,
      "text" : "is",
      "whiteSpace" : false
    }, {
      "id" : "s3-t2",
      "begin" : 282,
      "end" : 285,
      "text" : "why",
      "whiteSpace" : false
    }, {
      "id" : "s3-t3",
      "begin" : 286,
      "end" : 288,
      "text" : "we",
      "whiteSpace" : false
    }, {
      "id" : "s3-t4",
      "begin" : 289,
      "end" : 293,
      "text" : "have",
      "whiteSpace" : false
    }, {
      "id" : "s3-t5",
      "begin" : 294,
      "end" : 301,
      "text" : "regular",
      "whiteSpace" : false
    }, {
      "id" : "s3-t6",
      "begin" : 302,
      "end" : 310,
      "text" : "drinking",
      "whiteSpace" : false
    }, {
      "id" : "s3-t7",
      "begin" : 311,
      "end" : 316,
      "text" : "water",
      "whiteSpace" : false
    }, {
      "id" : "s3-t8",
      "begin" : 317,
      "end" : 325,
      "text" : "delivery",
      "whiteSpace" : false
    }, {
      "id" : "s3-t9",
      "begin" : 325,
      "end" : 326,
      "text" : ".",
      "whiteSpace" : false
    } ]
  }, {
    "id" : "s4",
    "begin" : 327,
    "end" : 418,
    "text" : "But after trying Essentia, I have a brand new perspective of what drinking water should be.",
    "tokens" : [ {
      "id" : "s4-t0",
      "begin" : 327,
      "end" : 330,
      "text" : "But",
      "whiteSpace" : false
    }, {
      "id" : "s4-t1",
      "begin" : 331,
      "end" : 336,
      "text" : "after",
      "whiteSpace" : false
    }, {
      "id" : "s4-t2",
      "begin" : 337,
      "end" : 343,
      "text" : "trying",
      "whiteSpace" : false
    }, {
      "id" : "s4-t3",
      "begin" : 344,
      "end" : 352,
      "text" : "Essentia",
      "whiteSpace" : false
    }, {
      "id" : "s4-t4",
      "begin" : 352,
      "end" : 353,
      "text" : ",",
      "whiteSpace" : false
    }, {
      "id" : "s4-t5",
      "begin" : 354,
      "end" : 355,
      "text" : "I",
      "whiteSpace" : false
    }, {
      "id" : "s4-t6",
      "begin" : 356,
      "end" : 360,
      "text" : "have",
      "whiteSpace" : false
    }, {
      "id" : "s4-t7",
      "begin" : 361,
      "end" : 362,
      "text" : "a",
      "whiteSpace" : false
    }, {
      "id" : "s4-t8",
      "begin" : 363,
      "end" : 368,
      "text" : "brand",
      "whiteSpace" : false
    }, {
      "id" : "s4-t9",
      "begin" : 369,
      "end" : 372,
      "text" : "new",
      "whiteSpace" : false
    }, {
      "id" : "s4-t10",
      "begin" : 373,
      "end" : 384,
      "text" : "perspective",
      "whiteSpace" : false
    }, {
      "id" : "s4-t11",
      "begin" : 385,
      "end" : 387,
      "text" : "of",
      "whiteSpace" : false
    }, {
      "id" : "s4-t12",
      "begin" : 388,
      "end" : 392,
      "text" : "what",
      "whiteSpace" : false
    }, {
      "id" : "s4-t13",
      "begin" : 393,
      "end" : 401,
      "text" : "drinking",
      "whiteSpace" : false
    }, {
      "id" : "s4-t14",
      "begin" : 402,
      "end" : 407,
      "text" : "water",
      "whiteSpace" : false
    }, {
      "id" : "s4-t15",
      "begin" : 408,
      "end" : 414,
      "text" : "should",
      "whiteSpace" : false
    }, {
      "id" : "s4-t16",
      "begin" : 415,
      "end" : 417,
      "text" : "be",
      "whiteSpace" : false
    }, {
      "id" : "s4-t17",
      "begin" : 417,
      "end" : 418,
      "text" : ".",
      "whiteSpace" : false
    } ]
  }, {
    "id" : "s5",
    "begin" : 419,
    "end" : 513,
    "text" : "Nothing beats water that has been industrially treated with the right minerals and ph balance.",
    "tokens" : [ {
      "id" : "s5-t0",
      "begin" : 419,
      "end" : 426,
      "text" : "Nothing",
      "whiteSpace" : false
    }, {
      "id" : "s5-t1",
      "begin" : 427,
      "end" : 432,
      "text" : "beats",
      "whiteSpace" : false
    }, {
      "id" : "s5-t2",
      "begin" : 433,
      "end" : 438,
      "text" : "water",
      "whiteSpace" : false
    }, {
      "id" : "s5-t3",
      "begin" : 439,
      "end" : 443,
      "text" : "that",
      "whiteSpace" : false
    }, {
      "id" : "s5-t4",
      "begin" : 444,
      "end" : 447,
      "text" : "has",
      "whiteSpace" : false
    }, {
      "id" : "s5-t5",
      "begin" : 448,
      "end" : 452,
      "text" : "been",
      "whiteSpace" : false
    }, {
      "id" : "s5-t6",
      "begin" : 453,
      "end" : 465,
      "text" : "industrially",
      "whiteSpace" : false
    }, {
      "id" : "s5-t7",
      "begin" : 466,
      "end" : 473,
      "text" : "treated",
      "whiteSpace" : false
    }, {
      "id" : "s5-t8",
      "begin" : 474,
      "end" : 478,
      "text" : "with",
      "whiteSpace" : false
    }, {
      "id" : "s5-t9",
      "begin" : 479,
      "end" : 482,
      "text" : "the",
      "whiteSpace" : false
    }, {
      "id" : "s5-t10",
      "begin" : 483,
      "end" : 488,
      "text" : "right",
      "whiteSpace" : false
    }, {
      "id" : "s5-t11",
      "begin" : 489,
      "end" : 497,
      "text" : "minerals",
      "whiteSpace" : false
    }, {
      "id" : "s5-t12",
      "begin" : 498,
      "end" : 501,
      "text" : "and",
      "whiteSpace" : false
    }, {
      "id" : "s5-t13",
      "begin" : 502,
      "end" : 504,
      "text" : "ph",
      "whiteSpace" : false
    }, {
      "id" : "s5-t14",
      "begin" : 505,
      "end" : 512,
      "text" : "balance",
      "whiteSpace" : false
    }, {
      "id" : "s5-t15",
      "begin" : 512,
      "end" : 513,
      "text" : ".",
      "whiteSpace" : false
    } ]
  }, {
    "id" : "s6",
    "begin" : 514,
    "end" : 817,
    "text" : "Unlike other consumer grade bottled drinking water, the Essentia undergoes the usual filtration: reverse osmosis, UV, etc. but what makes this a truly long lasting hydrating liquid is that it is infused with electrolytes and life essential minerals that you cannot get with consumer-grade bottled water.",
    "tokens" : [ {
      "id" : "s6-t0",
      "begin" : 514,
      "end" : 520,
      "text" : "Unlike",
      "whiteSpace" : false
    }, {
      "id" : "s6-t1",
      "begin" : 521,
      "end" : 526,
      "text" : "other",
      "whiteSpace" : false
    }, {
      "id" : "s6-t2",
      "begin" : 527,
      "end" : 535,
      "text" : "consumer",
      "whiteSpace" : false
    }, {
      "id" : "s6-t3",
      "begin" : 536,
      "end" : 541,
      "text" : "grade",
      "whiteSpace" : false
    }, {
      "id" : "s6-t4",
      "begin" : 542,
      "end" : 549,
      "text" : "bottled",
      "whiteSpace" : false
    }, {
      "id" : "s6-t5",
      "begin" : 550,
      "end" : 558,
      "text" : "drinking",
      "whiteSpace" : false
    }, {
      "id" : "s6-t6",
      "begin" : 559,
      "end" : 564,
      "text" : "water",
      "whiteSpace" : false
    }, {
      "id" : "s6-t7",
      "begin" : 564,
      "end" : 565,
      "text" : ",",
      "whiteSpace" : false
    }, {
      "id" : "s6-t8",
      "begin" : 566,
      "end" : 569,
      "text" : "the",
      "whiteSpace" : false
    }, {
      "id" : "s6-t9",
      "begin" : 570,
      "end" : 578,
      "text" : "Essentia",
      "whiteSpace" : false
    }, {
      "id" : "s6-t10",
      "begin" : 579,
      "end" : 588,
      "text" : "undergoes",
      "whiteSpace" : false
    }, {
      "id" : "s6-t11",
      "begin" : 589,
      "end" : 592,
      "text" : "the",
      "whiteSpace" : false
    }, {
      "id" : "s6-t12",
      "begin" : 593,
      "end" : 598,
      "text" : "usual",
      "whiteSpace" : false
    }, {
      "id" : "s6-t13",
      "begin" : 599,
      "end" : 609,
      "text" : "filtration",
      "whiteSpace" : false
    }, {
      "id" : "s6-t14",
      "begin" : 609,
      "end" : 610,
      "text" : ":",
      "whiteSpace" : false
    }, {
      "id" : "s6-t15",
      "begin" : 611,
      "end" : 618,
      "text" : "reverse",
      "whiteSpace" : false
    }, {
      "id" : "s6-t16",
      "begin" : 619,
      "end" : 626,
      "text" : "osmosis",
      "whiteSpace" : false
    }, {
      "id" : "s6-t17",
      "begin" : 626,
      "end" : 627,
      "text" : ",",
      "whiteSpace" : false
    }, {
      "id" : "s6-t18",
      "begin" : 628,
      "end" : 630,
      "text" : "UV",
      "whiteSpace" : false
    }, {
      "id" : "s6-t19",
      "begin" : 630,
      "end" : 631,
      "text" : ",",
      "whiteSpace" : false
    }, {
      "id" : "s6-t20",
      "begin" : 632,
      "end" : 636,
      "text" : "etc.",
      "whiteSpace" : false
    }, {
      "id" : "s6-t21",
      "begin" : 637,
      "end" : 640,
      "text" : "but",
      "whiteSpace" : false
    }, {
      "id" : "s6-t22",
      "begin" : 641,
      "end" : 645,
      "text" : "what",
      "whiteSpace" : false
    }, {
      "id" : "s6-t23",
      "begin" : 646,
      "end" : 651,
      "text" : "makes",
      "whiteSpace" : false
    }, {
      "id" : "s6-t24",
      "begin" : 652,
      "end" : 656,
      "text" : "this",
      "whiteSpace" : false
    }, {
      "id" : "s6-t25",
      "begin" : 657,
      "end" : 658,
      "text" : "a",
      "whiteSpace" : false
    }, {
      "id" : "s6-t26",
      "begin" : 659,
      "end" : 664,
      "text" : "truly",
      "whiteSpace" : false
    }, {
      "id" : "s6-t27",
      "begin" : 665,
      "end" : 669,
      "text" : "long",
      "whiteSpace" : false
    }, {
      "id" : "s6-t28",
      "begin" : 670,
      "end" : 677,
      "text" : "lasting",
      "whiteSpace" : false
    }, {
      "id" : "s6-t29",
      "begin" : 678,
      "end" : 687,
      "text" : "hydrating",
      "whiteSpace" : false
    }, {
      "id" : "s6-t30",
      "begin" : 688,
      "end" : 694,
      "text" : "liquid",
      "whiteSpace" : false
    }, {
      "id" : "s6-t31",
      "begin" : 695,
      "end" : 697,
      "text" : "is",
      "whiteSpace" : false
    }, {
      "id" : "s6-t32",
      "begin" : 698,
      "end" : 702,
      "text" : "that",
      "whiteSpace" : false
    }, {
      "id" : "s6-t33",
      "begin" : 703,
      "end" : 705,
      "text" : "it",
      "whiteSpace" : false
    }, {
      "id" : "s6-t34",
      "begin" : 706,
      "end" : 708,
      "text" : "is",
      "whiteSpace" : false
    }, {
      "id" : "s6-t35",
      "begin" : 709,
      "end" : 716,
      "text" : "infused",
      "whiteSpace" : false
    }, {
      "id" : "s6-t36",
      "begin" : 717,
      "end" : 721,
      "text" : "with",
      "whiteSpace" : false
    }, {
      "id" : "s6-t37",
      "begin" : 722,
      "end" : 734,
      "text" : "electrolytes",
      "whiteSpace" : false
    }, {
      "id" : "s6-t38",
      "begin" : 735,
      "end" : 738,
      "text" : "and",
      "whiteSpace" : false
    }, {
      "id" : "s6-t39",
      "begin" : 739,
      "end" : 743,
      "text" : "life",
      "whiteSpace" : false
    }, {
      "id" : "s6-t40",
      "begin" : 744,
      "end" : 753,
      "text" : "essential",
      "whiteSpace" : false
    }, {
      "id" : "s6-t41",
      "begin" : 754,
      "end" : 762,
      "text" : "minerals",
      "whiteSpace" : false
    }, {
      "id" : "s6-t42",
      "begin" : 763,
      "end" : 767,
      "text" : "that",
      "whiteSpace" : false
    }, {
      "id" : "s6-t43",
      "begin" : 768,
      "end" : 771,
      "text" : "you",
      "whiteSpace" : false
    }, {
      "id" : "s6-t44",
      "begin" : 772,
      "end" : 778,
      "text" : "cannot",
      "whiteSpace" : false
    }, {
      "id" : "s6-t45",
      "begin" : 779,
      "end" : 782,
      "text" : "get",
      "whiteSpace" : false
    }, {
      "id" : "s6-t46",
      "begin" : 783,
      "end" : 787,
      "text" : "with",
      "whiteSpace" : false
    }, {
      "id" : "s6-t47",
      "begin" : 788,
      "end" : 796,
      "text" : "consumer",
      "whiteSpace" : false
    }, {
      "id" : "s6-t48",
      "begin" : 796,
      "end" : 797,
      "text" : "-",
      "whiteSpace" : false
    }, {
      "id" : "s6-t49",
      "begin" : 797,
      "end" : 802,
      "text" : "grade",
      "whiteSpace" : false
    }, {
      "id" : "s6-t50",
      "begin" : 803,
      "end" : 810,
      "text" : "bottled",
      "whiteSpace" : false
    }, {
      "id" : "s6-t51",
      "begin" : 811,
      "end" : 816,
      "text" : "water",
      "whiteSpace" : false
    }, {
      "id" : "s6-t52",
      "begin" : 816,
      "end" : 817,
      "text" : ".",
      "whiteSpace" : false
    } ]
  }, {
    "id" : "s7",
    "begin" : 818,
    "end" : 888,
    "text" : "Essentia hydrates better making drinking water fun and far in between.",
    "tokens" : [ {
      "id" : "s7-t0",
      "begin" : 818,
      "end" : 826,
      "text" : "Essentia",
      "whiteSpace" : false
    }, {
      "id" : "s7-t1",
      "begin" : 827,
      "end" : 835,
      "text" : "hydrates",
      "whiteSpace" : false
    }, {
      "id" : "s7-t2",
      "begin" : 836,
      "end" : 842,
      "text" : "better",
      "whiteSpace" : false
    }, {
      "id" : "s7-t3",
      "begin" : 843,
      "end" : 849,
      "text" : "making",
      "whiteSpace" : false
    }, {
      "id" : "s7-t4",
      "begin" : 850,
      "end" : 858,
      "text" : "drinking",
      "whiteSpace" : false
    }, {
      "id" : "s7-t5",
      "begin" : 859,
      "end" : 864,
      "text" : "water",
      "whiteSpace" : false
    }, {
      "id" : "s7-t6",
      "begin" : 865,
      "end" : 868,
      "text" : "fun",
      "whiteSpace" : false
    }, {
      "id" : "s7-t7",
      "begin" : 869,
      "end" : 872,
      "text" : "and",
      "whiteSpace" : false
    }, {
      "id" : "s7-t8",
      "begin" : 873,
      "end" : 876,
      "text" : "far",
      "whiteSpace" : false
    }, {
      "id" : "s7-t9",
      "begin" : 877,
      "end" : 879,
      "text" : "in",
      "whiteSpace" : false
    }, {
      "id" : "s7-t10",
      "begin" : 880,
      "end" : 887,
      "text" : "between",
      "whiteSpace" : false
    }, {
      "id" : "s7-t11",
      "begin" : 887,
      "end" : 888,
      "text" : ".",
      "whiteSpace" : false
    } ]
  }, {
    "id" : "s8",
    "begin" : 889,
    "end" : 914,
    "text" : "Very highly recommended!!",
    "tokens" : [ {
      "id" : "s8-t0",
      "begin" : 889,
      "end" : 893,
      "text" : "Very",
      "whiteSpace" : false
    }, {
      "id" : "s8-t1",
      "begin" : 894,
      "end" : 900,
      "text" : "highly",
      "whiteSpace" : false
    }, {
      "id" : "s8-t2",
      "begin" : 901,
      "end" : 912,
      "text" : "recommended",
      "whiteSpace" : false
    }, {
      "id" : "s8-t3",
      "begin" : 912,
      "end" : 913,
      "text" : "!",
      "whiteSpace" : false
    }, {
      "id" : "s8-t4",
      "begin" : 913,
      "end" : 914,
      "text" : "!",
      "whiteSpace" : false
    } ]
  } ],
  "mentions" : [ {
    "id" : "s0-m1",
    "properties" : {
      "SIRE_MENTION_ROLE" : "Brand",
      "SIRE_ENTITY_SUBTYPE" : "NONE",
      "SIRE_MENTION_TYPE" : "NONE",
      "SIRE_MENTION_CLASS" : "SPC"
    },
    "type" : "Brand",
    "begin" : 4,
    "end" : 12,
    "inCoref" : true
  }, {
    "id" : "s0-m2",
    "properties" : {
      "SIRE_MENTION_ROLE" : "Attribute",
      "SIRE_ENTITY_SUBTYPE" : "NONE",
      "SIRE_MENTION_TYPE" : "NONE",
      "SIRE_MENTION_CLASS" : "SPC"
    },
    "type" : "Attribute",
    "begin" : 13,
    "end" : 19,
    "inCoref" : true
  }, {
    "id" : "s0-m3",
    "properties" : {
      "SIRE_MENTION_ROLE" : "Product",
      "SIRE_ENTITY_SUBTYPE" : "NONE",
      "SIRE_MENTION_TYPE" : "NONE",
      "SIRE_MENTION_CLASS" : "SPC"
    },
    "type" : "Product",
    "begin" : 20,
    "end" : 34,
    "inCoref" : true
  }, {
    "id" : "s0-m4",
    "properties" : {
      "SIRE_MENTION_ROLE" : "Product",
      "SIRE_ENTITY_SUBTYPE" : "NONE",
      "SIRE_MENTION_TYPE" : "NONE",
      "SIRE_MENTION_CLASS" : "SPC"
    },
    "type" : "Product",
    "begin" : 83,
    "end" : 98,
    "inCoref" : true
  }, {
    "id" : "s1-m1",
    "properties" : {
      "SIRE_MENTION_ROLE" : "Product",
      "SIRE_ENTITY_SUBTYPE" : "NONE",
      "SIRE_MENTION_TYPE" : "NONE",
      "SIRE_MENTION_CLASS" : "SPC"
    },
    "type" : "Product",
    "begin" : 148,
    "end" : 161,
    "inCoref" : true
  }, {
    "id" : "s2-m1",
    "properties" : {
      "SIRE_MENTION_ROLE" : "Product",
      "SIRE_ENTITY_SUBTYPE" : "NONE",
      "SIRE_MENTION_TYPE" : "NONE",
      "SIRE_MENTION_CLASS" : "SPC"
    },
    "type" : "Product",
    "begin" : 183,
    "end" : 188,
    "inCoref" : true
  }, {
    "id" : "s3-m2",
    "properties" : {
      "SIRE_MENTION_ROLE" : "Product",
      "SIRE_ENTITY_SUBTYPE" : "NONE",
      "SIRE_MENTION_TYPE" : "NONE",
      "SIRE_MENTION_CLASS" : "SPC"
    },
    "type" : "Product",
    "begin" : 294,
    "end" : 316,
    "inCoref" : true
  }, {
    "id" : "s4-m1",
    "properties" : {
      "SIRE_MENTION_ROLE" : "Brand",
      "SIRE_ENTITY_SUBTYPE" : "NONE",
      "SIRE_MENTION_TYPE" : "NONE",
      "SIRE_MENTION_CLASS" : "SPC"
    },
    "type" : "Brand",
    "begin" : 344,
    "end" : 352,
    "inCoref" : true
  }, {
    "id" : "s4-m2",
    "properties" : {
      "SIRE_MENTION_ROLE" : "Product",
      "SIRE_ENTITY_SUBTYPE" : "NONE",
      "SIRE_MENTION_TYPE" : "NONE",
      "SIRE_MENTION_CLASS" : "SPC"
    },
    "type" : "Product",
    "begin" : 393,
    "end" : 407,
    "inCoref" : true
  }, {
    "id" : "s5-m1",
    "properties" : {
      "SIRE_MENTION_ROLE" : "Product",
      "SIRE_ENTITY_SUBTYPE" : "NONE",
      "SIRE_MENTION_TYPE" : "NONE",
      "SIRE_MENTION_CLASS" : "SPC"
    },
    "type" : "Product",
    "begin" : 433,
    "end" : 438,
    "inCoref" : true
  }, {
    "id" : "s5-m2",
    "properties" : {
      "SIRE_MENTION_ROLE" : "Attribute",
      "SIRE_ENTITY_SUBTYPE" : "NONE",
      "SIRE_MENTION_TYPE" : "NONE",
      "SIRE_MENTION_CLASS" : "SPC"
    },
    "type" : "Attribute",
    "begin" : 489,
    "end" : 497,
    "inCoref" : true
  }, {
    "id" : "s5-m3",
    "properties" : {
      "SIRE_MENTION_ROLE" : "Attribute",
      "SIRE_ENTITY_SUBTYPE" : "NONE",
      "SIRE_MENTION_TYPE" : "NONE",
      "SIRE_MENTION_CLASS" : "SPC"
    },
    "type" : "Attribute",
    "begin" : 502,
    "end" : 512,
    "inCoref" : true
  }, {
    "id" : "s6-m1",
    "properties" : {
      "SIRE_MENTION_ROLE" : "Product",
      "SIRE_ENTITY_SUBTYPE" : "NONE",
      "SIRE_MENTION_TYPE" : "NONE",
      "SIRE_MENTION_CLASS" : "SPC"
    },
    "type" : "Product",
    "begin" : 542,
    "end" : 564,
    "inCoref" : true
  }, {
    "id" : "s6-m3",
    "properties" : {
      "SIRE_MENTION_ROLE" : "Brand",
      "SIRE_ENTITY_SUBTYPE" : "NONE",
      "SIRE_MENTION_TYPE" : "NONE",
      "SIRE_MENTION_CLASS" : "SPC"
    },
    "type" : "Brand",
    "begin" : 570,
    "end" : 578,
    "inCoref" : true
  }, {
    "id" : "s6-m4",
    "properties" : {
      "SIRE_MENTION_ROLE" : "Attribute",
      "SIRE_ENTITY_SUBTYPE" : "NONE",
      "SIRE_MENTION_TYPE" : "NONE",
      "SIRE_MENTION_CLASS" : "SPC"
    },
    "type" : "Attribute",
    "begin" : 611,
    "end" : 626,
    "inCoref" : false
  }, {
    "id" : "s6-m5",
    "properties" : {
      "SIRE_MENTION_ROLE" : "Attribute",
      "SIRE_ENTITY_SUBTYPE" : "NONE",
      "SIRE_MENTION_TYPE" : "NONE",
      "SIRE_MENTION_CLASS" : "SPC"
    },
    "type" : "Attribute",
    "begin" : 628,
    "end" : 630,
    "inCoref" : false
  }, {
    "id" : "s6-m6",
    "properties" : {
      "SIRE_MENTION_ROLE" : "Product",
      "SIRE_ENTITY_SUBTYPE" : "NONE",
      "SIRE_MENTION_TYPE" : "NONE",
      "SIRE_MENTION_CLASS" : "SPC"
    },
    "type" : "Product",
    "begin" : 652,
    "end" : 656,
    "inCoref" : true
  }, {
    "id" : "s6-m7",
    "properties" : {
      "SIRE_MENTION_ROLE" : "Product",
      "SIRE_ENTITY_SUBTYPE" : "NONE",
      "SIRE_MENTION_TYPE" : "NONE",
      "SIRE_MENTION_CLASS" : "SPC"
    },
    "type" : "Product",
    "begin" : 703,
    "end" : 705,
    "inCoref" : true
  }, {
    "id" : "s6-m8",
    "properties" : {
      "SIRE_MENTION_ROLE" : "Attribute",
      "SIRE_ENTITY_SUBTYPE" : "NONE",
      "SIRE_MENTION_TYPE" : "NONE",
      "SIRE_MENTION_CLASS" : "SPC"
    },
    "type" : "Attribute",
    "begin" : 722,
    "end" : 734,
    "inCoref" : false
  }, {
    "id" : "s6-m9",
    "properties" : {
      "SIRE_MENTION_ROLE" : "Attribute",
      "SIRE_ENTITY_SUBTYPE" : "NONE",
      "SIRE_MENTION_TYPE" : "NONE",
      "SIRE_MENTION_CLASS" : "SPC"
    },
    "type" : "Attribute",
    "begin" : 754,
    "end" : 762,
    "inCoref" : true
  }, {
    "id" : "s6-m10",
    "properties" : {
      "SIRE_MENTION_ROLE" : "Product",
      "SIRE_ENTITY_SUBTYPE" : "NONE",
      "SIRE_MENTION_TYPE" : "NONE",
      "SIRE_MENTION_CLASS" : "SPC"
    },
    "type" : "Product",
    "begin" : 803,
    "end" : 816,
    "inCoref" : true
  }, {
    "id" : "s7-m1",
    "properties" : {
      "SIRE_MENTION_ROLE" : "Brand",
      "SIRE_ENTITY_SUBTYPE" : "NONE",
      "SIRE_MENTION_TYPE" : "NONE",
      "SIRE_MENTION_CLASS" : "SPC"
    },
    "type" : "Brand",
    "begin" : 818,
    "end" : 826,
    "inCoref" : true
  }, {
    "id" : "s7-m2",
    "properties" : {
      "SIRE_MENTION_ROLE" : "Product",
      "SIRE_ENTITY_SUBTYPE" : "NONE",
      "SIRE_MENTION_TYPE" : "NONE",
      "SIRE_MENTION_CLASS" : "SPC"
    },
    "type" : "Product",
    "begin" : 859,
    "end" : 864,
    "inCoref" : true
  } ],
  "relations" : [ {
    "id" : "s0-r1",
    "properties" : { },
    "type" : "brandOf",
    "args" : [ "s0-m1", "s0-m3" ]
  }, {
    "id" : "s0-r2",
    "properties" : { },
    "type" : "propertyOf",
    "args" : [ "s0-m2", "s0-m3" ]
  }, {
    "id" : "s4-r1",
    "properties" : { },
    "type" : "brandOf",
    "args" : [ "s4-m1", "s4-m2" ]
  }, {
    "id" : "s5-r1",
    "properties" : { },
    "type" : "propertyOf",
    "args" : [ "s5-m2", "s5-m1" ]
  }, {
    "id" : "s5-r2",
    "properties" : { },
    "type" : "propertyOf",
    "args" : [ "s5-m3", "s5-m1" ]
  }, {
    "id" : "s6-r1",
    "properties" : { },
    "type" : "propertyOf",
    "args" : [ "s6-m4", "s6-m6" ]
  }, {
    "id" : "s6-r2",
    "properties" : { },
    "type" : "propertyOf",
    "args" : [ "s6-m5", "s6-m6" ]
  }, {
    "id" : "s6-r3",
    "properties" : { },
    "type" : "brandOf",
    "args" : [ "s6-m3", "s6-m6" ]
  }, {
    "id" : "s6-r4",
    "properties" : { },
    "type" : "propertyOf",
    "args" : [ "s6-m8", "s6-m7" ]
  }, {
    "id" : "s6-r5",
    "properties" : { },
    "type" : "propertyOf",
    "args" : [ "s6-m9", "s6-m7" ]
  }, {
    "id" : "s7-r1",
    "properties" : { },
    "type" : "brandOf",
    "args" : [ "s7-m1", "s7-m2" ]
  } ],
  "corefs" : [ {
    "id" : "c1",
    "properties" : { },
    "mentions" : [ "s0-m3", "s5-m1", "s6-m6", "s6-m7", "s7-m2" ]
  }, {
    "id" : "c3",
    "properties" : { },
    "mentions" : [ "s0-m2", "s5-m3" ]
  }, {
    "id" : "c4",
    "properties" : { },
    "mentions" : [ "s5-m2", "s6-m9" ]
  }, {
    "id" : "c6",
    "properties" : { },
    "mentions" : [ "s0-m4", "s1-m1", "s2-m1", "s3-m2", "s4-m2", "s6-m1", "s6-m10" ]
  }, {
    "id" : "c7",
    "properties" : { },
    "mentions" : [ "s0-m1", "s4-m1", "s6-m3", "s7-m1" ]
  } ],
  "typeResolved" : true,
  "userResolved" : false
}