{
  "id" : "bc2e7dc0-32ab-11e8-9c9d-6505f4419106-36",
  "name" : "review_0584.json",
  "createdDate" : 0,
  "version" : 3,
  "text" : "This coffee has a full body and a rich taste. The price is far below the \"other\" coffee in the K cup and does not use as much plastic.",
  "docLength" : 0,
  "language" : "EN",
  "status" : "SUBMITTED",
  "modifiedDate" : 1522257381281,
  "documentSet" : [ ],
  "preannotation" : [ ],
  "sentences" : [ {
    "id" : "s0",
    "begin" : 0,
    "end" : 45,
    "text" : "This coffee has a full body and a rich taste.",
    "tokens" : [ {
      "id" : "s0-t0",
      "begin" : 0,
      "end" : 4,
      "text" : "This",
      "whiteSpace" : false
    }, {
      "id" : "s0-t1",
      "begin" : 5,
      "end" : 11,
      "text" : "coffee",
      "whiteSpace" : false
    }, {
      "id" : "s0-t2",
      "begin" : 12,
      "end" : 15,
      "text" : "has",
      "whiteSpace" : false
    }, {
      "id" : "s0-t3",
      "begin" : 16,
      "end" : 17,
      "text" : "a",
      "whiteSpace" : false
    }, {
      "id" : "s0-t4",
      "begin" : 18,
      "end" : 22,
      "text" : "full",
      "whiteSpace" : false
    }, {
      "id" : "s0-t5",
      "begin" : 23,
      "end" : 27,
      "text" : "body",
      "whiteSpace" : false
    }, {
      "id" : "s0-t6",
      "begin" : 28,
      "end" : 31,
      "text" : "and",
      "whiteSpace" : false
    }, {
      "id" : "s0-t7",
      "begin" : 32,
      "end" : 33,
      "text" : "a",
      "whiteSpace" : false
    }, {
      "id" : "s0-t8",
      "begin" : 34,
      "end" : 38,
      "text" : "rich",
      "whiteSpace" : false
    }, {
      "id" : "s0-t9",
      "begin" : 39,
      "end" : 44,
      "text" : "taste",
      "whiteSpace" : false
    }, {
      "id" : "s0-t10",
      "begin" : 44,
      "end" : 45,
      "text" : ".",
      "whiteSpace" : false
    } ]
  }, {
    "id" : "s1",
    "begin" : 46,
    "end" : 134,
    "text" : "The price is far below the \"other\" coffee in the K cup and does not use as much plastic.",
    "tokens" : [ {
      "id" : "s1-t0",
      "begin" : 46,
      "end" : 49,
      "text" : "The",
      "whiteSpace" : false
    }, {
      "id" : "s1-t1",
      "begin" : 50,
      "end" : 55,
      "text" : "price",
      "whiteSpace" : false
    }, {
      "id" : "s1-t2",
      "begin" : 56,
      "end" : 58,
      "text" : "is",
      "whiteSpace" : false
    }, {
      "id" : "s1-t3",
      "begin" : 59,
      "end" : 62,
      "text" : "far",
      "whiteSpace" : false
    }, {
      "id" : "s1-t4",
      "begin" : 63,
      "end" : 68,
      "text" : "below",
      "whiteSpace" : false
    }, {
      "id" : "s1-t5",
      "begin" : 69,
      "end" : 72,
      "text" : "the",
      "whiteSpace" : false
    }, {
      "id" : "s1-t6",
      "begin" : 73,
      "end" : 74,
      "text" : "\"",
      "whiteSpace" : false
    }, {
      "id" : "s1-t7",
      "begin" : 74,
      "end" : 79,
      "text" : "other",
      "whiteSpace" : false
    }, {
      "id" : "s1-t8",
      "begin" : 79,
      "end" : 80,
      "text" : "\"",
      "whiteSpace" : false
    }, {
      "id" : "s1-t9",
      "begin" : 81,
      "end" : 87,
      "text" : "coffee",
      "whiteSpace" : false
    }, {
      "id" : "s1-t10",
      "begin" : 88,
      "end" : 90,
      "text" : "in",
      "whiteSpace" : false
    }, {
      "id" : "s1-t11",
      "begin" : 91,
      "end" : 94,
      "text" : "the",
      "whiteSpace" : false
    }, {
      "id" : "s1-t12",
      "begin" : 95,
      "end" : 96,
      "text" : "K",
      "whiteSpace" : false
    }, {
      "id" : "s1-t13",
      "begin" : 97,
      "end" : 100,
      "text" : "cup",
      "whiteSpace" : false
    }, {
      "id" : "s1-t14",
      "begin" : 101,
      "end" : 104,
      "text" : "and",
      "whiteSpace" : false
    }, {
      "id" : "s1-t15",
      "begin" : 105,
      "end" : 109,
      "text" : "does",
      "whiteSpace" : false
    }, {
      "id" : "s1-t16",
      "begin" : 110,
      "end" : 113,
      "text" : "not",
      "whiteSpace" : false
    }, {
      "id" : "s1-t17",
      "begin" : 114,
      "end" : 117,
      "text" : "use",
      "whiteSpace" : false
    }, {
      "id" : "s1-t18",
      "begin" : 118,
      "end" : 120,
      "text" : "as",
      "whiteSpace" : false
    }, {
      "id" : "s1-t19",
      "begin" : 121,
      "end" : 125,
      "text" : "much",
      "whiteSpace" : false
    }, {
      "id" : "s1-t20",
      "begin" : 126,
      "end" : 133,
      "text" : "plastic",
      "whiteSpace" : false
    }, {
      "id" : "s1-t21",
      "begin" : 133,
      "end" : 134,
      "text" : ".",
      "whiteSpace" : false
    } ]
  } ],
  "mentions" : [ {
    "id" : "m5",
    "properties" : {
      "SIRE_MENTION_ROLE" : "Product",
      "SIRE_ENTITY_SUBTYPE" : "NONE",
      "SIRE_MENTION_TYPE" : "NONE",
      "SIRE_MENTION_CLASS" : "SPC"
    },
    "type" : "Product",
    "begin" : 5,
    "end" : 11,
    "inCoref" : false
  }, {
    "id" : "m7",
    "originUser" : "anamani_think@yahoo.com",
    "properties" : {
      "SIRE_MENTION_ROLE" : "Brand",
      "SIRE_ENTITY_SUBTYPE" : "NONE",
      "SIRE_MENTION_TYPE" : "NONE",
      "SIRE_MENTION_CLASS" : "SPC"
    },
    "type" : "Brand",
    "begin" : 74,
    "end" : 79,
    "inCoref" : false
  }, {
    "id" : "m6",
    "properties" : {
      "SIRE_MENTION_ROLE" : "Product",
      "SIRE_ENTITY_SUBTYPE" : "NONE",
      "SIRE_MENTION_TYPE" : "NONE",
      "SIRE_MENTION_CLASS" : "SPC"
    },
    "type" : "Product",
    "begin" : 81,
    "end" : 87,
    "inCoref" : false
  }, {
    "id" : "m8",
    "properties" : {
      "SIRE_MENTION_ROLE" : "Product",
      "SIRE_ENTITY_SUBTYPE" : "NONE",
      "SIRE_MENTION_TYPE" : "NONE",
      "SIRE_MENTION_CLASS" : "SPC"
    },
    "type" : "Product",
    "begin" : 95,
    "end" : 100,
    "inCoref" : false
  } ],
  "relations" : [ {
    "id" : "r1",
    "originUser" : "anamani_think@yahoo.com",
    "properties" : { },
    "type" : "brandOf",
    "args" : [ "m7", "m6" ]
  } ],
  "corefs" : [ ],
  "typeResolved" : true,
  "userResolved" : false
}