{
  "id" : "bc2e7dc0-32ab-11e8-9c9d-6505f4419106-61",
  "name" : "review_1010.json",
  "createdDate" : 0,
  "version" : 3,
  "text" : "I used to do the subscribe and save with the Timothy's World Kona, but due to the fact that the price on Timothy's jumped so high, I went to Wolfgang Puck Breakfast in Bed.  Pleasantly surprised, and I must say that I like this one much better than the Kona!  It seems much more smoother, but the taste still retains a nice warm mellow-bold flavor.  Great way to start the day!  Oh, and I love the name of this coffee ;)",
  "docLength" : 0,
  "language" : "EN",
  "status" : "SUBMITTED",
  "modifiedDate" : 1522286390663,
  "documentSet" : [ ],
  "preannotation" : [ ],
  "sentences" : [ {
    "id" : "s0",
    "begin" : 0,
    "end" : 172,
    "text" : "I used to do the subscribe and save with the Timothy's World Kona, but due to the fact that the price on Timothy's jumped so high, I went to Wolfgang Puck Breakfast in Bed.",
    "tokens" : [ {
      "id" : "s0-t0",
      "begin" : 0,
      "end" : 1,
      "text" : "I",
      "whiteSpace" : false
    }, {
      "id" : "s0-t1",
      "begin" : 2,
      "end" : 6,
      "text" : "used",
      "whiteSpace" : false
    }, {
      "id" : "s0-t2",
      "begin" : 7,
      "end" : 9,
      "text" : "to",
      "whiteSpace" : false
    }, {
      "id" : "s0-t3",
      "begin" : 10,
      "end" : 12,
      "text" : "do",
      "whiteSpace" : false
    }, {
      "id" : "s0-t4",
      "begin" : 13,
      "end" : 16,
      "text" : "the",
      "whiteSpace" : false
    }, {
      "id" : "s0-t5",
      "begin" : 17,
      "end" : 26,
      "text" : "subscribe",
      "whiteSpace" : false
    }, {
      "id" : "s0-t6",
      "begin" : 27,
      "end" : 30,
      "text" : "and",
      "whiteSpace" : false
    }, {
      "id" : "s0-t7",
      "begin" : 31,
      "end" : 35,
      "text" : "save",
      "whiteSpace" : false
    }, {
      "id" : "s0-t8",
      "begin" : 36,
      "end" : 40,
      "text" : "with",
      "whiteSpace" : false
    }, {
      "id" : "s0-t9",
      "begin" : 41,
      "end" : 44,
      "text" : "the",
      "whiteSpace" : false
    }, {
      "id" : "s0-t10",
      "begin" : 45,
      "end" : 52,
      "text" : "Timothy",
      "whiteSpace" : false
    }, {
      "id" : "s0-t11",
      "begin" : 52,
      "end" : 54,
      "text" : "'s",
      "whiteSpace" : false
    }, {
      "id" : "s0-t12",
      "begin" : 55,
      "end" : 60,
      "text" : "World",
      "whiteSpace" : false
    }, {
      "id" : "s0-t13",
      "begin" : 61,
      "end" : 65,
      "text" : "Kona",
      "whiteSpace" : false
    }, {
      "id" : "s0-t14",
      "begin" : 65,
      "end" : 66,
      "text" : ",",
      "whiteSpace" : false
    }, {
      "id" : "s0-t15",
      "begin" : 67,
      "end" : 70,
      "text" : "but",
      "whiteSpace" : false
    }, {
      "id" : "s0-t16",
      "begin" : 71,
      "end" : 74,
      "text" : "due",
      "whiteSpace" : false
    }, {
      "id" : "s0-t17",
      "begin" : 75,
      "end" : 77,
      "text" : "to",
      "whiteSpace" : false
    }, {
      "id" : "s0-t18",
      "begin" : 78,
      "end" : 81,
      "text" : "the",
      "whiteSpace" : false
    }, {
      "id" : "s0-t19",
      "begin" : 82,
      "end" : 86,
      "text" : "fact",
      "whiteSpace" : false
    }, {
      "id" : "s0-t20",
      "begin" : 87,
      "end" : 91,
      "text" : "that",
      "whiteSpace" : false
    }, {
      "id" : "s0-t21",
      "begin" : 92,
      "end" : 95,
      "text" : "the",
      "whiteSpace" : false
    }, {
      "id" : "s0-t22",
      "begin" : 96,
      "end" : 101,
      "text" : "price",
      "whiteSpace" : false
    }, {
      "id" : "s0-t23",
      "begin" : 102,
      "end" : 104,
      "text" : "on",
      "whiteSpace" : false
    }, {
      "id" : "s0-t24",
      "begin" : 105,
      "end" : 112,
      "text" : "Timothy",
      "whiteSpace" : false
    }, {
      "id" : "s0-t25",
      "begin" : 112,
      "end" : 114,
      "text" : "'s",
      "whiteSpace" : false
    }, {
      "id" : "s0-t26",
      "begin" : 115,
      "end" : 121,
      "text" : "jumped",
      "whiteSpace" : false
    }, {
      "id" : "s0-t27",
      "begin" : 122,
      "end" : 124,
      "text" : "so",
      "whiteSpace" : false
    }, {
      "id" : "s0-t28",
      "begin" : 125,
      "end" : 129,
      "text" : "high",
      "whiteSpace" : false
    }, {
      "id" : "s0-t29",
      "begin" : 129,
      "end" : 130,
      "text" : ",",
      "whiteSpace" : false
    }, {
      "id" : "s0-t30",
      "begin" : 131,
      "end" : 132,
      "text" : "I",
      "whiteSpace" : false
    }, {
      "id" : "s0-t31",
      "begin" : 133,
      "end" : 137,
      "text" : "went",
      "whiteSpace" : false
    }, {
      "id" : "s0-t32",
      "begin" : 138,
      "end" : 140,
      "text" : "to",
      "whiteSpace" : false
    }, {
      "id" : "s0-t33",
      "begin" : 141,
      "end" : 149,
      "text" : "Wolfgang",
      "whiteSpace" : false
    }, {
      "id" : "s0-t34",
      "begin" : 150,
      "end" : 154,
      "text" : "Puck",
      "whiteSpace" : false
    }, {
      "id" : "s0-t35",
      "begin" : 155,
      "end" : 164,
      "text" : "Breakfast",
      "whiteSpace" : false
    }, {
      "id" : "s0-t36",
      "begin" : 165,
      "end" : 167,
      "text" : "in",
      "whiteSpace" : false
    }, {
      "id" : "s0-t37",
      "begin" : 168,
      "end" : 171,
      "text" : "Bed",
      "whiteSpace" : false
    }, {
      "id" : "s0-t38",
      "begin" : 171,
      "end" : 172,
      "text" : ".",
      "whiteSpace" : false
    } ]
  }, {
    "id" : "s1",
    "begin" : 174,
    "end" : 258,
    "text" : "Pleasantly surprised, and I must say that I like this one much better than the Kona!",
    "tokens" : [ {
      "id" : "s1-t0",
      "begin" : 174,
      "end" : 184,
      "text" : "Pleasantly",
      "whiteSpace" : false
    }, {
      "id" : "s1-t1",
      "begin" : 185,
      "end" : 194,
      "text" : "surprised",
      "whiteSpace" : false
    }, {
      "id" : "s1-t2",
      "begin" : 194,
      "end" : 195,
      "text" : ",",
      "whiteSpace" : false
    }, {
      "id" : "s1-t3",
      "begin" : 196,
      "end" : 199,
      "text" : "and",
      "whiteSpace" : false
    }, {
      "id" : "s1-t4",
      "begin" : 200,
      "end" : 201,
      "text" : "I",
      "whiteSpace" : false
    }, {
      "id" : "s1-t5",
      "begin" : 202,
      "end" : 206,
      "text" : "must",
      "whiteSpace" : false
    }, {
      "id" : "s1-t6",
      "begin" : 207,
      "end" : 210,
      "text" : "say",
      "whiteSpace" : false
    }, {
      "id" : "s1-t7",
      "begin" : 211,
      "end" : 215,
      "text" : "that",
      "whiteSpace" : false
    }, {
      "id" : "s1-t8",
      "begin" : 216,
      "end" : 217,
      "text" : "I",
      "whiteSpace" : false
    }, {
      "id" : "s1-t9",
      "begin" : 218,
      "end" : 222,
      "text" : "like",
      "whiteSpace" : false
    }, {
      "id" : "s1-t10",
      "begin" : 223,
      "end" : 227,
      "text" : "this",
      "whiteSpace" : false
    }, {
      "id" : "s1-t11",
      "begin" : 228,
      "end" : 231,
      "text" : "one",
      "whiteSpace" : false
    }, {
      "id" : "s1-t12",
      "begin" : 232,
      "end" : 236,
      "text" : "much",
      "whiteSpace" : false
    }, {
      "id" : "s1-t13",
      "begin" : 237,
      "end" : 243,
      "text" : "better",
      "whiteSpace" : false
    }, {
      "id" : "s1-t14",
      "begin" : 244,
      "end" : 248,
      "text" : "than",
      "whiteSpace" : false
    }, {
      "id" : "s1-t15",
      "begin" : 249,
      "end" : 252,
      "text" : "the",
      "whiteSpace" : false
    }, {
      "id" : "s1-t16",
      "begin" : 253,
      "end" : 257,
      "text" : "Kona",
      "whiteSpace" : false
    }, {
      "id" : "s1-t17",
      "begin" : 257,
      "end" : 258,
      "text" : "!",
      "whiteSpace" : false
    } ]
  }, {
    "id" : "s2",
    "begin" : 260,
    "end" : 348,
    "text" : "It seems much more smoother, but the taste still retains a nice warm mellow-bold flavor.",
    "tokens" : [ {
      "id" : "s2-t0",
      "begin" : 260,
      "end" : 262,
      "text" : "It",
      "whiteSpace" : false
    }, {
      "id" : "s2-t1",
      "begin" : 263,
      "end" : 268,
      "text" : "seems",
      "whiteSpace" : false
    }, {
      "id" : "s2-t2",
      "begin" : 269,
      "end" : 273,
      "text" : "much",
      "whiteSpace" : false
    }, {
      "id" : "s2-t3",
      "begin" : 274,
      "end" : 278,
      "text" : "more",
      "whiteSpace" : false
    }, {
      "id" : "s2-t4",
      "begin" : 279,
      "end" : 287,
      "text" : "smoother",
      "whiteSpace" : false
    }, {
      "id" : "s2-t5",
      "begin" : 287,
      "end" : 288,
      "text" : ",",
      "whiteSpace" : false
    }, {
      "id" : "s2-t6",
      "begin" : 289,
      "end" : 292,
      "text" : "but",
      "whiteSpace" : false
    }, {
      "id" : "s2-t7",
      "begin" : 293,
      "end" : 296,
      "text" : "the",
      "whiteSpace" : false
    }, {
      "id" : "s2-t8",
      "begin" : 297,
      "end" : 302,
      "text" : "taste",
      "whiteSpace" : false
    }, {
      "id" : "s2-t9",
      "begin" : 303,
      "end" : 308,
      "text" : "still",
      "whiteSpace" : false
    }, {
      "id" : "s2-t10",
      "begin" : 309,
      "end" : 316,
      "text" : "retains",
      "whiteSpace" : false
    }, {
      "id" : "s2-t11",
      "begin" : 317,
      "end" : 318,
      "text" : "a",
      "whiteSpace" : false
    }, {
      "id" : "s2-t12",
      "begin" : 319,
      "end" : 323,
      "text" : "nice",
      "whiteSpace" : false
    }, {
      "id" : "s2-t13",
      "begin" : 324,
      "end" : 328,
      "text" : "warm",
      "whiteSpace" : false
    }, {
      "id" : "s2-t14",
      "begin" : 329,
      "end" : 335,
      "text" : "mellow",
      "whiteSpace" : false
    }, {
      "id" : "s2-t15",
      "begin" : 335,
      "end" : 336,
      "text" : "-",
      "whiteSpace" : false
    }, {
      "id" : "s2-t16",
      "begin" : 336,
      "end" : 340,
      "text" : "bold",
      "whiteSpace" : false
    }, {
      "id" : "s2-t17",
      "begin" : 341,
      "end" : 347,
      "text" : "flavor",
      "whiteSpace" : false
    }, {
      "id" : "s2-t18",
      "begin" : 347,
      "end" : 348,
      "text" : ".",
      "whiteSpace" : false
    } ]
  }, {
    "id" : "s3",
    "begin" : 350,
    "end" : 377,
    "text" : "Great way to start the day!",
    "tokens" : [ {
      "id" : "s3-t0",
      "begin" : 350,
      "end" : 355,
      "text" : "Great",
      "whiteSpace" : false
    }, {
      "id" : "s3-t1",
      "begin" : 356,
      "end" : 359,
      "text" : "way",
      "whiteSpace" : false
    }, {
      "id" : "s3-t2",
      "begin" : 360,
      "end" : 362,
      "text" : "to",
      "whiteSpace" : false
    }, {
      "id" : "s3-t3",
      "begin" : 363,
      "end" : 368,
      "text" : "start",
      "whiteSpace" : false
    }, {
      "id" : "s3-t4",
      "begin" : 369,
      "end" : 372,
      "text" : "the",
      "whiteSpace" : false
    }, {
      "id" : "s3-t5",
      "begin" : 373,
      "end" : 376,
      "text" : "day",
      "whiteSpace" : false
    }, {
      "id" : "s3-t6",
      "begin" : 376,
      "end" : 377,
      "text" : "!",
      "whiteSpace" : false
    } ]
  }, {
    "id" : "s4",
    "begin" : 379,
    "end" : 420,
    "text" : "Oh, and I love the name of this coffee ;)",
    "tokens" : [ {
      "id" : "s4-t0",
      "begin" : 379,
      "end" : 381,
      "text" : "Oh",
      "whiteSpace" : false
    }, {
      "id" : "s4-t1",
      "begin" : 381,
      "end" : 382,
      "text" : ",",
      "whiteSpace" : false
    }, {
      "id" : "s4-t2",
      "begin" : 383,
      "end" : 386,
      "text" : "and",
      "whiteSpace" : false
    }, {
      "id" : "s4-t3",
      "begin" : 387,
      "end" : 388,
      "text" : "I",
      "whiteSpace" : false
    }, {
      "id" : "s4-t4",
      "begin" : 389,
      "end" : 393,
      "text" : "love",
      "whiteSpace" : false
    }, {
      "id" : "s4-t5",
      "begin" : 394,
      "end" : 397,
      "text" : "the",
      "whiteSpace" : false
    }, {
      "id" : "s4-t6",
      "begin" : 398,
      "end" : 402,
      "text" : "name",
      "whiteSpace" : false
    }, {
      "id" : "s4-t7",
      "begin" : 403,
      "end" : 405,
      "text" : "of",
      "whiteSpace" : false
    }, {
      "id" : "s4-t8",
      "begin" : 406,
      "end" : 410,
      "text" : "this",
      "whiteSpace" : false
    }, {
      "id" : "s4-t9",
      "begin" : 411,
      "end" : 417,
      "text" : "coffee",
      "whiteSpace" : false
    }, {
      "id" : "s4-t10",
      "begin" : 418,
      "end" : 419,
      "text" : ";",
      "whiteSpace" : false
    }, {
      "id" : "s4-t11",
      "begin" : 419,
      "end" : 420,
      "text" : ")",
      "whiteSpace" : false
    } ]
  } ],
  "mentions" : [ {
    "id" : "s0-m2",
    "properties" : {
      "SIRE_MENTION_ROLE" : "Brand",
      "SIRE_ENTITY_SUBTYPE" : "NONE",
      "SIRE_MENTION_TYPE" : "NONE",
      "SIRE_MENTION_CLASS" : "SPC"
    },
    "type" : "Brand",
    "begin" : 45,
    "end" : 60,
    "inCoref" : true
  }, {
    "id" : "s0-m3",
    "properties" : {
      "SIRE_MENTION_ROLE" : "Attribute",
      "SIRE_ENTITY_SUBTYPE" : "NONE",
      "SIRE_MENTION_TYPE" : "NONE",
      "SIRE_MENTION_CLASS" : "SPC"
    },
    "type" : "Attribute",
    "begin" : 61,
    "end" : 65,
    "inCoref" : true
  }, {
    "id" : "s0-m4",
    "properties" : {
      "SIRE_MENTION_ROLE" : "Brand",
      "SIRE_ENTITY_SUBTYPE" : "NONE",
      "SIRE_MENTION_TYPE" : "NONE",
      "SIRE_MENTION_CLASS" : "SPC"
    },
    "type" : "Brand",
    "begin" : 105,
    "end" : 114,
    "inCoref" : true
  }, {
    "id" : "s0-m5",
    "properties" : {
      "SIRE_MENTION_ROLE" : "Brand",
      "SIRE_ENTITY_SUBTYPE" : "NONE",
      "SIRE_MENTION_TYPE" : "NONE",
      "SIRE_MENTION_CLASS" : "SPC"
    },
    "type" : "Brand",
    "begin" : 141,
    "end" : 154,
    "inCoref" : false
  }, {
    "id" : "s1-m1",
    "properties" : {
      "SIRE_MENTION_ROLE" : "Product",
      "SIRE_ENTITY_SUBTYPE" : "NONE",
      "SIRE_MENTION_TYPE" : "NONE",
      "SIRE_MENTION_CLASS" : "SPC"
    },
    "type" : "Product",
    "begin" : 223,
    "end" : 227,
    "inCoref" : true
  }, {
    "id" : "s1-m2",
    "properties" : {
      "SIRE_MENTION_ROLE" : "Product",
      "SIRE_ENTITY_SUBTYPE" : "NONE",
      "SIRE_MENTION_TYPE" : "NONE",
      "SIRE_MENTION_CLASS" : "SPC"
    },
    "type" : "Attribute",
    "begin" : 253,
    "end" : 257,
    "inCoref" : true
  }, {
    "id" : "s2-m1",
    "properties" : {
      "SIRE_MENTION_ROLE" : "Product",
      "SIRE_ENTITY_SUBTYPE" : "NONE",
      "SIRE_MENTION_TYPE" : "NONE",
      "SIRE_MENTION_CLASS" : "SPC"
    },
    "type" : "Product",
    "begin" : 260,
    "end" : 262,
    "inCoref" : true
  }, {
    "id" : "s4-m1",
    "properties" : {
      "SIRE_MENTION_ROLE" : "Product",
      "SIRE_ENTITY_SUBTYPE" : "NONE",
      "SIRE_MENTION_TYPE" : "NONE",
      "SIRE_MENTION_CLASS" : "SPC"
    },
    "type" : "Product",
    "begin" : 411,
    "end" : 417,
    "inCoref" : true
  } ],
  "relations" : [ ],
  "corefs" : [ {
    "id" : "c1",
    "properties" : { },
    "mentions" : [ "s0-m2", "s0-m4" ]
  }, {
    "id" : "c2",
    "properties" : { },
    "mentions" : [ "s0-m3", "s1-m2" ]
  }, {
    "id" : "c3",
    "properties" : { },
    "mentions" : [ "s1-m1", "s2-m1", "s4-m1" ]
  } ],
  "typeResolved" : true,
  "userResolved" : false
}